iteration,strategy,action_id,family,reward,fidelity,valid,approved_value,detection_rate,mean_risk_score,event_count,novel_evasion,value_term,evasion_term,detection_cost_term,resource_cost_term,novelty_term,validity_term,pre_fidelity_reward,defender_seed,condition,replicate,pool_seed,arena_seed,variants_per_family,candidate_actions,campaign_budget
0,v2_independent_pool_r0,deepfake_account_takeover|1.93|2.1|0.68|0.61|0.56|0.8|0.81,deepfake_account_takeover,-0.16335987222985746,0.8597888012097761,True,0.0,1.0,0.9413177927572689,12,False,0.0,0.0,-0.16,-0.03,0.0,0.0,-0.19,20260812,independent_pool,0,20310812,20320812,20,120,72
1,v2_independent_pool_r0,ai_app_scam_mule|0.45|0.62|0.35|0.89|0.12|0.87|0.93,ai_app_scam_mule,-0.16347456867399823,0.8603924667052538,True,0.0,1.0,0.9412835453992147,12,False,0.0,0.0,-0.16,-0.03,0.0,0.0,-0.19,20260812,independent_pool,0,20310812,20320812,20,120,72
2,v2_independent_pool_r0,agentic_intent_hijack|1.54|0.52|0.53|0.05|0.93|0.74|0.93,agentic_intent_hijack,-0.17420642696706762,0.916875931405619,True,0.0,1.0,0.9397402631328715,12,False,0.0,0.0,-0.16,-0.03,0.0,0.0,-0.19,20260812,independent_pool,0,20310812,20320812,20,120,72
3,v2_independent_pool_r0,adaptive_card_testing|0.71|1.45|0.17|0.05|0.98|0.95|0.85,adaptive_card_testing,-0.18990279788274958,0.9994884099092083,True,0.0,1.0,0.9021087927419512,12,False,0.0,0.0,-0.16,-0.03,0.0,0.0,-0.19,20260812,independent_pool,0,20310812,20320812,20,120,72
4,v2_independent_pool_r0,synthetic_identity_bustout|1.88|2.1|0.18|0.5|0.65|0.74|0.84,synthetic_identity_bustout,-0.18316560675176924,0.9640295092198381,True,0.0,1.0,0.9064276026901773,12,False,0.0,0.0,-0.16,-0.03,0.0,0.0,-0.19,20260812,independent_pool,0,20310812,20320812,20,120,72
5,v2_independent_pool_r0,fake_merchant_collusion|1.54|0.64|0.18|0.28|0.98|0.98|0.6,fake_merchant_collusion,-0.18951760322024216,0.997461069580222,True,0.0,1.0,0.9088305049544844,12,False,0.0,0.0,-0.16,-0.03,0.0,0.0,-0.19,20260812,independent_pool,0,20310812,20320812,20,120,72
6,v2_independent_pool_r0,deepfake_account_takeover|0.45|1.03|0.62|0.62|0.28|0.72|0.56,deepfake_account_takeover,-0.1727603434778722,0.9092649656730115,True,0.0,1.0,0.9344180236641009,12,False,0.0,0.0,-0.16,-0.03,0.0,0.0,-0.19,20260812,independent_pool,0,20310812,20320812,20,120,72
7,v2_independent_pool_r0,synthetic_identity_bustout|1.31|0.66|0.13|0.05|0.05|0.98|0.82,synthetic_identity_bustout,-0.1788770412428082,0.9414581118042538,True,0.0,1.0,0.8942447476902929,12,False,0.0,0.0,-0.16,-0.03,0.0,0.0,-0.19,20260812,independent_pool,0,20310812,20320812,20,120,72
8,v2_independent_pool_r0,agentic_intent_hijack|1.01|1.95|0.14|0.22|0.45|0.96|0.68,agentic_intent_hijack,-0.16926579728723393,0.8908726173012311,True,0.0,1.0,0.9109626177206313,12,False,0.0,0.0,-0.16,-0.03,0.0,0.0,-0.19,20260812,independent_pool,0,20310812,20320812,20,120,72
9,v2_independent_pool_r0,ai_app_scam_mule|1.63|1.01|0.18|0.93|0.21|0.73|0.92,ai_app_scam_mule,-0.16439467792449597,0.8652351469710314,True,0.0,1.0,0.9403401646545065,12,False,0.0,0.0,-0.16,-0.03,0.0,0.0,-0.19,20260812,independent_pool,0,20310812,20320812,20,120,72
10,v2_independent_pool_r0,adaptive_card_testing|1.77|1.93|0.42|0.05|0.5|0.59|0.49,adaptive_card_testing,-0.18406583025658982,0.9687675276662622,True,0.0,1.0,0.8712069757806025,12,False,0.0,0.0,-0.16,-0.03,0.0,0.0,-0.19,20260812,independent_pool,0,20310812,20320812,20,120,72
11,v2_independent_pool_r0,fake_merchant_collusion|0.67|1.1|0.57|0.05|0.83|0.68|0.89,fake_merchant_collusion,-0.18620414091846677,0.9800217943077199,True,0.0,1.0,0.9084476625513748,12,False,0.0,0.0,-0.16,-0.03,0.0,0.0,-0.19,20260812,independent_pool,0,20310812,20320812,20,120,72
12,v2_independent_pool_r0,deepfake_account_takeover|1.7|0.98|0.47|0.33|0.05|0.95|0.7,deepfake_account_takeover,-0.15495127758222382,0.8155330399064411,True,0.0,1.0,0.9362134421612773,12,False,0.0,0.0,-0.16,-0.03,0.0,0.0,-0.19,20260812,independent_pool,0,20310812,20320812,20,120,72
13,v2_independent_pool_r0,adaptive_card_testing|0.82|0.67|0.22|0.37|0.35|0.44|0.77,adaptive_card_testing,-0.17992576828556958,0.9469777278187872,True,0.0,1.0,0.8857159215976376,12,False,0.0,0.0,-0.16,-0.03,0.0,0.0,-0.19,20260812,independent_pool,0,20310812,20320812,20,120,72
14,v2_independent_pool_r0,ai_app_scam_mule|1.33|0.78|0.05|0.53|0.74|0.5|0.63,ai_app_scam_mule,-0.16619780608956045,0.8747252952082128,True,0.0,1.0,0.9415260961651367,12,False,0.0,0.0,-0.16,-0.03,0.0,0.0,-0.19,20260812,independent_pool,0,20310812,20320812,20,120,72
15,v2_independent_pool_r0,agentic_intent_hijack|0.59|1.0|0.66|0.17|0.86|0.47|0.66,agentic_intent_hijack,-0.17272142635136978,0.9090601386914199,True,0.0,1.0,0.9290014438526137,12,False,0.0,0.0,-0.16,-0.03,0.0,0.0,-0.19,20260812,independent_pool,0,20310812,20320812,20,120,72
16,v2_independent_pool_r0,agentic_intent_hijack|2.2|1.69|0.42|0.05|0.39|0.75|0.98,agentic_intent_hijack,-0.1726464534050707,0.9086655442372142,True,0.0,1.0,0.9099216320357226,12,False,0.0,0.0,-0.16,-0.03,0.0,0.0,-0.19,20260812,independent_pool,0,20310812,20320812,20,120,72
17,v2_independent_pool_r0,adaptive_card_testing|1.07|0.72|0.51|0.1|0.31|0.96|0.45,adaptive_card_testing,-0.18446813265587997,0.9708849087151576,True,0.0,1.0,0.9026674589344458,12,False,0.0,0.0,-0.16,-0.03,0.0,0.0,-0.19,20260812,independent_pool,0,20310812,20320812,20,120,72
18,v2_independent_pool_r0,synthetic_identity_bustout|0.71|2.1|0.46|0.23|0.68|0.9|0.78,synthetic_identity_bustout,-0.18827347651364087,0.9909130342823204,True,0.0,1.0,0.9074786663573157,12,False,0.0,0.0,-0.16,-0.03,0.0,0.0,-0.19,20260812,independent_pool,0,20310812,20320812,20,120,72
19,v2_independent_pool_r0,deepfake_account_takeover|2.2|1.4|0.66|0.42|0.28|0.52|0.76,deepfake_account_takeover,-0.16280586922505194,0.8568729959213259,True,0.0,1.0,0.9392002297540821,12,False,0.0,0.0,-0.16,-0.03,0.0,0.0,-0.19,20260812,independent_pool,0,20310812,20320812,20,120,72
20,v2_independent_pool_r0,ai_app_scam_mule|0.55|0.97|0.3|0.98|0.21|0.68|0.43,ai_app_scam_mule,-0.16712855999999998,0.879624,True,0.0,1.0,0.9382201011657921,12,False,0.0,0.0,-0.16,-0.03,0.0,0.0,-0.19,20260812,independent_pool,0,20310812,20320812,20,120,72
21,v2_independent_pool_r0,adaptive_card_testing|1.05|1.85|0.05|0.05|0.41|0.31|0.66,adaptive_card_testing,-0.1831676,0.96404,True,0.0,1.0,0.8535510803470866,12,False,0.0,0.0,-0.16,-0.03,0.0,0.0,-0.19,20260812,independent_pool,0,20310812,20320812,20,120,72
22,v2_independent_pool_r0,fake_merchant_collusion|1.27|1.19|0.48|0.05|0.61|0.38|0.64,fake_merchant_collusion,-0.18724474762572252,0.985498671714329,True,0.0,1.0,0.9097654738914335,12,False,0.0,0.0,-0.16,-0.03,0.0,0.0,-0.19,20260812,independent_pool,0,20310812,20320812,20,120,72
23,v2_independent_pool_r0,ai_app_scam_mule|1.05|2.1|0.34|0.53|0.21|0.72|0.79,ai_app_scam_mule,-0.1619676362341796,0.8524612433377873,True,0.0,1.0,0.9233394637177547,12,False,0.0,0.0,-0.16,-0.03,0.0,0.0,-0.19,20260812,independent_pool,0,20310812,20320812,20,120,72
24,v2_independent_pool_r0,synthetic_identity_bustout|1.31|0.66|0.13|0.05|0.05|0.98|0.82,synthetic_identity_bustout,-0.17697704124280825,0.9314581118042539,True,0.0,1.0,0.9084343521863091,12,False,0.0,0.0,-0.16,-0.03,0.0,0.0,-0.19,20260812,independent_pool,0,20310812,20320812,20,120,72
25,v2_independent_pool_r0,deepfake_account_takeover|0.62|1.02|0.78|0.34|0.84|0.63|0.56,deepfake_account_takeover,-0.1712977373824577,0.9015670388550405,True,0.0,1.0,0.9370666844387775,12,False,0.0,0.0,-0.16,-0.03,0.0,0.0,-0.19,20260812,independent_pool,0,20310812,20320812,20,120,72
26,v2_independent_pool_r0,deepfake_account_takeover|1.02|0.74|0.35|0.84|0.52|0.94|0.77,deepfake_account_takeover,-0.1682595531937444,0.8855765957565495,True,0.0,1.0,0.9385143713381736,12,False,0.0,0.0,-0.16,-0.03,0.0,0.0,-0.19,20260812,independent_pool,0,20310812,20320812,20,120,72
27,v2_independent_pool_r0,agentic_intent_hijack|1.01|1.95|0.14|0.22|0.45|0.96|0.68,agentic_intent_hijack,-0.17320920271276605,0.9116273826987686,True,0.0,1.0,0.9086430295820324,12,False,0.0,0.0,-0.16,-0.03,0.0,0.0,-0.19,20260812,independent_pool,0,20310812,20320812,20,120,72
28,v2_independent_pool_r0,ai_app_scam_mule|0.45|0.62|0.35|0.89|0.12|0.87|0.93,ai_app_scam_mule,-0.1696495686739982,0.8928924667052537,True,0.0,1.0,0.9424514586741832,12,False,0.0,0.0,-0.16,-0.03,0.0,0.0,-0.19,20260812,independent_pool,0,20310812,20320812,20,120,72
29,v2_independent_pool_r0,agentic_intent_hijack|1.54|0.52|0.53|0.05|0.93|0.74|0.93,agentic_intent_hijack,-0.1730185730329324,0.9106240685943809,True,0.0,1.0,0.9446988839844829,12,False,0.0,0.0,-0.16,-0.03,0.0,0.0,-0.19,20260812,independent_pool,0,20310812,20320812,20,120,72
30,v2_independent_pool_r0,adaptive_card_testing|1.07|0.72|0.51|0.1|0.31|0.96|0.45,adaptive_card_testing,-0.17971813265587996,0.9458849087151576,True,0.0,1.0,0.9190176108676384,12,False,0.0,0.0,-0.16,-0.03,0.0,0.0,-0.19,20260812,independent_pool,0,20310812,20320812,20,120,72
31,v2_independent_pool_r0,fake_merchant_collusion|0.91|0.58|0.05|0.05|0.82|0.61|0.76,fake_merchant_collusion,-0.1869676,0.98404,True,0.0,1.0,0.9134200125551805,12,False,0.0,0.0,-0.16,-0.03,0.0,0.0,-0.19,20260812,independent_pool,0,20310812,20320812,20,120,72
32,v2_independent_pool_r0,deepfake_account_takeover|0.86|0.98|0.98|0.32|0.45|0.63|0.73,deepfake_account_takeover,-0.16380356,0.8621239999999999,True,0.0,1.0,0.9399157230241105,12,False,0.0,0.0,-0.16,-0.03,0.0,0.0,-0.19,20260812,independent_pool,0,20310812,20320812,20,120,72
33,v2_independent_pool_r0,ai_app_scam_mule|1.33|0.78|0.05|0.53|0.74|0.5|0.63,ai_app_scam_mule,-0.17142280608956043,0.9022252952082128,True,0.0,1.0,0.9400285115176773,12,False,0.0,0.0,-0.16,-0.03,0.0,0.0,-0.19,20260812,independent_pool,0,20310812,20320812,20,120,72
34,v2_independent_pool_r0,synthetic_identity_bustout|0.45|0.91|0.3|0.19|0.58|0.76|0.61,synthetic_identity_bustout,-0.18551477583655523,0.9763935570345013,True,0.0,1.0,0.9036947065442583,12,False,0.0,0.0,-0.16,-0.03,0.0,0.0,-0.19,20260812,independent_pool,0,20310812,20320812,20,120,72
35,v2_independent_pool_r0,deepfake_account_takeover|1.92|0.89|0.65|0.71|0.43|0.62|0.75,deepfake_account_takeover,-0.17408710883985976,0.9162479412624198,True,0.0,1.0,0.9419130560583651,12,False,0.0,0.0,-0.16,-0.03,0.0,0.0,-0.19,20260812,independent_pool,0,20310812,20320812,20,120,72
36,v2_independent_pool_r0,adaptive_card_testing|0.71|1.45|0.17|0.05|0.98|0.95|0.85,adaptive_card_testing,-0.18914720211725042,0.9955115900907916,True,0.0,1.0,0.9073896324187872,12,False,0.0,0.0,-0.16,-0.03,0.0,0.0,-0.19,20260812,independent_pool,0,20310812,20320812,20,120,72
37,v2_independent_pool_r0,adaptive_card_testing|0.82|0.67|0.22|0.37|0.35|0.44|0.77,adaptive_card_testing,-0.1808757682855696,0.9519777278187873,True,0.0,1.0,0.911626993590017,12,False,0.0,0.0,-0.16,-0.03,0.0,0.0,-0.19,20260812,independent_pool,0,20310812,20320812,20,120,72
38,v2_independent_pool_r0,synthetic_identity_bustout|1.88|2.1|0.18|0.5|0.65|0.74|0.84,synthetic_identity_bustout,-0.18079060675176925,0.9515295092198381,True,0.0,1.0,0.9209067373261021,12,False,0.0,0.0,-0.16,-0.03,0.0,0.0,-0.19,20260812,independent_pool,0,20310812,20320812,20,120,72
39,v2_independent_pool_r0,ai_app_scam_mule|1.16|1.54|0.51|0.83|0.28|0.94|0.78,ai_app_scam_mule,-0.1707663694406704,0.8987703654772126,True,0.0,1.0,0.9398596176874139,12,False,0.0,0.0,-0.16,-0.03,0.0,0.0,-0.19,20260812,independent_pool,0,20310812,20320812,20,120,72
40,v2_independent_pool_r0,fake_merchant_collusion|1.54|0.64|0.18|0.28|0.98|0.98|0.6,fake_merchant_collusion,-0.18951760322024216,0.997461069580222,True,0.0,1.0,0.9223228657569814,12,False,0.0,0.0,-0.16,-0.03,0.0,0.0,-0.19,20260812,independent_pool,0,20310812,20320812,20,120,72
41,v2_independent_pool_r0,agentic_intent_hijack|2.2|1.69|0.42|0.05|0.39|0.75|0.98,agentic_intent_hijack,-0.17074645340507072,0.8986655442372142,True,0.0,1.0,0.8961297105455867,12,False,0.0,0.0,-0.16,-0.03,0.0,0.0,-0.19,20260812,independent_pool,0,20310812,20320812,20,120,72
42,v2_independent_pool_r0,ai_app_scam_mule|1.33|0.78|0.05|0.53|0.74|0.5|0.63,ai_app_scam_mule,-0.17189780608956046,0.9047252952082129,True,0.0,1.0,0.9426738400319233,12,False,0.0,0.0,-0.16,-0.03,0.0,0.0,-0.19,20260812,independent_pool,0,20310812,20320812,20,120,72
43,v2_independent_pool_r0,ai_app_scam_mule|0.45|0.62|0.35|0.89|0.12|0.87|0.93,ai_app_scam_mule,-0.16727456867399823,0.8803924667052538,True,0.0,1.0,0.9396409521000423,12,False,0.0,0.0,-0.16,-0.03,0.0,0.0,-0.19,20260812,independent_pool,0,20310812,20320812,20,120,72
44,v2_independent_pool_r0,deepfake_account_takeover|1.02|0.74|0.35|0.84|0.52|0.94|0.77,deepfake_account_takeover,-0.17015955319374437,0.8955765957565494,True,0.0,1.0,0.9405930593482047,12,False,0.0,0.0,-0.16,-0.03,0.0,0.0,-0.19,20260812,independent_pool,0,20310812,20320812,20,120,72
45,v2_independent_pool_r0,agentic_intent_hijack|0.59|1.0|0.66|0.17|0.86|0.47|0.66,agentic_intent_hijack,-0.17462142635136974,0.9190601386914197,True,0.0,1.0,0.934886525654866,12,False,0.0,0.0,-0.16,-0.03,0.0,0.0,-0.19,20260812,independent_pool,0,20310812,20320812,20,120,72
46,v2_independent_pool_r0,adaptive_card_testing|1.05|1.85|0.05|0.05|0.41|0.31|0.66,adaptive_card_testing,-0.1831676,0.96404,True,0.0,1.0,0.8792554905606863,12,False,0.0,0.0,-0.16,-0.03,0.0,0.0,-0.19,20260812,independent_pool,0,20310812,20320812,20,120,72
47,v2_independent_pool_r0,synthetic_identity_bustout|1.31|0.66|0.13|0.05|0.05|0.98|0.82,synthetic_identity_bustout,-0.17745204124280822,0.9339581118042538,True,0.0,1.0,0.8974389224743894,12,False,0.0,0.0,-0.16,-0.03,0.0,0.0,-0.19,20260812,independent_pool,0,20310812,20320812,20,120,72
48,v2_independent_pool_r0,ai_app_scam_mule|0.55|0.97|0.3|0.98|0.21|0.68|0.43,ai_app_scam_mule,-0.16760355999999998,0.8821239999999999,True,0.0,1.0,0.9400812266009653,12,False,0.0,0.0,-0.16,-0.03,0.0,0.0,-0.19,20260812,independent_pool,0,20310812,20320812,20,120,72
49,v2_independent_pool_r0,fake_merchant_collusion|0.45|0.68|0.33|0.35|0.52|0.88|0.81,fake_merchant_collusion,-0.1886499969928515,0.9928947210150079,True,0.0,1.0,0.8963762573422502,12,False,0.0,0.0,-0.16,-0.03,0.0,0.0,-0.19,20260812,independent_pool,0,20310812,20320812,20,120,72
50,v2_independent_pool_r0,deepfake_account_takeover|0.86|0.98|0.98|0.32|0.45|0.63|0.73,deepfake_account_takeover,-0.16902856,0.889624,True,0.0,1.0,0.936886797648417,12,False,0.0,0.0,-0.16,-0.03,0.0,0.0,-0.19,20260812,independent_pool,0,20310812,20320812,20,120,72
51,v2_independent_pool_r0,agentic_intent_hijack|1.54|0.52|0.53|0.05|0.93|0.74|0.93,agentic_intent_hijack,-0.1744435730329324,0.918124068594381,True,0.0,1.0,0.9362877682191231,12,False,0.0,0.0,-0.16,-0.03,0.0,0.0,-0.19,20260812,independent_pool,0,20310812,20320812,20,120,72
52,v2_independent_pool_r0,adaptive_card_testing|1.07|0.72|0.51|0.1|0.31|0.96|0.45,adaptive_card_testing,-0.18019313265587997,0.9483849087151577,True,0.0,1.0,0.9150223592275631,12,False,0.0,0.0,-0.16,-0.03,0.0,0.0,-0.19,20260812,independent_pool,0,20310812,20320812,20,120,72
53,v2_independent_pool_r0,agentic_intent_hijack|1.42|1.53|0.56|0.42|0.71|0.8|0.54,agentic_intent_hijack,-0.17244245256082966,0.9075918555833139,True,0.0,1.0,0.9407204553779472,12,False,0.0,0.0,-0.16,-0.03,0.0,0.0,-0.19,20260812,independent_pool,0,20310812,20320812,20,120,72
54,v2_independent_pool_r0,ai_app_scam_mule|1.16|1.54|0.51|0.83|0.28|0.94|0.78,ai_app_scam_mule,-0.1702913694406704,0.8962703654772125,True,0.0,1.0,0.9360973948688929,12,False,0.0,0.0,-0.16,-0.03,0.0,0.0,-0.19,20260812,independent_pool,0,20310812,20320812,20,120,72
55,v2_independent_pool_r0,ai_app_scam_mule|1.33|0.78|0.05|0.53|0.74|0.5|0.63,ai_app_scam_mule,-0.17427280608956042,0.9172252952082127,True,0.0,1.0,0.9398361104778448,12,False,0.0,0.0,-0.16,-0.03,0.0,0.0,-0.19,20260812,independent_pool,0,20310812,20320812,20,120,72
56,v2_independent_pool_r0,adaptive_card_testing|0.71|1.45|0.17|0.05|0.98|0.95|0.85,adaptive_card_testing,-0.1877222021172504,0.9880115900907916,True,0.0,1.0,0.8795856202660016,12,False,0.0,0.0,-0.16,-0.03,0.0,0.0,-0.19,20260812,independent_pool,0,20310812,20320812,20,120,72
57,v2_independent_pool_r0,deepfake_account_takeover|1.93|2.1|0.68|0.61|0.56|0.8|0.81,deepfake_account_takeover,-0.16296512777014252,0.8577111987902238,True,0.0,1.0,0.9424657971335236,12,False,0.0,0.0,-0.16,-0.03,0.0,0.0,-0.19,20260812,independent_pool,0,20310812,20320812,20,120,72
58,v2_independent_pool_r0,adaptive_card_testing|0.69|0.69|0.33|0.57|0.67|0.59|0.66,adaptive_card_testing,-0.18711775223127092,0.9848302749014259,True,0.0,1.0,0.9325797326346147,12,False,0.0,0.0,-0.16,-0.03,0.0,0.0,-0.19,20260812,independent_pool,0,20310812,20320812,20,120,72
59,v2_independent_pool_r0,agentic_intent_hijack|1.01|1.95|0.14|0.22|0.45|0.96|0.68,agentic_intent_hijack,-0.16831579728723395,0.8858726173012312,True,0.0,1.0,0.9084193560906089,12,False,0.0,0.0,-0.16,-0.03,0.0,0.0,-0.19,20260812,independent_pool,0,20310812,20320812,20,120,72
60,v2_independent_pool_r0,fake_merchant_collusion|1.27|1.19|0.48|0.05|0.61|0.38|0.64,fake_merchant_collusion,-0.1843947476257225,0.9704986717143289,True,0.0,1.0,0.8935532779325869,12,False,0.0,0.0,-0.16,-0.03,0.0,0.0,-0.19,20260812,independent_pool,0,20310812,20320812,20,120,72
61,v2_independent_pool_r0,deepfake_account_takeover|0.62|1.02|0.78|0.34|0.84|0.63|0.56,deepfake_account_takeover,-0.17224773738245772,0.9065670388550406,True,0.0,1.0,0.9394183954609057,12,False,0.0,0.0,-0.16,-0.03,0.0,0.0,-0.19,20260812,independent_pool,0,20310812,20320812,20,120,72
62,v2_independent_pool_r0,synthetic_identity_bustout|1.88|2.1|0.18|0.5|0.65|0.74|0.84,synthetic_identity_bustout,-0.18839060675176925,0.9915295092198381,True,0.0,1.0,0.9084048028845303,12,False,0.0,0.0,-0.16,-0.03,0.0,0.0,-0.19,20260812,independent_pool,0,20310812,20320812,20,120,72
63,v2_independent_pool_r0,ai_app_scam_mule|0.45|0.62|0.35|0.89|0.12|0.87|0.93,ai_app_scam_mule,-0.1663245686739982,0.8753924667052537,True,0.0,1.0,0.9350743073090313,12,False,0.0,0.0,-0.16,-0.03,0.0,0.0,-0.19,20260812,independent_pool,0,20310812,20320812,20,120,72
64,v2_independent_pool_r0,deepfake_account_takeover|1.7|0.98|0.47|0.33|0.05|0.95|0.7,deepfake_account_takeover,-0.16207627758222382,0.8530330399064412,True,0.0,1.0,0.9354995113894661,12,False,0.0,0.0,-0.16,-0.03,0.0,0.0,-0.19,20260812,independent_pool,0,20310812,20320812,20,120,72
65,v2_independent_pool_r0,agentic_intent_hijack|1.54|0.52|0.53|0.05|0.93|0.74|0.93,agentic_intent_hijack,-0.1744435730329324,0.918124068594381,True,0.0,1.0,0.9376779691365651,12,False,0.0,0.0,-0.16,-0.03,0.0,0.0,-0.19,20260812,independent_pool,0,20310812,20320812,20,120,72
66,v2_independent_pool_r0,adaptive_card_testing|1.07|0.72|0.51|0.1|0.31|0.96|0.45,adaptive_card_testing,-0.17829313265587995,0.9383849087151577,True,0.0,1.0,0.9027670282401804,12,False,0.0,0.0,-0.16,-0.03,0.0,0.0,-0.19,20260812,independent_pool,0,20310812,20320812,20,120,72
67,v2_independent_pool_r0,deepfake_account_takeover|1.02|0.74|0.35|0.84|0.52|0.94|0.77,deepfake_account_takeover,-0.1668345531937444,0.8780765957565495,True,0.0,1.0,0.9406526897763877,12,False,0.0,0.0,-0.16,-0.03,0.0,0.0,-0.19,20260812,independent_pool,0,20310812,20320812,20,120,72
68,v2_independent_pool_r0,deepfake_account_takeover|0.62|1.02|0.78|0.34|0.84|0.63|0.56,deepfake_account_takeover,-0.16880226261754228,0.8884329611449593,True,0.0,1.0,0.9460174339190398,12,False,0.0,0.0,-0.16,-0.03,0.0,0.0,-0.19,20260812,independent_pool,0,20310812,20320812,20,120,72
69,v2_independent_pool_r0,ai_app_scam_mule|0.55|0.97|0.3|0.98|0.21|0.68|0.43,ai_app_scam_mule,-0.16997855999999997,0.8946239999999999,True,0.0,1.0,0.9357971608660985,12,False,0.0,0.0,-0.16,-0.03,0.0,0.0,-0.19,20260812,independent_pool,0,20310812,20320812,20,120,72
70,v2_independent_pool_r0,ai_app_scam_mule|1.33|0.78|0.05|0.53|0.74|0.5|0.63,ai_app_scam_mule,-0.17427280608956047,0.9172252952082129,True,0.0,1.0,0.9410726614663272,12,False,0.0,0.0,-0.16,-0.03,0.0,0.0,-0.19,20260812,independent_pool,0,20310812,20320812,20,120,72
71,v2_independent_pool_r0,synthetic_identity_bustout|1.31|0.66|0.13|0.05|0.05|0.98|0.82,synthetic_identity_bustout,-0.17982704124280824,0.9464581118042539,True,0.0,1.0,0.8984324114626717,12,False,0.0,0.0,-0.16,-0.03,0.0,0.0,-0.19,20260812,independent_pool,0,20310812,20320812,20,120,72
0,v2_independent_pool_r1,deepfake_account_takeover|2.03|0.74|0.56|0.78|0.48|0.77|0.98,deepfake_account_takeover,-0.17228539194946682,0.9067652207866674,True,0.0,1.0,0.9411391584376432,12,False,0.0,0.0,-0.16,-0.03,0.0,0.0,-0.19,20260812,independent_pool,1,20311821,20321825,20,120,72
1,v2_independent_pool_r1,agentic_intent_hijack|0.5|1.26|0.25|0.05|0.53|0.98|0.94,agentic_intent_hijack,-0.1670877937869596,0.8794094409839979,True,0.0,1.0,0.8941894659820749,12,False,0.0,0.0,-0.16,-0.03,0.0,0.0,-0.19,20260812,independent_pool,1,20311821,20321825,20,120,72
2,v2_independent_pool_r1,ai_app_scam_mule|0.68|0.45|0.27|0.9|0.27|0.57|0.65,ai_app_scam_mule,-0.16806542647051015,0.8845548761605797,True,0.0,1.0,0.9417534313514832,12,False,0.0,0.0,-0.16,-0.03,0.0,0.0,-0.19,20260812,independent_pool,1,20311821,20321825,20,120,72
3,v2_independent_pool_r1,fake_merchant_collusion|2.2|1.55|0.15|0.29|0.79|0.62|0.67,fake_merchant_collusion,-0.18322611874757164,0.9643479934082717,True,0.0,1.0,0.9129240304454465,12,False,0.0,0.0,-0.16,-0.03,0.0,0.0,-0.19,20260812,independent_pool,1,20311821,20321825,20,120,72
4,v2_independent_pool_r1,deepfake_account_takeover|0.81|2.1|0.65|0.77|0.45|0.82|0.51,deepfake_account_takeover,-0.17338978925894655,0.9125778382049818,True,0.0,1.0,0.9352572445119302,12,False,0.0,0.0,-0.16,-0.03,0.0,0.0,-0.19,20260812,independent_pool,1,20311821,20321825,20,120,72
5,v2_independent_pool_r1,synthetic_identity_bustout|0.6|0.45|0.23|0.21|0.47|0.9|0.64,synthetic_identity_bustout,-0.18296973484662604,0.9629986044559266,True,0.0,1.0,0.9277505275335157,12,False,0.0,0.0,-0.16,-0.03,0.0,0.0,-0.19,20260812,independent_pool,1,20311821,20321825,20,120,72
6,v2_independent_pool_r1,adaptive_card_testing|0.46|0.92|0.11|0.08|0.43|0.39|0.43,adaptive_card_testing,-0.18062577827401385,0.9506619909158623,True,0.0,1.0,0.8826616615901983,12,False,0.0,0.0,-0.16,-0.03,0.0,0.0,-0.19,20260812,independent_pool,1,20311821,20321825,20,120,72
7,v2_independent_pool_r1,synthetic_identity_bustout|1.58|1.82|0.05|0.05|0.57|0.71|0.98,synthetic_identity_bustout,-0.1831676,0.96404,True,0.0,1.0,0.9032439481279849,12,False,0.0,0.0,-0.16,-0.03,0.0,0.0,-0.19,20260812,independent_pool,1,20311821,20321825,20,120,72
8,v2_independent_pool_r1,agentic_intent_hijack|1.28|0.64|0.5|0.05|0.62|0.64|0.6,agentic_intent_hijack,-0.16754233527142437,0.881801764586444,True,0.0,1.0,0.9337178573476449,12,False,0.0,0.0,-0.16,-0.03,0.0,0.0,-0.19,20260812,independent_pool,1,20311821,20321825,20,120,72
9,v2_independent_pool_r1,ai_app_scam_mule|1.03|1.4|0.05|0.9|0.07|0.98|0.77,ai_app_scam_mule,-0.15947336628217915,0.8393335067483113,True,0.0,1.0,0.9419264453556259,12,False,0.0,0.0,-0.16,-0.03,0.0,0.0,-0.19,20260812,independent_pool,1,20311821,20321825,20,120,72
10,v2_independent_pool_r1,fake_merchant_collusion|0.46|1.33|0.27|0.63|0.74|0.63|0.6,fake_merchant_collusion,-0.18738087666533373,0.9862151403438617,True,0.0,1.0,0.8977074191932503,12,False,0.0,0.0,-0.16,-0.03,0.0,0.0,-0.19,20260812,independent_pool,1,20311821,20321825,20,120,72
11,v2_independent_pool_r1,ai_app_scam_mule|1.52|1.66|0.43|0.98|0.73|0.54|0.76,ai_app_scam_mule,-0.17107144,0.900376,True,0.0,1.0,0.9429391903582939,12,False,0.0,0.0,-0.16,-0.03,0.0,0.0,-0.19,20260812,independent_pool,1,20311821,20321825,20,120,72
12,v2_independent_pool_r1,deepfake_account_takeover|1.2|0.85|0.92|0.23|0.34|0.75|0.7,deepfake_account_takeover,-0.1645078086486067,0.8658305718347721,True,0.0,1.0,0.941310426147678,12,False,0.0,0.0,-0.16,-0.03,0.0,0.0,-0.19,20260812,independent_pool,1,20311821,20321825,20,120,72
13,v2_independent_pool_r1,agentic_intent_hijack|1.57|1.49|0.6|0.5|0.4|0.84|0.5,agentic_intent_hijack,-0.1715531700863351,0.9029114215070269,True,0.0,1.0,0.8741750254422934,12,False,0.0,0.0,-0.16,-0.03,0.0,0.0,-0.19,20260812,independent_pool,1,20311821,20321825,20,120,72
14,v2_independent_pool_r1,adaptive_card_testing|1.05|0.68|0.36|0.08|0.4|0.96|0.54,adaptive_card_testing,-0.18244685702358757,0.9602466159136188,True,0.0,1.0,0.9056675298633863,12,False,0.0,0.0,-0.16,-0.03,0.0,0.0,-0.19,20260812,independent_pool,1,20311821,20321825,20,120,72
15,v2_independent_pool_r1,deepfake_account_takeover|2.03|0.74|0.56|0.78|0.48|0.77|0.98,deepfake_account_takeover,-0.17161460805053316,0.9032347792133324,True,0.0,1.0,0.9417081799085273,12,False,0.0,0.0,-0.16,-0.03,0.0,0.0,-0.19,20260812,independent_pool,1,20311821,20321825,20,120,72
16,v2_independent_pool_r1,fake_merchant_collusion|0.75|0.66|0.45|0.05|0.95|0.72|0.94,fake_merchant_collusion,-0.1886378427325968,0.9928307512241936,True,0.0,1.0,0.9030485676209414,12,False,0.0,0.0,-0.16,-0.03,0.0,0.0,-0.19,20260812,independent_pool,1,20311821,20321825,20,120,72
17,v2_independent_pool_r1,ai_app_scam_mule|2.2|0.59|0.05|0.78|0.25|0.83|0.61,ai_app_scam_mule,-0.16041334443551247,0.8442807601869078,True,0.0,1.0,0.942631440827622,12,False,0.0,0.0,-0.16,-0.03,0.0,0.0,-0.19,20260812,independent_pool,1,20311821,20321825,20,120,72
18,v2_independent_pool_r1,synthetic_identity_bustout|1.06|0.97|0.24|0.2|0.15|0.51|0.98,synthetic_identity_bustout,-0.1795708752773815,0.9451098698809552,True,0.0,1.0,0.8986990773823528,12,False,0.0,0.0,-0.16,-0.03,0.0,0.0,-0.19,20260812,independent_pool,1,20311821,20321825,20,120,72
19,v2_independent_pool_r1,agentic_intent_hijack|0.74|0.73|0.19|0.05|0.98|0.63|0.89,agentic_intent_hijack,-0.1734515531041696,0.9129029110745768,True,0.0,1.0,0.9285406986311829,12,False,0.0,0.0,-0.16,-0.03,0.0,0.0,-0.19,20260812,independent_pool,1,20311821,20321825,20,120,72
20,v2_independent_pool_r1,adaptive_card_testing|1.2|1.28|0.5|0.05|0.77|0.45|0.63,adaptive_card_testing,-0.18509621713737429,0.9741906165124963,True,0.0,1.0,0.9110485819990486,12,False,0.0,0.0,-0.16,-0.03,0.0,0.0,-0.19,20260812,independent_pool,1,20311821,20321825,20,120,72
21,v2_independent_pool_r1,synthetic_identity_bustout|0.74|1.37|0.24|0.1|0.89|0.95|0.7,synthetic_identity_bustout,-0.18665160440801312,0.9823768653053322,True,0.0,1.0,0.9087289062395075,12,False,0.0,0.0,-0.16,-0.03,0.0,0.0,-0.19,20260812,independent_pool,1,20311821,20321825,20,120,72
22,v2_independent_pool_r1,fake_merchant_collusion|1.71|0.82|0.48|0.05|0.92|0.82|0.62,fake_merchant_collusion,-0.18534786421526314,0.9755150748171744,True,0.0,1.0,0.9046458585913628,12,False,0.0,0.0,-0.16,-0.03,0.0,0.0,-0.19,20260812,independent_pool,1,20311821,20321825,20,120,72
23,v2_independent_pool_r1,ai_app_scam_mule|1.52|1.66|0.43|0.98|0.73|0.54|0.76,ai_app_scam_mule,-0.17107144,0.900376,True,0.0,1.0,0.9460209373538038,12,False,0.0,0.0,-0.16,-0.03,0.0,0.0,-0.19,20260812,independent_pool,1,20311821,20321825,20,120,72
24,v2_independent_pool_r1,deepfake_account_takeover|0.81|2.1|0.65|0.77|0.45|0.82|0.51,deepfake_account_takeover,-0.17148978925894656,0.9025778382049818,True,0.0,1.0,0.9374923079949996,12,False,0.0,0.0,-0.16,-0.03,0.0,0.0,-0.19,20260812,independent_pool,1,20311821,20321825,20,120,72
25,v2_independent_pool_r1,agentic_intent_hijack|1.57|1.49|0.6|0.5|0.4|0.84|0.5,agentic_intent_hijack,-0.17329682991366485,0.9120885784929729,True,0.0,1.0,0.918163098743332,12,False,0.0,0.0,-0.16,-0.03,0.0,0.0,-0.19,20260812,independent_pool,1,20311821,20321825,20,120,72
26,v2_independent_pool_r1,ai_app_scam_mule|0.45|0.57|0.2|0.78|0.11|0.66|0.65,ai_app_scam_mule,-0.1646981380112412,0.8668323053223221,True,0.0,1.0,0.9407255897386805,12,False,0.0,0.0,-0.16,-0.03,0.0,0.0,-0.19,20260812,independent_pool,1,20311821,20321825,20,120,72
27,v2_independent_pool_r1,synthetic_identity_bustout|1.05|0.45|0.33|0.34|0.65|0.49|0.67,synthetic_identity_bustout,-0.18404699782263845,0.968668409592834,True,0.0,1.0,0.9101595233970188,12,False,0.0,0.0,-0.16,-0.03,0.0,0.0,-0.19,20260812,independent_pool,1,20311821,20321825,20,120,72
28,v2_independent_pool_r1,deepfake_account_takeover|0.78|0.66|0.55|0.37|0.84|0.61|0.58,deepfake_account_takeover,-0.17267033856556122,0.9087912556082169,True,0.0,1.0,0.9443250397233557,12,False,0.0,0.0,-0.16,-0.03,0.0,0.0,-0.19,20260812,independent_pool,1,20311821,20321825,20,120,72
29,v2_independent_pool_r1,adaptive_card_testing|1.56|1.17|0.05|0.15|0.5|0.81|0.59,adaptive_card_testing,-0.1833790397124411,0.9651528405917952,True,0.0,1.0,0.8775538404326122,12,False,0.0,0.0,-0.16,-0.03,0.0,0.0,-0.19,20260812,independent_pool,1,20311821,20321825,20,120,72
30,v2_independent_pool_r1,fake_merchant_collusion|1.11|0.97|0.69|0.34|0.81|0.95|0.64,fake_merchant_collusion,-0.18572055191926154,0.9774765890487449,True,0.0,1.0,0.9094434349283621,12,False,0.0,0.0,-0.16,-0.03,0.0,0.0,-0.19,20260812,independent_pool,1,20311821,20321825,20,120,72
31,v2_independent_pool_r1,agentic_intent_hijack|0.61|1.41|0.23|0.24|0.89|0.98|0.6,agentic_intent_hijack,-0.1738685071234223,0.915097405912749,True,0.0,1.0,0.9297874797898572,12,False,0.0,0.0,-0.16,-0.03,0.0,0.0,-0.19,20260812,independent_pool,1,20311821,20321825,20,120,72
32,v2_independent_pool_r1,ai_app_scam_mule|2.2|0.59|0.05|0.78|0.25|0.83|0.61,ai_app_scam_mule,-0.1642133444355125,0.8642807601869078,True,0.0,1.0,0.944957670955799,12,False,0.0,0.0,-0.16,-0.03,0.0,0.0,-0.19,20260812,independent_pool,1,20311821,20321825,20,120,72
33,v2_independent_pool_r1,deepfake_account_takeover|2.03|0.74|0.56|0.78|0.48|0.77|0.98,deepfake_account_takeover,-0.17303960805053317,0.9107347792133325,True,0.0,1.0,0.9406103400512297,12,False,0.0,0.0,-0.16,-0.03,0.0,0.0,-0.19,20260812,independent_pool,1,20311821,20321825,20,120,72
34,v2_independent_pool_r1,ai_app_scam_mule|1.03|0.62|0.62|0.59|0.47|0.69|0.79,ai_app_scam_mule,-0.17261472708774267,0.9084985636196983,True,0.0,1.0,0.9405997136223224,12,False,0.0,0.0,-0.16,-0.03,0.0,0.0,-0.19,20260812,independent_pool,1,20311821,20321825,20,120,72
35,v2_independent_pool_r1,synthetic_identity_bustout|0.98|0.66|0.45|0.58|0.59|0.84|0.55,synthetic_identity_bustout,-0.18554199229452903,0.9765368015501528,True,0.0,1.0,0.9156180336873389,12,False,0.0,0.0,-0.16,-0.03,0.0,0.0,-0.19,20260812,independent_pool,1,20311821,20321825,20,120,72
36,v2_independent_pool_r1,ai_app_scam_mule|1.52|1.66|0.43|0.98|0.73|0.54|0.76,ai_app_scam_mule,-0.17472856,0.919624,True,0.0,1.0,0.9486348910567938,12,False,0.0,0.0,-0.16,-0.03,0.0,0.0,-0.19,20260812,independent_pool,1,20311821,20321825,20,120,72
37,v2_independent_pool_r1,fake_merchant_collusion|1.18|0.85|0.13|0.05|0.98|0.72|0.43,fake_merchant_collusion,-0.18933325745454593,0.9964908287081364,True,0.0,1.0,0.9003514505675662,12,False,0.0,0.0,-0.16,-0.03,0.0,0.0,-0.19,20260812,independent_pool,1,20311821,20321825,20,120,72
38,v2_independent_pool_r1,agentic_intent_hijack|0.74|0.73|0.19|0.05|0.98|0.63|0.89,agentic_intent_hijack,-0.1723484468958304,0.9070970889254231,True,0.0,1.0,0.9342180832591653,12,False,0.0,0.0,-0.16,-0.03,0.0,0.0,-0.19,20260812,independent_pool,1,20311821,20321825,20,120,72
39,v2_independent_pool_r1,deepfake_account_takeover|1.2|0.85|0.92|0.23|0.34|0.75|0.7,deepfake_account_takeover,-0.1664078086486067,0.8758305718347721,True,0.0,1.0,0.9391750236183153,12,False,0.0,0.0,-0.16,-0.03,0.0,0.0,-0.19,20260812,independent_pool,1,20311821,20321825,20,120,72
40,v2_independent_pool_r1,synthetic_identity_bustout|1.58|1.82|0.05|0.05|0.57|0.71|0.98,synthetic_identity_bustout,-0.1855426,0.97654,True,0.0,1.0,0.8961326944365879,12,False,0.0,0.0,-0.16,-0.03,0.0,0.0,-0.19,20260812,independent_pool,1,20311821,20321825,20,120,72
41,v2_independent_pool_r1,adaptive_card_testing|1.71|0.92|0.46|0.24|0.51|0.35|0.61,adaptive_card_testing,-0.18745789391400106,0.986620494284216,True,0.0,1.0,0.8972647181408676,12,False,0.0,0.0,-0.16,-0.03,0.0,0.0,-0.19,20260812,independent_pool,1,20311821,20321825,20,120,72
42,v2_independent_pool_r1,agentic_intent_hijack|0.5|1.26|0.25|0.05|0.53|0.98|0.94,agentic_intent_hijack,-0.16613779378695961,0.874409440983998,True,0.0,1.0,0.9172312939665148,12,False,0.0,0.0,-0.16,-0.03,0.0,0.0,-0.19,20260812,independent_pool,1,20311821,20321825,20,120,72
43,v2_independent_pool_r1,fake_merchant_collusion|0.46|1.33|0.27|0.63|0.74|0.63|0.6,fake_merchant_collusion,-0.18928087666533372,0.9962151403438617,True,0.0,1.0,0.9018668215672679,12,False,0.0,0.0,-0.16,-0.03,0.0,0.0,-0.19,20260812,independent_pool,1,20311821,20321825,20,120,72
44,v2_independent_pool_r1,ai_app_scam_mule|0.85|0.45|0.24|0.79|0.05|0.98|0.73,ai_app_scam_mule,-0.16932303564993703,0.8911738718417739,True,0.0,1.0,0.9382929257990416,12,False,0.0,0.0,-0.16,-0.03,0.0,0.0,-0.19,20260812,independent_pool,1,20311821,20321825,20,120,72
45,v2_independent_pool_r1,agentic_intent_hijack|1.57|1.49|0.6|0.5|0.4|0.84|0.5,agentic_intent_hijack,-0.1734531700863351,0.9129114215070269,True,0.0,1.0,0.9203566306659373,12,False,0.0,0.0,-0.16,-0.03,0.0,0.0,-0.19,20260812,independent_pool,1,20311821,20321825,20,120,72
46,v2_independent_pool_r1,deepfake_account_takeover|2.03|0.74|0.56|0.78|0.48|0.77|0.98,deepfake_account_takeover,-0.17208960805053317,0.9057347792133325,True,0.0,1.0,0.9413934385316342,12,False,0.0,0.0,-0.16,-0.03,0.0,0.0,-0.19,20260812,independent_pool,1,20311821,20321825,20,120,72
47,v2_independent_pool_r1,deepfake_account_takeover|0.78|0.66|0.55|0.37|0.84|0.61|0.58,deepfake_account_takeover,-0.16507033856556125,0.868791255608217,True,0.0,1.0,0.9402958094597712,12,False,0.0,0.0,-0.16,-0.03,0.0,0.0,-0.19,20260812,independent_pool,1,20311821,20321825,20,120,72
48,v2_independent_pool_r1,ai_app_scam_mule|1.52|1.66|0.43|0.98|0.73|0.54|0.76,ai_app_scam_mule,-0.16347144,0.8603759999999999,True,0.0,1.0,0.9456174984418166,12,False,0.0,0.0,-0.16,-0.03,0.0,0.0,-0.19,20260812,independent_pool,1,20311821,20321825,20,120,72
49,v2_independent_pool_r1,fake_merchant_collusion|1.11|0.97|0.69|0.34|0.81|0.95|0.64,fake_merchant_collusion,-0.18857944808073845,0.9925234109512551,True,0.0,1.0,0.9114544195072424,12,False,0.0,0.0,-0.16,-0.03,0.0,0.0,-0.19,20260812,independent_pool,1,20311821,20321825,20,120,72
50,v2_independent_pool_r1,synthetic_identity_bustout|0.74|1.37|0.24|0.1|0.89|0.95|0.7,synthetic_identity_bustout,-0.18570160440801312,0.9773768653053322,True,0.0,1.0,0.9355344823281387,12,False,0.0,0.0,-0.16,-0.03,0.0,0.0,-0.19,20260812,independent_pool,1,20311821,20321825,20,120,72
51,v2_independent_pool_r1,fake_merchant_collusion|1.83|1.16|0.16|0.05|0.96|0.48|0.68,fake_merchant_collusion,-0.18817440364424917,0.9903915981276272,True,0.0,1.0,0.9148736446353727,12,False,0.0,0.0,-0.16,-0.03,0.0,0.0,-0.19,20260812,independent_pool,1,20311821,20321825,20,120,72
52,v2_independent_pool_r1,agentic_intent_hijack|0.74|0.73|0.19|0.05|0.98|0.63|0.89,agentic_intent_hijack,-0.17424844689583038,0.9170970889254231,True,0.0,1.0,0.9378556197800395,12,False,0.0,0.0,-0.16,-0.03,0.0,0.0,-0.19,20260812,independent_pool,1,20311821,20321825,20,120,72
53,v2_independent_pool_r1,adaptive_card_testing|0.46|0.92|0.11|0.08|0.43|0.39|0.43,adaptive_card_testing,-0.18110077827401386,0.9531619909158624,True,0.0,1.0,0.8881556459982266,12,False,0.0,0.0,-0.16,-0.03,0.0,0.0,-0.19,20260812,independent_pool,1,20311821,20321825,20,120,72
54,v2_independent_pool_r1,ai_app_scam_mule|2.2|0.59|0.05|0.78|0.25|0.83|0.61,ai_app_scam_mule,-0.16183834443551248,0.8517807601869077,True,0.0,1.0,0.9434613450562618,12,False,0.0,0.0,-0.16,-0.03,0.0,0.0,-0.19,20260812,independent_pool,1,20311821,20321825,20,120,72
55,v2_independent_pool_r1,deepfake_account_takeover|1.2|0.85|0.92|0.23|0.34|0.75|0.7,deepfake_account_takeover,-0.1697328086486067,0.8933305718347722,True,0.0,1.0,0.9393163544190535,12,False,0.0,0.0,-0.16,-0.03,0.0,0.0,-0.19,20260812,independent_pool,1,20311821,20321825,20,120,72
56,v2_independent_pool_r1,synthetic_identity_bustout|1.06|0.97|0.24|0.2|0.15|0.51|0.98,synthetic_identity_bustout,-0.1771958752773815,0.9326098698809553,True,0.0,1.0,0.8972356611452014,12,False,0.0,0.0,-0.16,-0.03,0.0,0.0,-0.19,20260812,independent_pool,1,20311821,20321825,20,120,72
57,v2_independent_pool_r1,fake_merchant_collusion|0.75|0.66|0.45|0.05|0.95|0.72|0.94,fake_merchant_collusion,-0.18768784273259675,0.9878307512241935,True,0.0,1.0,0.9164802555010415,12,False,0.0,0.0,-0.16,-0.03,0.0,0.0,-0.19,20260812,independent_pool,1,20311821,20321825,20,120,72
58,v2_independent_pool_r1,deepfake_account_takeover|2.03|0.74|0.56|0.78|0.48|0.77|0.98,deepfake_account_takeover,-0.1668646080505332,0.8782347792133325,True,0.0,1.0,0.9441910312135101,12,False,0.0,0.0,-0.16,-0.03,0.0,0.0,-0.19,20260812,independent_pool,1,20311821,20321825,20,120,72
59,v2_independent_pool_r1,agentic_intent_hijack|1.57|1.49|0.6|0.5|0.4|0.84|0.5,agentic_intent_hijack,-0.16680317008633513,0.877911421507027,True,0.0,1.0,0.9183733047447973,12,False,0.0,0.0,-0.16,-0.03,0.0,0.0,-0.19,20260812,independent_pool,1,20311821,20321825,20,120,72
60,v2_independent_pool_r1,ai_app_scam_mule|1.03|0.62|0.62|0.59|0.47|0.69|0.79,ai_app_scam_mule,-0.17033527291225728,0.8965014363803014,True,0.0,1.0,0.9387583351183418,12,False,0.0,0.0,-0.16,-0.03,0.0,0.0,-0.19,20260812,independent_pool,1,20311821,20321825,20,120,72
61,v2_independent_pool_r1,agentic_intent_hijack|0.5|1.26|0.25|0.05|0.53|0.98|0.94,agentic_intent_hijack,-0.1699377937869596,0.894409440983998,True,0.0,1.0,0.902169567911438,12,False,0.0,0.0,-0.16,-0.03,0.0,0.0,-0.19,20260812,independent_pool,1,20311821,20321825,20,120,72
62,v2_independent_pool_r1,synthetic_identity_bustout|0.98|0.66|0.45|0.58|0.59|0.84|0.55,synthetic_identity_bustout,-0.18269199229452904,0.9615368015501528,True,0.0,1.0,0.9230555895235685,12,False,0.0,0.0,-0.16,-0.03,0.0,0.0,-0.19,20260812,independent_pool,1,20311821,20321825,20,120,72
63,v2_independent_pool_r1,ai_app_scam_mule|1.52|1.66|0.43|0.98|0.73|0.54|0.76,ai_app_scam_mule,-0.16917143999999998,0.890376,True,0.0,1.0,0.9441997800409037,12,False,0.0,0.0,-0.16,-0.03,0.0,0.0,-0.19,20260812,independent_pool,1,20311821,20321825,20,120,72
64,v2_independent_pool_r1,ai_app_scam_mule|1.03|1.4|0.05|0.9|0.07|0.98|0.77,ai_app_scam_mule,-0.16422336628217912,0.8643335067483111,True,0.0,1.0,0.9201109228570727,12,False,0.0,0.0,-0.16,-0.03,0.0,0.0,-0.19,20260812,independent_pool,1,20311821,20321825,20,120,72
65,v2_independent_pool_r1,fake_merchant_collusion|0.46|1.33|0.27|0.63|0.74|0.63|0.6,fake_merchant_collusion,-0.18643087666533376,0.9812151403438618,True,0.0,1.0,0.8975555859064142,12,False,0.0,0.0,-0.16,-0.03,0.0,0.0,-0.19,20260812,independent_pool,1,20311821,20321825,20,120,72
66,v2_independent_pool_r1,deepfake_account_takeover|2.03|0.74|0.56|0.78|0.48|0.77|0.98,deepfake_account_takeover,-0.16828960805053317,0.8857347792133324,True,0.0,1.0,0.9435797042512645,12,False,0.0,0.0,-0.16,-0.03,0.0,0.0,-0.19,20260812,independent_pool,1,20311821,20321825,20,120,72
67,v2_independent_pool_r1,ai_app_scam_mule|0.85|0.45|0.24|0.79|0.05|0.98|0.73,ai_app_scam_mule,-0.16457303564993706,0.866173871841774,True,0.0,1.0,0.9390683502812269,12,False,0.0,0.0,-0.16,-0.03,0.0,0.0,-0.19,20260812,independent_pool,1,20311821,20321825,20,120,72
68,v2_independent_pool_r1,deepfake_account_takeover|0.81|2.1|0.65|0.77|0.45|0.82|0.51,deepfake_account_takeover,-0.17051021074105344,0.8974221617950181,True,0.0,1.0,0.9428167697078478,12,False,0.0,0.0,-0.16,-0.03,0.0,0.0,-0.19,20260812,independent_pool,1,20311821,20321825,20,120,72
69,v2_independent_pool_r1,agentic_intent_hijack|1.57|1.49|0.6|0.5|0.4|0.84|0.5,agentic_intent_hijack,-0.1734531700863351,0.9129114215070269,True,0.0,1.0,0.9259831511113973,12,False,0.0,0.0,-0.16,-0.03,0.0,0.0,-0.19,20260812,independent_pool,1,20311821,20321825,20,120,72
70,v2_independent_pool_r1,fake_merchant_collusion|1.11|0.97|0.69|0.34|0.81|0.95|0.64,fake_merchant_collusion,-0.18334555191926155,0.964976589048745,True,0.0,1.0,0.9167218133065463,12,False,0.0,0.0,-0.16,-0.03,0.0,0.0,-0.19,20260812,independent_pool,1,20311821,20321825,20,120,72
71,v2_independent_pool_r1,adaptive_card_testing|1.05|0.68|0.36|0.08|0.4|0.96|0.54,adaptive_card_testing,-0.17817185702358757,0.9377466159136187,True,0.0,1.0,0.8874911472043401,12,False,0.0,0.0,-0.16,-0.03,0.0,0.0,-0.19,20260812,independent_pool,1,20311821,20321825,20,120,72
0,v2_independent_pool_r2,deepfake_account_takeover|0.47|0.66|0.95|0.7|0.4|0.95|0.72,deepfake_account_takeover,-0.17071956433959679,0.8985240228399831,True,0.0,1.0,0.9388840152715504,12,False,0.0,0.0,-0.16,-0.03,0.0,0.0,-0.19,20260812,independent_pool,2,20312830,20322838,20,120,72
1,v2_independent_pool_r2,fake_merchant_collusion|1.04|2.03|0.05|0.05|0.9|0.71|0.75,fake_merchant_collusion,-0.1864926,0.9815400000000001,True,0.0,1.0,0.9011630553910374,12,False,0.0,0.0,-0.16,-0.03,0.0,0.0,-0.19,20260812,independent_pool,2,20312830,20322838,20,120,72
2,v2_independent_pool_r2,synthetic_identity_bustout|2.15|0.74|0.05|0.13|0.45|0.62|0.71,synthetic_identity_bustout,-0.1780010718092447,0.9368477463644459,True,0.0,1.0,0.9170589289975345,12,False,0.0,0.0,-0.16,-0.03,0.0,0.0,-0.19,20260812,independent_pool,2,20312830,20322838,20,120,72
3,v2_independent_pool_r2,ai_app_scam_mule|0.84|1.76|0.8|0.98|0.24|0.85|0.51,ai_app_scam_mule,-0.17377855999999997,0.9146239999999999,True,0.0,1.0,0.9387182137311744,12,False,0.0,0.0,-0.16,-0.03,0.0,0.0,-0.19,20260812,independent_pool,2,20312830,20322838,20,120,72
4,v2_independent_pool_r2,synthetic_identity_bustout|0.45|0.6|0.05|0.23|0.27|0.79|0.82,synthetic_identity_bustout,-0.1857738603090906,0.9777571595215295,True,0.0,1.0,0.9033901705329951,12,False,0.0,0.0,-0.16,-0.03,0.0,0.0,-0.19,20260812,independent_pool,2,20312830,20322838,20,120,72
5,v2_independent_pool_r2,agentic_intent_hijack|1.13|0.57|0.44|0.05|0.9|0.94|0.78,agentic_intent_hijack,-0.16771720430284157,0.8827221279096924,True,0.0,1.0,0.9494930499932233,12,False,0.0,0.0,-0.16,-0.03,0.0,0.0,-0.19,20260812,independent_pool,2,20312830,20322838,20,120,72
6,v2_independent_pool_r2,adaptive_card_testing|1.02|2.1|0.24|0.27|0.05|0.58|0.65,adaptive_card_testing,-0.1782070118004979,0.9379316410552521,True,0.0,1.0,0.8566493687603024,12,False,0.0,0.0,-0.16,-0.03,0.0,0.0,-0.19,20260812,independent_pool,2,20312830,20322838,20,120,72
7,v2_independent_pool_r2,ai_app_scam_mule|0.67|0.63|0.3|0.98|0.05|0.55|0.88,ai_app_scam_mule,-0.16712855999999998,0.879624,True,0.0,1.0,0.936753988780841,12,False,0.0,0.0,-0.16,-0.03,0.0,0.0,-0.19,20260812,independent_pool,2,20312830,20322838,20,120,72
8,v2_independent_pool_r2,deepfake_account_takeover|1.92|1.11|0.96|0.7|0.48|0.95|0.76,deepfake_account_takeover,-0.17084972924338376,0.8992091012809671,True,0.0,1.0,0.9376397650140346,12,False,0.0,0.0,-0.16,-0.03,0.0,0.0,-0.19,20260812,independent_pool,2,20312830,20322838,20,120,72
9,v2_independent_pool_r2,adaptive_card_testing|1.46|0.67|0.16|0.05|0.82|0.38|0.69,adaptive_card_testing,-0.1837662358875619,0.9671907151976943,True,0.0,1.0,0.9096860536647857,12,False,0.0,0.0,-0.16,-0.03,0.0,0.0,-0.19,20260812,independent_pool,2,20312830,20322838,20,120,72
10,v2_independent_pool_r2,fake_merchant_collusion|0.75|0.58|0.4|0.05|0.95|0.58|0.72,fake_merchant_collusion,-0.18899148437923086,0.9946920230485834,True,0.0,1.0,0.9097084138607293,12,False,0.0,0.0,-0.16,-0.03,0.0,0.0,-0.19,20260812,independent_pool,2,20312830,20322838,20,120,72
11,v2_independent_pool_r2,deepfake_account_takeover|0.51|1.76|0.53|0.33|0.49|0.66|0.84,deepfake_account_takeover,-0.17334144071204893,0.9123233721686785,True,0.0,1.0,0.9219028052983836,12,False,0.0,0.0,-0.16,-0.03,0.0,0.0,-0.19,20260812,independent_pool,2,20312830,20322838,20,120,72
12,v2_independent_pool_r2,agentic_intent_hijack|0.79|1.34|0.13|0.34|0.98|0.93|0.89,agentic_intent_hijack,-0.174054678558221,0.9160772555695842,True,0.0,1.0,0.9299779172731809,12,False,0.0,0.0,-0.16,-0.03,0.0,0.0,-0.19,20260812,independent_pool,2,20312830,20322838,20,120,72
13,v2_independent_pool_r2,adaptive_card_testing|0.69|0.58|0.32|0.21|0.39|0.98|0.56,adaptive_card_testing,-0.1842847361113867,0.9699196637441405,True,0.0,1.0,0.9100094005993612,12,False,0.0,0.0,-0.16,-0.03,0.0,0.0,-0.19,20260812,independent_pool,2,20312830,20322838,20,120,72
14,v2_independent_pool_r2,synthetic_identity_bustout|0.63|0.84|0.11|0.05|0.5|0.98|0.39,synthetic_identity_bustout,-0.18203639479211034,0.958086288379528,True,0.0,1.0,0.9106500654463644,12,False,0.0,0.0,-0.16,-0.03,0.0,0.0,-0.19,20260812,independent_pool,2,20312830,20322838,20,120,72
15,v2_independent_pool_r2,deepfake_account_takeover|1.43|0.92|0.24|0.32|0.56|0.98|0.94,deepfake_account_takeover,-0.1710283443711481,0.9001491809007796,True,0.0,1.0,0.9429553068081075,12,False,0.0,0.0,-0.16,-0.03,0.0,0.0,-0.19,20260812,independent_pool,2,20312830,20322838,20,120,72
16,v2_independent_pool_r2,ai_app_scam_mule|1.49|1.06|0.12|0.87|0.26|0.5|0.52,ai_app_scam_mule,-0.16838257067911427,0.8862240562058645,True,0.0,1.0,0.937503740325,12,False,0.0,0.0,-0.16,-0.03,0.0,0.0,-0.19,20260812,independent_pool,2,20312830,20322838,20,120,72
17,v2_independent_pool_r2,agentic_intent_hijack|0.83|1.05|0.24|0.05|0.3|0.87|0.89,agentic_intent_hijack,-0.1666691922063542,0.8772062747702853,True,0.0,1.0,0.9047436734906779,12,False,0.0,0.0,-0.16,-0.03,0.0,0.0,-0.19,20260812,independent_pool,2,20312830,20322838,20,120,72
18,v2_independent_pool_r2,deepfake_account_takeover|0.47|0.66|0.95|0.7|0.4|0.95|0.72,deepfake_account_takeover,-0.17318043566040317,0.9114759771600167,True,0.0,1.0,0.9388036108304912,12,False,0.0,0.0,-0.16,-0.03,0.0,0.0,-0.19,20260812,independent_pool,2,20312830,20322838,20,120,72
19,v2_independent_pool_r2,synthetic_identity_bustout|1.43|1.35|0.13|0.29|0.77|0.46|0.85,synthetic_identity_bustout,-0.1822294934869885,0.9591025972999394,True,0.0,1.0,0.9271819652463572,12,False,0.0,0.0,-0.16,-0.03,0.0,0.0,-0.19,20260812,independent_pool,2,20312830,20322838,20,120,72
20,v2_independent_pool_r2,adaptive_card_testing|2.18|0.97|0.26|0.39|0.37|0.98|0.7,adaptive_card_testing,-0.1854046859692781,0.975814136680411,True,0.0,1.0,0.9006535822531995,12,False,0.0,0.0,-0.16,-0.03,0.0,0.0,-0.19,20260812,independent_pool,2,20312830,20322838,20,120,72
21,v2_independent_pool_r2,fake_merchant_collusion|1.44|1.08|0.34|0.54|0.98|0.84|0.84,fake_merchant_collusion,-0.1893186374420354,0.9964138812738705,True,0.0,1.0,0.9215154743518023,12,False,0.0,0.0,-0.16,-0.03,0.0,0.0,-0.19,20260812,independent_pool,2,20312830,20322838,20,120,72
22,v2_independent_pool_r2,deepfake_account_takeover|1.7|0.73|0.89|0.58|0.15|0.83|0.8,deepfake_account_takeover,-0.1686982454228722,0.8878855022256432,True,0.0,1.0,0.9364663328279851,12,False,0.0,0.0,-0.16,-0.03,0.0,0.0,-0.19,20260812,independent_pool,2,20312830,20322838,20,120,72
23,v2_independent_pool_r2,ai_app_scam_mule|0.67|0.63|0.3|0.98|0.05|0.55|0.88,ai_app_scam_mule,-0.16617855999999998,0.8746239999999998,True,0.0,1.0,0.9376615647601111,12,False,0.0,0.0,-0.16,-0.03,0.0,0.0,-0.19,20260812,independent_pool,2,20312830,20322838,20,120,72
24,v2_independent_pool_r2,agentic_intent_hijack|0.97|0.55|0.4|0.51|0.36|0.78|0.82,agentic_intent_hijack,-0.17324878290475482,0.9118356994987096,True,0.0,1.0,0.9248334753307129,12,False,0.0,0.0,-0.16,-0.03,0.0,0.0,-0.19,20260812,independent_pool,2,20312830,20322838,20,120,72
25,v2_independent_pool_r2,adaptive_card_testing|1.02|2.1|0.24|0.27|0.05|0.58|0.65,adaptive_card_testing,-0.1820070118004979,0.9579316410552521,True,0.0,1.0,0.8523094355401448,12,False,0.0,0.0,-0.16,-0.03,0.0,0.0,-0.19,20260812,independent_pool,2,20312830,20322838,20,120,72
26,v2_independent_pool_r2,ai_app_scam_mule|1.6|0.79|0.25|0.41|0.3|0.71|0.84,ai_app_scam_mule,-0.1623809855626009,0.854636766118952,True,0.0,1.0,0.9377283290555707,12,False,0.0,0.0,-0.16,-0.03,0.0,0.0,-0.19,20260812,independent_pool,2,20312830,20322838,20,120,72
27,v2_independent_pool_r2,adaptive_card_testing|1.46|0.67|0.16|0.05|0.82|0.38|0.69,adaptive_card_testing,-0.1870912358875619,0.9846907151976942,True,0.0,1.0,0.8934014481536129,12,False,0.0,0.0,-0.16,-0.03,0.0,0.0,-0.19,20260812,independent_pool,2,20312830,20322838,20,120,72
28,v2_independent_pool_r2,deepfake_account_takeover|1.43|0.92|0.24|0.32|0.56|0.98|0.94,deepfake_account_takeover,-0.1643216556288519,0.8648508190992205,True,0.0,1.0,0.9405200612582049,12,False,0.0,0.0,-0.16,-0.03,0.0,0.0,-0.19,20260812,independent_pool,2,20312830,20322838,20,120,72
29,v2_independent_pool_r2,synthetic_identity_bustout|0.9|0.81|0.42|0.05|0.57|0.82|0.96,synthetic_identity_bustout,-0.18215788764104673,0.9587257244265617,True,0.0,1.0,0.9132321306469696,12,False,0.0,0.0,-0.16,-0.03,0.0,0.0,-0.19,20260812,independent_pool,2,20312830,20322838,20,120,72
30,v2_independent_pool_r2,agentic_intent_hijack|0.79|1.34|0.13|0.34|0.98|0.93|0.89,agentic_intent_hijack,-0.17310467855822098,0.9110772555695841,True,0.0,1.0,0.9243244751976682,12,False,0.0,0.0,-0.16,-0.03,0.0,0.0,-0.19,20260812,independent_pool,2,20312830,20322838,20,120,72
31,v2_independent_pool_r2,ai_app_scam_mule|0.84|1.76|0.8|0.98|0.24|0.85|0.51,ai_app_scam_mule,-0.17282856,0.909624,True,0.0,1.0,0.9275597338644164,12,False,0.0,0.0,-0.16,-0.03,0.0,0.0,-0.19,20260812,independent_pool,2,20312830,20322838,20,120,72
32,v2_independent_pool_r2,deepfake_account_takeover|0.51|1.76|0.53|0.33|0.49|0.66|0.84,deepfake_account_takeover,-0.1657414407120489,0.8723233721686785,True,0.0,1.0,0.9365007013662495,12,False,0.0,0.0,-0.16,-0.03,0.0,0.0,-0.19,20260812,independent_pool,2,20312830,20322838,20,120,72
33,v2_independent_pool_r2,fake_merchant_collusion|1.67|0.88|0.26|0.16|0.58|0.45|0.62,fake_merchant_collusion,-0.1859215966572431,0.9785347192486478,True,0.0,1.0,0.9047684205221337,12,False,0.0,0.0,-0.16,-0.03,0.0,0.0,-0.19,20260812,independent_pool,2,20312830,20322838,20,120,72
34,v2_independent_pool_r2,synthetic_identity_bustout|0.63|0.84|0.11|0.05|0.5|0.98|0.39,synthetic_identity_bustout,-0.18108639479211036,0.9530862883795281,True,0.0,1.0,0.9044439878473808,12,False,0.0,0.0,-0.16,-0.03,0.0,0.0,-0.19,20260812,independent_pool,2,20312830,20322838,20,120,72
35,v2_independent_pool_r2,deepfake_account_takeover|0.47|0.66|0.95|0.7|0.4|0.95|0.72,deepfake_account_takeover,-0.1722304356604032,0.9064759771600168,True,0.0,1.0,0.9385488603344667,12,False,0.0,0.0,-0.16,-0.03,0.0,0.0,-0.19,20260812,independent_pool,2,20312830,20322838,20,120,72
36,v2_independent_pool_r2,ai_app_scam_mule|0.67|0.63|0.3|0.98|0.05|0.55|0.88,ai_app_scam_mule,-0.16902856,0.889624,True,0.0,1.0,0.933832438004719,12,False,0.0,0.0,-0.16,-0.03,0.0,0.0,-0.19,20260812,independent_pool,2,20312830,20322838,20,120,72
37,v2_independent_pool_r2,agentic_intent_hijack|0.95|1.13|0.38|0.11|0.57|0.47|0.89,agentic_intent_hijack,-0.16558388601240184,0.8714941369073781,True,0.0,1.0,0.9242719077120017,12,False,0.0,0.0,-0.16,-0.03,0.0,0.0,-0.19,20260812,independent_pool,2,20312830,20322838,20,120,72
38,v2_independent_pool_r2,adaptive_card_testing|0.69|0.58|0.32|0.21|0.39|0.98|0.56,adaptive_card_testing,-0.1861847361113867,0.9799196637441405,True,0.0,1.0,0.91324851342014,12,False,0.0,0.0,-0.16,-0.03,0.0,0.0,-0.19,20260812,independent_pool,2,20312830,20322838,20,120,72
39,v2_independent_pool_r2,deepfake_account_takeover|1.01|1.06|0.61|0.44|0.67|0.37|0.82,deepfake_account_takeover,-0.16720098611310077,0.8800051900689515,True,0.0,1.0,0.9376525377513217,12,False,0.0,0.0,-0.16,-0.03,0.0,0.0,-0.19,20260812,independent_pool,2,20312830,20322838,20,120,72
40,v2_independent_pool_r2,synthetic_identity_bustout|1.43|1.35|0.13|0.29|0.77|0.46|0.85,synthetic_identity_bustout,-0.18222949348698847,0.9591025972999393,True,0.0,1.0,0.9164325624503933,12,False,0.0,0.0,-0.16,-0.03,0.0,0.0,-0.19,20260812,independent_pool,2,20312830,20322838,20,120,72
41,v2_independent_pool_r2,agentic_intent_hijack|0.79|1.34|0.13|0.34|0.98|0.93|0.89,agentic_intent_hijack,-0.17364532144177897,0.9139227444304157,True,0.0,1.0,0.9319263796942132,12,False,0.0,0.0,-0.16,-0.03,0.0,0.0,-0.19,20260812,independent_pool,2,20312830,20322838,20,120,72
42,v2_independent_pool_r2,ai_app_scam_mule|1.02|0.84|0.39|0.84|0.79|0.78|0.65,ai_app_scam_mule,-0.17422606821741024,0.9169793064074223,True,0.0,1.0,0.946706350032437,12,False,0.0,0.0,-0.16,-0.03,0.0,0.0,-0.19,20260812,independent_pool,2,20312830,20322838,20,120,72
43,v2_independent_pool_r2,deepfake_account_takeover|1.43|0.92|0.24|0.32|0.56|0.98|0.94,deepfake_account_takeover,-0.17292834437114812,0.9101491809007796,True,0.0,1.0,0.9430216525437269,12,False,0.0,0.0,-0.16,-0.03,0.0,0.0,-0.19,20260812,independent_pool,2,20312830,20322838,20,120,72
44,v2_independent_pool_r2,deepfake_account_takeover|1.92|1.11|0.96|0.7|0.48|0.95|0.76,deepfake_account_takeover,-0.16942472924338373,0.891709101280967,True,0.0,1.0,0.942332135484409,12,False,0.0,0.0,-0.16,-0.03,0.0,0.0,-0.19,20260812,independent_pool,2,20312830,20322838,20,120,72
45,v2_independent_pool_r2,adaptive_card_testing|1.02|2.1|0.24|0.27|0.05|0.58|0.65,adaptive_card_testing,-0.1839070118004979,0.9679316410552521,True,0.0,1.0,0.8531160451536905,12,False,0.0,0.0,-0.16,-0.03,0.0,0.0,-0.19,20260812,independent_pool,2,20312830,20322838,20,120,72
46,v2_independent_pool_r2,deepfake_account_takeover|0.51|1.76|0.53|0.33|0.49|0.66|0.84,deepfake_account_takeover,-0.17144144071204892,0.9023233721686785,True,0.0,1.0,0.9295800790899086,12,False,0.0,0.0,-0.16,-0.03,0.0,0.0,-0.19,20260812,independent_pool,2,20312830,20322838,20,120,72
47,v2_independent_pool_r2,ai_app_scam_mule|1.17|1.18|0.41|0.94|0.05|0.5|0.33,ai_app_scam_mule,-0.16567474959067985,0.871972366266736,True,0.0,1.0,0.9352239491128964,12,False,0.0,0.0,-0.16,-0.03,0.0,0.0,-0.19,20260812,independent_pool,2,20312830,20322838,20,120,72
48,v2_independent_pool_r2,agentic_intent_hijack|0.97|0.55|0.4|0.51|0.36|0.78|0.82,agentic_intent_hijack,-0.17255121709524515,0.9081643005012903,True,0.0,1.0,0.9312164638754812,12,False,0.0,0.0,-0.16,-0.03,0.0,0.0,-0.19,20260812,independent_pool,2,20312830,20322838,20,120,72
49,v2_independent_pool_r2,adaptive_card_testing|1.46|0.67|0.16|0.05|0.82|0.38|0.69,adaptive_card_testing,-0.1875662358875619,0.9871907151976943,True,0.0,1.0,0.9033378705580147,12,False,0.0,0.0,-0.16,-0.03,0.0,0.0,-0.19,20260812,independent_pool,2,20312830,20322838,20,120,72
50,v2_independent_pool_r2,ai_app_scam_mule|0.67|0.63|0.3|0.98|0.05|0.55|0.88,ai_app_scam_mule,-0.16522856,0.869624,True,0.0,1.0,0.939849418856276,12,False,0.0,0.0,-0.16,-0.03,0.0,0.0,-0.19,20260812,independent_pool,2,20312830,20322838,20,120,72
51,v2_independent_pool_r2,deepfake_account_takeover|1.15|0.92|0.6|0.77|0.47|0.62|0.55,deepfake_account_takeover,-0.16962754374278333,0.8927765460146491,True,0.0,1.0,0.9419660344783863,12,False,0.0,0.0,-0.16,-0.03,0.0,0.0,-0.19,20260812,independent_pool,2,20312830,20322838,20,120,72
52,v2_independent_pool_r2,fake_merchant_collusion|0.75|0.58|0.4|0.05|0.95|0.58|0.72,fake_merchant_collusion,-0.18899148437923086,0.9946920230485834,True,0.0,1.0,0.9256643382329863,12,False,0.0,0.0,-0.16,-0.03,0.0,0.0,-0.19,20260812,independent_pool,2,20312830,20322838,20,120,72
53,v2_independent_pool_r2,ai_app_scam_mule|1.6|0.79|0.25|0.41|0.3|0.71|0.84,ai_app_scam_mule,-0.1680809855626009,0.884636766118952,True,0.0,1.0,0.9285759125461913,12,False,0.0,0.0,-0.16,-0.03,0.0,0.0,-0.19,20260812,independent_pool,2,20312830,20322838,20,120,72
54,v2_independent_pool_r2,synthetic_identity_bustout|0.45|0.6|0.05|0.23|0.27|0.79|0.82,synthetic_identity_bustout,-0.1753238603090906,0.9227571595215296,True,0.0,1.0,0.9010809278681382,12,False,0.0,0.0,-0.16,-0.03,0.0,0.0,-0.19,20260812,independent_pool,2,20312830,20322838,20,120,72
55,v2_independent_pool_r2,ai_app_scam_mule|0.84|1.76|0.8|0.98|0.24|0.85|0.51,ai_app_scam_mule,-0.17187855999999999,0.904624,True,0.0,1.0,0.938053397743364,12,False,0.0,0.0,-0.16,-0.03,0.0,0.0,-0.19,20260812,independent_pool,2,20312830,20322838,20,120,72
56,v2_independent_pool_r2,fake_merchant_collusion|0.99|2.1|0.09|0.12|0.71|0.71|0.73,fake_merchant_collusion,-0.188017791622306,0.9895673243279264,True,0.0,1.0,0.8965137011493599,12,False,0.0,0.0,-0.16,-0.03,0.0,0.0,-0.19,20260812,independent_pool,2,20312830,20322838,20,120,72
57,v2_independent_pool_r2,agentic_intent_hijack|0.79|1.34|0.13|0.34|0.98|0.93|0.89,agentic_intent_hijack,-0.17310467855822098,0.9110772555695841,True,0.0,1.0,0.9453649713326003,12,False,0.0,0.0,-0.16,-0.03,0.0,0.0,-0.19,20260812,independent_pool,2,20312830,20322838,20,120,72
58,v2_independent_pool_r2,deepfake_account_takeover|1.7|0.73|0.89|0.58|0.15|0.83|0.8,deepfake_account_takeover,-0.16632324542287222,0.8753855022256433,True,0.0,1.0,0.9399858316932855,12,False,0.0,0.0,-0.16,-0.03,0.0,0.0,-0.19,20260812,independent_pool,2,20312830,20322838,20,120,72
59,v2_independent_pool_r2,adaptive_card_testing|1.02|2.1|0.24|0.27|0.05|0.58|0.65,adaptive_card_testing,-0.18295701180049792,0.9629316410552522,True,0.0,1.0,0.8519077471051753,12,False,0.0,0.0,-0.16,-0.03,0.0,0.0,-0.19,20260812,independent_pool,2,20312830,20322838,20,120,72
60,v2_independent_pool_r2,deepfake_account_takeover|1.52|1.4|0.49|0.12|0.51|0.53|0.76,deepfake_account_takeover,-0.16668878222019168,0.8773093801062719,True,0.0,1.0,0.9372944937606822,12,False,0.0,0.0,-0.16,-0.03,0.0,0.0,-0.19,20260812,independent_pool,2,20312830,20322838,20,120,72
61,v2_independent_pool_r2,ai_app_scam_mule|1.0|1.0|0.05|0.83|0.42|0.64|0.49,ai_app_scam_mule,-0.16978931254223778,0.8936279607486199,True,0.0,1.0,0.9390961491382827,12,False,0.0,0.0,-0.16,-0.03,0.0,0.0,-0.19,20260812,independent_pool,2,20312830,20322838,20,120,72
62,v2_independent_pool_r2,synthetic_identity_bustout|1.43|1.35|0.13|0.29|0.77|0.46|0.85,synthetic_identity_bustout,-0.18589550651301154,0.9783974027000607,True,0.0,1.0,0.9045937389506058,12,False,0.0,0.0,-0.16,-0.03,0.0,0.0,-0.19,20260812,independent_pool,2,20312830,20322838,20,120,72
63,v2_independent_pool_r2,deepfake_account_takeover|1.15|0.92|0.6|0.77|0.47|0.62|0.55,deepfake_account_takeover,-0.16857245625721667,0.887223453985351,True,0.0,1.0,0.9375218772904385,12,False,0.0,0.0,-0.16,-0.03,0.0,0.0,-0.19,20260812,independent_pool,2,20312830,20322838,20,120,72
64,v2_independent_pool_r2,deepfake_account_takeover|1.43|0.92|0.24|0.32|0.56|0.98|0.94,deepfake_account_takeover,-0.17287165562885184,0.9098508190992203,True,0.0,1.0,0.9390600309165564,12,False,0.0,0.0,-0.16,-0.03,0.0,0.0,-0.19,20260812,independent_pool,2,20312830,20322838,20,120,72
65,v2_independent_pool_r2,agentic_intent_hijack|0.95|1.13|0.38|0.11|0.57|0.47|0.89,agentic_intent_hijack,-0.16558388601240187,0.8714941369073782,True,0.0,1.0,0.9199559931706137,12,False,0.0,0.0,-0.16,-0.03,0.0,0.0,-0.19,20260812,independent_pool,2,20312830,20322838,20,120,72
66,v2_independent_pool_r2,ai_app_scam_mule|1.6|0.79|0.25|0.41|0.3|0.71|0.84,ai_app_scam_mule,-0.1714059855626009,0.902136766118952,True,0.0,1.0,0.9351388065110782,12,False,0.0,0.0,-0.16,-0.03,0.0,0.0,-0.19,20260812,independent_pool,2,20312830,20322838,20,120,72
67,v2_independent_pool_r2,fake_merchant_collusion|1.44|1.08|0.34|0.54|0.98|0.84|0.84,fake_merchant_collusion,-0.18878136255796454,0.9935861187261292,True,0.0,1.0,0.9164887159155125,12,False,0.0,0.0,-0.16,-0.03,0.0,0.0,-0.19,20260812,independent_pool,2,20312830,20322838,20,120,72
68,v2_independent_pool_r2,ai_app_scam_mule|0.67|0.63|0.3|0.98|0.05|0.55|0.88,ai_app_scam_mule,-0.16380356,0.8621239999999999,True,0.0,1.0,0.9406805991051219,12,False,0.0,0.0,-0.16,-0.03,0.0,0.0,-0.19,20260812,independent_pool,2,20312830,20322838,20,120,72
69,v2_independent_pool_r2,adaptive_card_testing|1.46|0.67|0.16|0.05|0.82|0.38|0.69,adaptive_card_testing,-0.18899123588756192,0.9946907151976943,True,0.0,1.0,0.9072218168382252,12,False,0.0,0.0,-0.16,-0.03,0.0,0.0,-0.19,20260812,independent_pool,2,20312830,20322838,20,120,72
70,v2_independent_pool_r2,synthetic_identity_bustout|0.63|0.84|0.11|0.05|0.5|0.98|0.39,synthetic_identity_bustout,-0.18203639479211034,0.9580862883795281,True,0.0,1.0,0.8980684563662585,12,False,0.0,0.0,-0.16,-0.03,0.0,0.0,-0.19,20260812,independent_pool,2,20312830,20322838,20,120,72
71,v2_independent_pool_r2,ai_app_scam_mule|0.84|1.76|0.8|0.98|0.24|0.85|0.51,ai_app_scam_mule,-0.17202144,0.905376,True,0.0,1.0,0.938656747570488,12,False,0.0,0.0,-0.16,-0.03,0.0,0.0,-0.19,20260812,independent_pool,2,20312830,20322838,20,120,72
0,v2_double_search_pressure_r0,ai_app_scam_mule|2.2|0.7|0.26|0.98|0.69|0.98|0.65,ai_app_scam_mule,-0.16950356,0.8921239999999999,True,0.0,1.0,0.9520302200835539,12,False,0.0,0.0,-0.16,-0.03,0.0,0.0,-0.19,20260812,double_search_pressure,0,20350812,20360812,40,240,144
1,v2_double_search_pressure_r0,deepfake_account_takeover|0.66|2.1|0.43|0.46|0.66|0.77|0.71,deepfake_account_takeover,-0.16894003247558967,0.8891580656609982,True,0.0,1.0,0.9404631294844039,12,False,0.0,0.0,-0.16,-0.03,0.0,0.0,-0.19,20260812,double_search_pressure,0,20350812,20360812,40,240,144
2,v2_double_search_pressure_r0,synthetic_identity_bustout|1.32|0.51|0.43|0.05|0.31|0.98|0.89,synthetic_identity_bustout,-0.1764296490913991,0.9285771004810479,True,0.0,1.0,0.918575835636422,12,False,0.0,0.0,-0.16,-0.03,0.0,0.0,-0.19,20260812,double_search_pressure,0,20350812,20360812,40,240,144
3,v2_double_search_pressure_r0,fake_merchant_collusion|0.47|0.84|0.05|0.25|0.9|0.59|0.69,fake_merchant_collusion,-0.18818465762301254,0.9904455664369081,True,0.0,1.0,0.9009297362858395,12,False,0.0,0.0,-0.16,-0.03,0.0,0.0,-0.19,20260812,double_search_pressure,0,20350812,20360812,40,240,144
4,v2_double_search_pressure_r0,adaptive_card_testing|2.14|1.52|0.05|0.05|0.54|0.54|0.6,adaptive_card_testing,-0.1836426,0.96654,True,0.0,1.0,0.8739076157302503,12,False,0.0,0.0,-0.16,-0.03,0.0,0.0,-0.19,20260812,double_search_pressure,0,20350812,20360812,40,240,144
5,v2_double_search_pressure_r0,ai_app_scam_mule|0.72|1.67|0.2|0.98|0.14|0.78|0.61,ai_app_scam_mule,-0.16712855999999998,0.879624,True,0.0,1.0,0.926793802788625,12,False,0.0,0.0,-0.16,-0.03,0.0,0.0,-0.19,20260812,double_search_pressure,0,20350812,20360812,40,240,144
6,v2_double_search_pressure_r0,agentic_intent_hijack|1.73|2.02|0.45|0.05|0.48|0.81|0.74,agentic_intent_hijack,-0.17231844054591813,0.9069391607679902,True,0.0,1.0,0.9058371626778357,12,False,0.0,0.0,-0.16,-0.03,0.0,0.0,-0.19,20260812,double_search_pressure,0,20350812,20360812,40,240,144
7,v2_double_search_pressure_r0,deepfake_account_takeover|1.6|0.78|0.74|0.76|0.14|0.88|0.69,deepfake_account_takeover,-0.1727829613969704,0.9093840073524758,True,0.0,1.0,0.9394561358581154,12,False,0.0,0.0,-0.16,-0.03,0.0,0.0,-0.19,20260812,double_search_pressure,0,20350812,20360812,40,240,144
8,v2_double_search_pressure_r0,adaptive_card_testing|0.58|0.8|0.58|0.05|0.55|0.36|0.65,adaptive_card_testing,-0.18456863107108773,0.971413847742567,True,0.0,1.0,0.9223391000782418,12,False,0.0,0.0,-0.16,-0.03,0.0,0.0,-0.19,20260812,double_search_pressure,0,20350812,20360812,40,240,144
9,v2_double_search_pressure_r0,agentic_intent_hijack|0.91|0.71|0.05|0.3|0.92|0.38|0.72,agentic_intent_hijack,-0.17224315534421164,0.9065429228642718,True,0.0,1.0,0.9444903342370853,12,False,0.0,0.0,-0.16,-0.03,0.0,0.0,-0.19,20260812,double_search_pressure,0,20350812,20360812,40,240,144
10,v2_double_search_pressure_r0,fake_merchant_collusion|1.52|1.63|0.09|0.05|0.98|0.62|0.49,fake_merchant_collusion,-0.18978839298982916,0.9988862788938377,True,0.0,1.0,0.8977574673237069,12,False,0.0,0.0,-0.16,-0.03,0.0,0.0,-0.19,20260812,double_search_pressure,0,20350812,20360812,40,240,144
11,v2_double_search_pressure_r0,synthetic_identity_bustout|0.63|1.42|0.17|0.05|0.97|0.69|0.82,synthetic_identity_bustout,-0.1869543115893814,0.9839700609967441,True,0.0,1.0,0.9191096154582848,12,False,0.0,0.0,-0.16,-0.03,0.0,0.0,-0.19,20260812,double_search_pressure,0,20350812,20360812,40,240,144
12,v2_double_search_pressure_r0,ai_app_scam_mule|2.2|0.7|0.26|0.98|0.69|0.98|0.65,ai_app_scam_mule,-0.16665356,0.877124,True,0.0,1.0,0.9510839429520672,12,False,0.0,0.0,-0.16,-0.03,0.0,0.0,-0.19,20260812,double_search_pressure,0,20350812,20360812,40,240,144
13,v2_double_search_pressure_r0,ai_app_scam_mule|0.63|0.73|0.21|0.94|0.56|0.52|0.31,ai_app_scam_mule,-0.16951612192496596,0.8921901153945577,True,0.0,1.0,0.9408684596544097,12,False,0.0,0.0,-0.16,-0.03,0.0,0.0,-0.19,20260812,double_search_pressure,0,20350812,20360812,40,240,144
14,v2_double_search_pressure_r0,adaptive_card_testing|1.35|0.75|0.23|0.32|0.07|0.94|0.56,adaptive_card_testing,-0.17959824690993365,0.945253931104914,True,0.0,1.0,0.8990230742732144,12,False,0.0,0.0,-0.16,-0.03,0.0,0.0,-0.19,20260812,double_search_pressure,0,20350812,20360812,40,240,144
15,v2_double_search_pressure_r0,deepfake_account_takeover|0.91|0.73|0.95|0.36|0.56|0.63|0.78,deepfake_account_takeover,-0.16843583693616673,0.8865044049271933,True,0.0,1.0,0.9399859645517347,12,False,0.0,0.0,-0.16,-0.03,0.0,0.0,-0.19,20260812,double_search_pressure,0,20350812,20360812,40,240,144
16,v2_double_search_pressure_r0,synthetic_identity_bustout|2.0|0.79|0.05|0.31|0.55|0.51|0.81,synthetic_identity_bustout,-0.18019055653376828,0.9483713501777278,True,0.0,1.0,0.9074637130621727,12,False,0.0,0.0,-0.16,-0.03,0.0,0.0,-0.19,20260812,double_search_pressure,0,20350812,20360812,40,240,144
17,v2_double_search_pressure_r0,ai_app_scam_mule|0.6|0.96|0.38|0.58|0.05|0.61|0.78,ai_app_scam_mule,-0.16510166085283848,0.8689561097517815,True,0.0,1.0,0.9086339625099251,12,False,0.0,0.0,-0.16,-0.03,0.0,0.0,-0.19,20260812,double_search_pressure,0,20350812,20360812,40,240,144
18,v2_double_search_pressure_r0,fake_merchant_collusion|0.95|0.54|0.13|0.46|0.98|0.98|0.73,fake_merchant_collusion,-0.18874867257512867,0.9934140661848878,True,0.0,1.0,0.9214276870430993,12,False,0.0,0.0,-0.16,-0.03,0.0,0.0,-0.19,20260812,double_search_pressure,0,20350812,20360812,40,240,144
19,v2_double_search_pressure_r0,agentic_intent_hijack|1.25|0.53|0.06|0.24|0.43|0.78|0.81,agentic_intent_hijack,-0.168132552752234,0.8849081723801788,True,0.0,1.0,0.9316864250464167,12,False,0.0,0.0,-0.16,-0.03,0.0,0.0,-0.19,20260812,double_search_pressure,0,20350812,20360812,40,240,144
20,v2_double_search_pressure_r0,fake_merchant_collusion|1.34|1.1|0.64|0.09|0.98|0.65|0.72,fake_merchant_collusion,-0.1842617440941153,0.9697986531269227,True,0.0,1.0,0.9328494331458272,12,False,0.0,0.0,-0.16,-0.03,0.0,0.0,-0.19,20260812,double_search_pressure,0,20350812,20360812,40,240,144
21,v2_double_search_pressure_r0,ai_app_scam_mule|1.34|2.1|0.16|0.84|0.39|0.75|0.92,ai_app_scam_mule,-0.16736053315622515,0.8808449113485535,True,0.0,1.0,0.9406258087490239,12,False,0.0,0.0,-0.16,-0.03,0.0,0.0,-0.19,20260812,double_search_pressure,0,20350812,20360812,40,240,144
22,v2_double_search_pressure_r0,deepfake_account_takeover|0.46|1.06|0.35|0.56|0.58|0.82|0.53,deepfake_account_takeover,-0.17009441399860428,0.895233757887391,True,0.0,1.0,0.9306068298716835,12,False,0.0,0.0,-0.16,-0.03,0.0,0.0,-0.19,20260812,double_search_pressure,0,20350812,20360812,40,240,144
23,v2_double_search_pressure_r0,deepfake_account_takeover|1.26|1.03|0.67|0.69|0.48|0.51|0.89,deepfake_account_takeover,-0.1700473124929144,0.8949858552258653,True,0.0,1.0,0.9397925019758447,12,False,0.0,0.0,-0.16,-0.03,0.0,0.0,-0.19,20260812,double_search_pressure,0,20350812,20360812,40,240,144
24,v2_double_search_pressure_r0,adaptive_card_testing|0.94|0.74|0.17|0.32|0.91|0.53|0.39,adaptive_card_testing,-0.1880478485486264,0.9897255186769811,True,0.0,1.0,0.903412201722957,12,False,0.0,0.0,-0.16,-0.03,0.0,0.0,-0.19,20260812,double_search_pressure,0,20350812,20360812,40,240,144
25,v2_double_search_pressure_r0,agentic_intent_hijack|0.81|0.68|0.59|0.11|0.82|0.88|0.66,agentic_intent_hijack,-0.17416217304741916,0.9166430160390482,True,0.0,1.0,0.9422574961096059,12,False,0.0,0.0,-0.16,-0.03,0.0,0.0,-0.19,20260812,double_search_pressure,0,20350812,20360812,40,240,144
26,v2_double_search_pressure_r0,deepfake_account_takeover|1.43|0.85|0.6|0.05|0.27|0.64|0.68,deepfake_account_takeover,-0.16112183486840875,0.8480096572021513,True,0.0,1.0,0.939556234156301,12,False,0.0,0.0,-0.16,-0.03,0.0,0.0,-0.19,20260812,double_search_pressure,0,20350812,20360812,40,240,144
27,v2_double_search_pressure_r0,synthetic_identity_bustout|0.84|1.62|0.24|0.05|0.6|0.98|0.6,synthetic_identity_bustout,-0.18716527998445787,0.9850804209708308,True,0.0,1.0,0.9036587297256897,12,False,0.0,0.0,-0.16,-0.03,0.0,0.0,-0.19,20260812,double_search_pressure,0,20350812,20360812,40,240,144
28,v2_double_search_pressure_r0,ai_app_scam_mule|2.2|0.7|0.26|0.98|0.69|0.98|0.65,ai_app_scam_mule,-0.16902856,0.889624,True,0.0,1.0,0.9462059000913655,12,False,0.0,0.0,-0.16,-0.03,0.0,0.0,-0.19,20260812,double_search_pressure,0,20350812,20360812,40,240,144
29,v2_double_search_pressure_r0,ai_app_scam_mule|0.85|0.83|0.55|0.98|0.33|0.53|0.72,ai_app_scam_mule,-0.16997855999999997,0.8946239999999999,True,0.0,1.0,0.9392493154028677,12,False,0.0,0.0,-0.16,-0.03,0.0,0.0,-0.19,20260812,double_search_pressure,0,20350812,20360812,40,240,144
30,v2_double_search_pressure_r0,fake_merchant_collusion|1.49|1.21|0.05|0.05|0.82|0.27|0.57,fake_merchant_collusion,-0.18839260000000002,0.9915400000000001,True,0.0,1.0,0.9140776473436145,12,False,0.0,0.0,-0.16,-0.03,0.0,0.0,-0.19,20260812,double_search_pressure,0,20350812,20360812,40,240,144
31,v2_double_search_pressure_r0,deepfake_account_takeover|1.6|0.78|0.74|0.76|0.14|0.88|0.69,deepfake_account_takeover,-0.16969203860302956,0.8931159926475241,True,0.0,1.0,0.9381503577572979,12,False,0.0,0.0,-0.16,-0.03,0.0,0.0,-0.19,20260812,double_search_pressure,0,20350812,20360812,40,240,144
32,v2_double_search_pressure_r0,ai_app_scam_mule|1.06|0.6|0.16|0.64|0.07|0.95|0.78,ai_app_scam_mule,-0.1663158953074445,0.8753468174076027,True,0.0,1.0,0.9368323987219193,12,False,0.0,0.0,-0.16,-0.03,0.0,0.0,-0.19,20260812,double_search_pressure,0,20350812,20360812,40,240,144
33,v2_double_search_pressure_r0,adaptive_card_testing|1.81|0.56|0.29|0.05|0.39|0.88|0.87,adaptive_card_testing,-0.1865945075807866,0.9820763556883505,True,0.0,1.0,0.9054149376152177,12,False,0.0,0.0,-0.16,-0.03,0.0,0.0,-0.19,20260812,double_search_pressure,0,20350812,20360812,40,240,144
34,v2_double_search_pressure_r0,agentic_intent_hijack|1.73|2.02|0.45|0.05|0.48|0.81|0.74,agentic_intent_hijack,-0.16946844054591817,0.8919391607679903,True,0.0,1.0,0.908478317150241,12,False,0.0,0.0,-0.16,-0.03,0.0,0.0,-0.19,20260812,double_search_pressure,0,20350812,20360812,40,240,144
35,v2_double_search_pressure_r0,ai_app_scam_mule|0.63|0.73|0.21|0.94|0.56|0.52|0.31,ai_app_scam_mule,-0.174383878075034,0.9178098846054421,True,0.0,1.0,0.9404379470312857,12,False,0.0,0.0,-0.16,-0.03,0.0,0.0,-0.19,20260812,double_search_pressure,0,20350812,20360812,40,240,144
36,v2_double_search_pressure_r0,synthetic_identity_bustout|1.56|1.05|0.57|0.2|0.75|0.61|0.59,synthetic_identity_bustout,-0.18438354195733608,0.9704396945122952,True,0.0,1.0,0.9045605913470115,12,False,0.0,0.0,-0.16,-0.03,0.0,0.0,-0.19,20260812,double_search_pressure,0,20350812,20360812,40,240,144
37,v2_double_search_pressure_r0,deepfake_account_takeover|0.55|0.84|0.63|0.74|0.4|0.98|0.61,deepfake_account_takeover,-0.17117047488470574,0.9008972362352934,True,0.0,1.0,0.9424976705932155,12,False,0.0,0.0,-0.16,-0.03,0.0,0.0,-0.19,20260812,double_search_pressure,0,20350812,20360812,40,240,144
38,v2_double_search_pressure_r0,ai_app_scam_mule|0.75|0.98|0.05|0.98|0.49|0.54|0.93,ai_app_scam_mule,-0.16617855999999998,0.8746239999999998,True,0.0,1.0,0.9427969123819985,12,False,0.0,0.0,-0.16,-0.03,0.0,0.0,-0.19,20260812,double_search_pressure,0,20350812,20360812,40,240,144
39,v2_double_search_pressure_r0,fake_merchant_collusion|0.82|0.58|0.55|0.05|0.98|0.61|0.78,fake_merchant_collusion,-0.18739741647654326,0.9863021919818067,True,0.0,1.0,0.9162740653823253,12,False,0.0,0.0,-0.16,-0.03,0.0,0.0,-0.19,20260812,double_search_pressure,0,20350812,20360812,40,240,144
40,v2_double_search_pressure_r0,fake_merchant_collusion|0.75|1.46|0.05|0.11|0.45|0.84|0.75,fake_merchant_collusion,-0.18578596355109683,0.9778208607952465,True,0.0,1.0,0.878243902872239,12,False,0.0,0.0,-0.16,-0.03,0.0,0.0,-0.19,20260812,double_search_pressure,0,20350812,20360812,40,240,144
41,v2_double_search_pressure_r0,ai_app_scam_mule|0.94|1.49|0.05|0.98|0.13|0.47|0.43,ai_app_scam_mule,-0.16522856,0.869624,True,0.0,1.0,0.9386313270689749,12,False,0.0,0.0,-0.16,-0.03,0.0,0.0,-0.19,20260812,double_search_pressure,0,20350812,20360812,40,240,144
42,v2_double_search_pressure_r0,adaptive_card_testing|0.45|1.08|0.35|0.31|0.35|0.68|0.62,adaptive_card_testing,-0.18401159110199752,0.9684820584315659,True,0.0,1.0,0.8857320300023394,12,False,0.0,0.0,-0.16,-0.03,0.0,0.0,-0.19,20260812,double_search_pressure,0,20350812,20360812,40,240,144
43,v2_double_search_pressure_r0,agentic_intent_hijack|0.91|0.71|0.05|0.3|0.92|0.38|0.72,agentic_intent_hijack,-0.1745068446557883,0.9184570771357279,True,0.0,1.0,0.9303776792845787,12,False,0.0,0.0,-0.16,-0.03,0.0,0.0,-0.19,20260812,double_search_pressure,0,20350812,20360812,40,240,144
44,v2_double_search_pressure_r0,deepfake_account_takeover|1.43|0.85|0.6|0.05|0.27|0.64|0.68,deepfake_account_takeover,-0.16159683486840873,0.8505096572021512,True,0.0,1.0,0.9394575281719685,12,False,0.0,0.0,-0.16,-0.03,0.0,0.0,-0.19,20260812,double_search_pressure,0,20350812,20360812,40,240,144
45,v2_double_search_pressure_r0,deepfake_account_takeover|1.6|0.78|0.74|0.76|0.14|0.88|0.69,deepfake_account_takeover,-0.16636703860302957,0.875615992647524,True,0.0,1.0,0.9406419872761029,12,False,0.0,0.0,-0.16,-0.03,0.0,0.0,-0.19,20260812,double_search_pressure,0,20350812,20360812,40,240,144
46,v2_double_search_pressure_r0,ai_app_scam_mule|2.2|0.7|0.26|0.98|0.69|0.98|0.65,ai_app_scam_mule,-0.16902856,0.889624,True,0.0,1.0,0.9461020931716301,12,False,0.0,0.0,-0.16,-0.03,0.0,0.0,-0.19,20260812,double_search_pressure,0,20350812,20360812,40,240,144
47,v2_double_search_pressure_r0,synthetic_identity_bustout|0.58|0.84|0.12|0.28|0.34|0.93|0.83,synthetic_identity_bustout,-0.18284916936289922,0.9623640492784169,True,0.0,1.0,0.885653860402574,12,False,0.0,0.0,-0.16,-0.03,0.0,0.0,-0.19,20260812,double_search_pressure,0,20350812,20360812,40,240,144
48,v2_double_search_pressure_r0,ai_app_scam_mule|1.2|0.91|0.07|0.4|0.11|0.84|0.62,ai_app_scam_mule,-0.16722024900414564,0.8801065737060296,True,0.0,1.0,0.9311981103296069,12,False,0.0,0.0,-0.16,-0.03,0.0,0.0,-0.19,20260812,double_search_pressure,0,20350812,20360812,40,240,144
49,v2_double_search_pressure_r0,ai_app_scam_mule|1.34|2.1|0.16|0.84|0.39|0.75|0.92,ai_app_scam_mule,-0.16403553315622518,0.8633449113485535,True,0.0,1.0,0.9406348346572444,12,False,0.0,0.0,-0.16,-0.03,0.0,0.0,-0.19,20260812,double_search_pressure,0,20350812,20360812,40,240,144
50,v2_double_search_pressure_r0,ai_app_scam_mule|0.97|1.08|0.58|0.6|0.05|0.6|0.68,ai_app_scam_mule,-0.1672704479421049,0.8803707786426574,True,0.0,1.0,0.9376528433732925,12,False,0.0,0.0,-0.16,-0.03,0.0,0.0,-0.19,20260812,double_search_pressure,0,20350812,20360812,40,240,144
51,v2_double_search_pressure_r0,synthetic_identity_bustout|2.0|0.79|0.05|0.31|0.55|0.51|0.81,synthetic_identity_bustout,-0.1816155565337683,0.9558713501777278,True,0.0,1.0,0.9171680244359731,12,False,0.0,0.0,-0.16,-0.03,0.0,0.0,-0.19,20260812,double_search_pressure,0,20350812,20360812,40,240,144
52,v2_double_search_pressure_r0,agentic_intent_hijack|1.73|2.02|0.45|0.05|0.48|0.81|0.74,agentic_intent_hijack,-0.16661844054591812,0.8769391607679902,True,0.0,1.0,0.9007365837815305,12,False,0.0,0.0,-0.16,-0.03,0.0,0.0,-0.19,20260812,double_search_pressure,0,20350812,20360812,40,240,144
53,v2_double_search_pressure_r0,deepfake_account_takeover|1.6|0.78|0.74|0.76|0.14|0.88|0.69,deepfake_account_takeover,-0.16446703860302955,0.865615992647524,True,0.0,1.0,0.9399281673810721,12,False,0.0,0.0,-0.16,-0.03,0.0,0.0,-0.19,20260812,double_search_pressure,0,20350812,20360812,40,240,144
54,v2_double_search_pressure_r0,ai_app_scam_mule|2.2|0.7|0.26|0.98|0.69|0.98|0.65,ai_app_scam_mule,-0.16427856,0.864624,True,0.0,1.0,0.9494814760366195,12,False,0.0,0.0,-0.16,-0.03,0.0,0.0,-0.19,20260812,double_search_pressure,0,20350812,20360812,40,240,144
55,v2_double_search_pressure_r0,ai_app_scam_mule|0.94|1.49|0.05|0.98|0.13|0.47|0.43,ai_app_scam_mule,-0.16522856,0.869624,True,0.0,1.0,0.929901316435163,12,False,0.0,0.0,-0.16,-0.03,0.0,0.0,-0.19,20260812,double_search_pressure,0,20350812,20360812,40,240,144
56,v2_double_search_pressure_r0,adaptive_card_testing|0.58|0.8|0.58|0.05|0.55|0.36|0.65,adaptive_card_testing,-0.17791863107108774,0.936413847742567,True,0.0,1.0,0.9063687366920915,12,False,0.0,0.0,-0.16,-0.03,0.0,0.0,-0.19,20260812,double_search_pressure,0,20350812,20360812,40,240,144
57,v2_double_search_pressure_r0,deepfake_account_takeover|0.66|2.1|0.43|0.46|0.66|0.77|0.71,deepfake_account_takeover,-0.17226503247558966,0.9066580656609982,True,0.0,1.0,0.9308747678653438,12,False,0.0,0.0,-0.16,-0.03,0.0,0.0,-0.19,20260812,double_search_pressure,0,20350812,20360812,40,240,144
58,v2_double_search_pressure_r0,ai_app_scam_mule|1.35|0.67|0.05|0.98|0.34|0.89|0.95,ai_app_scam_mule,-0.16383441444480412,0.8622863918147585,True,0.0,1.0,0.9428930946919896,12,False,0.0,0.0,-0.16,-0.03,0.0,0.0,-0.19,20260812,double_search_pressure,0,20350812,20360812,40,240,144
59,v2_double_search_pressure_r0,deepfake_account_takeover|1.26|1.03|0.67|0.69|0.48|0.51|0.89,deepfake_account_takeover,-0.17432768750708558,0.9175141447741346,True,0.0,1.0,0.9405274246550657,12,False,0.0,0.0,-0.16,-0.03,0.0,0.0,-0.19,20260812,double_search_pressure,0,20350812,20360812,40,240,144
60,v2_double_search_pressure_r0,fake_merchant_collusion|0.95|0.54|0.13|0.46|0.98|0.98|0.73,fake_merchant_collusion,-0.1844736725751287,0.9709140661848878,True,0.0,1.0,0.9268939442084246,12,False,0.0,0.0,-0.16,-0.03,0.0,0.0,-0.19,20260812,double_search_pressure,0,20350812,20360812,40,240,144
61,v2_double_search_pressure_r0,adaptive_card_testing|2.2|1.52|0.17|0.25|0.61|0.54|0.5,adaptive_card_testing,-0.18268902579256213,0.9615211883819059,True,0.0,1.0,0.8920588741132901,12,False,0.0,0.0,-0.16,-0.03,0.0,0.0,-0.19,20260812,double_search_pressure,0,20350812,20360812,40,240,144
62,v2_double_search_pressure_r0,ai_app_scam_mule|0.94|1.49|0.05|0.98|0.13|0.47|0.43,ai_app_scam_mule,-0.16522856,0.869624,True,0.0,1.0,0.939389996754377,12,False,0.0,0.0,-0.16,-0.03,0.0,0.0,-0.19,20260812,double_search_pressure,0,20350812,20360812,40,240,144
63,v2_double_search_pressure_r0,synthetic_identity_bustout|1.41|1.95|0.44|0.14|0.38|0.92|0.98,synthetic_identity_bustout,-0.1833911360054051,0.9652165052916057,True,0.0,1.0,0.8967543025935188,12,False,0.0,0.0,-0.16,-0.03,0.0,0.0,-0.19,20260812,double_search_pressure,0,20350812,20360812,40,240,144
64,v2_double_search_pressure_r0,deepfake_account_takeover|1.43|0.85|0.6|0.05|0.27|0.64|0.68,deepfake_account_takeover,-0.15542183486840874,0.8180096572021512,True,0.0,1.0,0.9372923626747101,12,False,0.0,0.0,-0.16,-0.03,0.0,0.0,-0.19,20260812,double_search_pressure,0,20350812,20360812,40,240,144
65,v2_double_search_pressure_r0,deepfake_account_takeover|1.6|0.78|0.74|0.76|0.14|0.88|0.69,deepfake_account_takeover,-0.17301703860302955,0.910615992647524,True,0.0,1.0,0.9379730673074382,12,False,0.0,0.0,-0.16,-0.03,0.0,0.0,-0.19,20260812,double_search_pressure,0,20350812,20360812,40,240,144
66,v2_double_search_pressure_r0,ai_app_scam_mule|1.46|1.48|0.52|0.85|0.59|0.53|0.56,ai_app_scam_mule,-0.1657276959226907,0.8722510311720564,True,0.0,1.0,0.9446078588716725,12,False,0.0,0.0,-0.16,-0.03,0.0,0.0,-0.19,20260812,double_search_pressure,0,20350812,20360812,40,240,144
67,v2_double_search_pressure_r0,fake_merchant_collusion|1.49|1.21|0.05|0.05|0.82|0.27|0.57,fake_merchant_collusion,-0.18839260000000002,0.9915400000000001,True,0.0,1.0,0.9033230066739214,12,False,0.0,0.0,-0.16,-0.03,0.0,0.0,-0.19,20260812,double_search_pressure,0,20350812,20360812,40,240,144
68,v2_double_search_pressure_r0,agentic_intent_hijack|0.91|0.71|0.05|0.3|0.92|0.38|0.72,agentic_intent_hijack,-0.1745068446557883,0.9184570771357279,True,0.0,1.0,0.9398107005274398,12,False,0.0,0.0,-0.16,-0.03,0.0,0.0,-0.19,20260812,double_search_pressure,0,20350812,20360812,40,240,144
69,v2_double_search_pressure_r0,ai_app_scam_mule|2.0|1.38|0.05|0.84|0.25|0.52|0.47,ai_app_scam_mule,-0.16302163160943806,0.858008587418095,True,0.0,1.0,0.9369205544394466,12,False,0.0,0.0,-0.16,-0.03,0.0,0.0,-0.19,20260812,double_search_pressure,0,20350812,20360812,40,240,144
70,v2_double_search_pressure_r0,deepfake_account_takeover|0.66|2.1|0.43|0.46|0.66|0.77|0.71,deepfake_account_takeover,-0.16609003247558965,0.8741580656609982,True,0.0,1.0,0.9404298322762651,12,False,0.0,0.0,-0.16,-0.03,0.0,0.0,-0.19,20260812,double_search_pressure,0,20350812,20360812,40,240,144
71,v2_double_search_pressure_r0,deepfake_account_takeover|1.26|1.03|0.67|0.69|0.48|0.51|0.89,deepfake_account_takeover,-0.17195268750708556,0.9050141447741346,True,0.0,1.0,0.9376454647347741,12,False,0.0,0.0,-0.16,-0.03,0.0,0.0,-0.19,20260812,double_search_pressure,0,20350812,20360812,40,240,144
72,v2_double_search_pressure_r0,ai_app_scam_mule|0.63|0.73|0.21|0.94|0.56|0.52|0.31,ai_app_scam_mule,-0.170941121924966,0.8996901153945578,True,0.0,1.0,0.9423528235756481,12,False,0.0,0.0,-0.16,-0.03,0.0,0.0,-0.19,20260812,double_search_pressure,0,20350812,20360812,40,240,144
73,v2_double_search_pressure_r0,adaptive_card_testing|1.35|0.75|0.23|0.32|0.07|0.94|0.56,adaptive_card_testing,-0.17959824690993365,0.945253931104914,True,0.0,1.0,0.8909132503958205,12,False,0.0,0.0,-0.16,-0.03,0.0,0.0,-0.19,20260812,double_search_pressure,0,20350812,20360812,40,240,144
74,v2_double_search_pressure_r0,ai_app_scam_mule|2.2|0.7|0.26|0.98|0.69|0.98|0.65,ai_app_scam_mule,-0.17140355999999998,0.9021239999999999,True,0.0,1.0,0.9452599798563028,12,False,0.0,0.0,-0.16,-0.03,0.0,0.0,-0.19,20260812,double_search_pressure,0,20350812,20360812,40,240,144
75,v2_double_search_pressure_r0,ai_app_scam_mule|0.75|0.98|0.05|0.98|0.49|0.54|0.93,ai_app_scam_mule,-0.16712855999999998,0.879624,True,0.0,1.0,0.9413225984304335,12,False,0.0,0.0,-0.16,-0.03,0.0,0.0,-0.19,20260812,double_search_pressure,0,20350812,20360812,40,240,144
76,v2_double_search_pressure_r0,ai_app_scam_mule|1.2|0.91|0.07|0.4|0.11|0.84|0.62,ai_app_scam_mule,-0.16532024900414563,0.8701065737060296,True,0.0,1.0,0.9316677966048462,12,False,0.0,0.0,-0.16,-0.03,0.0,0.0,-0.19,20260812,double_search_pressure,0,20350812,20360812,40,240,144
77,v2_double_search_pressure_r0,agentic_intent_hijack|0.81|0.68|0.59|0.11|0.82|0.88|0.66,agentic_intent_hijack,-0.1716378269525808,0.9033569839609517,True,0.0,1.0,0.9387573244796164,12,False,0.0,0.0,-0.16,-0.03,0.0,0.0,-0.19,20260812,double_search_pressure,0,20350812,20360812,40,240,144
78,v2_double_search_pressure_r0,deepfake_account_takeover|1.61|0.62|0.36|0.42|0.32|0.86|0.86,deepfake_account_takeover,-0.170773485460265,0.898807818211921,True,0.0,1.0,0.9357110532279961,12,False,0.0,0.0,-0.16,-0.03,0.0,0.0,-0.19,20260812,double_search_pressure,0,20350812,20360812,40,240,144
79,v2_double_search_pressure_r0,ai_app_scam_mule|0.97|1.08|0.58|0.6|0.05|0.6|0.68,ai_app_scam_mule,-0.17344544794210492,0.9128707786426575,True,0.0,1.0,0.9214622229106051,12,False,0.0,0.0,-0.16,-0.03,0.0,0.0,-0.19,20260812,double_search_pressure,0,20350812,20360812,40,240,144
80,v2_double_search_pressure_r0,deepfake_account_takeover|0.46|1.06|0.35|0.56|0.58|0.82|0.53,deepfake_account_takeover,-0.17294441399860427,0.9102337578873909,True,0.0,1.0,0.9428116106777745,12,False,0.0,0.0,-0.16,-0.03,0.0,0.0,-0.19,20260812,double_search_pressure,0,20350812,20360812,40,240,144
81,v2_double_search_pressure_r0,ai_app_scam_mule|0.75|0.98|0.05|0.98|0.49|0.54|0.93,ai_app_scam_mule,-0.16760355999999998,0.8821239999999999,True,0.0,1.0,0.9462110564611859,12,False,0.0,0.0,-0.16,-0.03,0.0,0.0,-0.19,20260812,double_search_pressure,0,20350812,20360812,40,240,144
82,v2_double_search_pressure_r0,synthetic_identity_bustout|0.66|0.88|0.2|0.12|0.3|0.62|0.48,synthetic_identity_bustout,-0.18380659173939318,0.9674031144178588,True,0.0,1.0,0.8727158827063991,12,False,0.0,0.0,-0.16,-0.03,0.0,0.0,-0.19,20260812,double_search_pressure,0,20350812,20360812,40,240,144
83,v2_double_search_pressure_r0,deepfake_account_takeover|1.6|0.78|0.74|0.76|0.14|0.88|0.69,deepfake_account_takeover,-0.17325796139697042,0.9118840073524759,True,0.0,1.0,0.9366052481727861,12,False,0.0,0.0,-0.16,-0.03,0.0,0.0,-0.19,20260812,double_search_pressure,0,20350812,20360812,40,240,144
84,v2_double_search_pressure_r0,ai_app_scam_mule|2.2|0.7|0.26|0.98|0.69|0.98|0.65,ai_app_scam_mule,-0.17282856,0.909624,True,0.0,1.0,0.948306190889238,12,False,0.0,0.0,-0.16,-0.03,0.0,0.0,-0.19,20260812,double_search_pressure,0,20350812,20360812,40,240,144
85,v2_double_search_pressure_r0,ai_app_scam_mule|0.94|1.49|0.05|0.98|0.13|0.47|0.43,ai_app_scam_mule,-0.16285355999999998,0.8571239999999999,True,0.0,1.0,0.9426698315049338,12,False,0.0,0.0,-0.16,-0.03,0.0,0.0,-0.19,20260812,double_search_pressure,0,20350812,20360812,40,240,144
86,v2_double_search_pressure_r0,fake_merchant_collusion|1.34|1.1|0.64|0.09|0.98|0.65|0.72,fake_merchant_collusion,-0.1871882559058847,0.9852013468730774,True,0.0,1.0,0.9231045886550718,12,False,0.0,0.0,-0.16,-0.03,0.0,0.0,-0.19,20260812,double_search_pressure,0,20350812,20360812,40,240,144
87,v2_double_search_pressure_r0,deepfake_account_takeover|1.43|0.85|0.6|0.05|0.27|0.64|0.68,deepfake_account_takeover,-0.16682183486840874,0.8780096572021512,True,0.0,1.0,0.9266758922346089,12,False,0.0,0.0,-0.16,-0.03,0.0,0.0,-0.19,20260812,double_search_pressure,0,20350812,20360812,40,240,144
88,v2_double_search_pressure_r0,adaptive_card_testing|2.14|1.52|0.05|0.05|0.54|0.54|0.6,adaptive_card_testing,-0.1831676,0.96404,True,0.0,1.0,0.8762785787137296,12,False,0.0,0.0,-0.16,-0.03,0.0,0.0,-0.19,20260812,double_search_pressure,0,20350812,20360812,40,240,144
89,v2_double_search_pressure_r0,deepfake_account_takeover|1.6|0.78|0.74|0.76|0.14|0.88|0.69,deepfake_account_takeover,-0.16921703860302956,0.890615992647524,True,0.0,1.0,0.9391070297238121,12,False,0.0,0.0,-0.16,-0.03,0.0,0.0,-0.19,20260812,double_search_pressure,0,20350812,20360812,40,240,144
90,v2_double_search_pressure_r0,ai_app_scam_mule|0.63|0.73|0.21|0.94|0.56|0.52|0.31,ai_app_scam_mule,-0.170466121924966,0.8971901153945578,True,0.0,1.0,0.943538023664081,12,False,0.0,0.0,-0.16,-0.03,0.0,0.0,-0.19,20260812,double_search_pressure,0,20350812,20360812,40,240,144
91,v2_double_search_pressure_r0,agentic_intent_hijack|1.25|0.53|0.06|0.24|0.43|0.78|0.81,agentic_intent_hijack,-0.16718255275223395,0.8799081723801787,True,0.0,1.0,0.9280014356016907,12,False,0.0,0.0,-0.16,-0.03,0.0,0.0,-0.19,20260812,double_search_pressure,0,20350812,20360812,40,240,144
92,v2_double_search_pressure_r0,deepfake_account_takeover|0.66|2.1|0.43|0.46|0.66|0.77|0.71,deepfake_account_takeover,-0.17321503247558964,0.911658065660998,True,0.0,1.0,0.9372270116331105,12,False,0.0,0.0,-0.16,-0.03,0.0,0.0,-0.19,20260812,double_search_pressure,0,20350812,20360812,40,240,144
93,v2_double_search_pressure_r0,ai_app_scam_mule|0.94|1.49|0.05|0.98|0.13|0.47|0.43,ai_app_scam_mule,-0.16522856,0.869624,True,0.0,1.0,0.9380831759443796,12,False,0.0,0.0,-0.16,-0.03,0.0,0.0,-0.19,20260812,double_search_pressure,0,20350812,20360812,40,240,144
94,v2_double_search_pressure_r0,deepfake_account_takeover|1.26|1.03|0.67|0.69|0.48|0.51|0.89,deepfake_account_takeover,-0.16910268750708557,0.8900141447741345,True,0.0,1.0,0.9384866349101803,12,False,0.0,0.0,-0.16,-0.03,0.0,0.0,-0.19,20260812,double_search_pressure,0,20350812,20360812,40,240,144
95,v2_double_search_pressure_r0,fake_merchant_collusion|0.75|1.46|0.05|0.11|0.45|0.84|0.75,fake_merchant_collusion,-0.18246096355109687,0.9603208607952467,True,0.0,1.0,0.879492585510198,12,False,0.0,0.0,-0.16,-0.03,0.0,0.0,-0.19,20260812,double_search_pressure,0,20350812,20360812,40,240,144
96,v2_double_search_pressure_r0,ai_app_scam_mule|2.2|0.7|0.26|0.98|0.69|0.98|0.65,ai_app_scam_mule,-0.17140355999999998,0.9021239999999999,True,0.0,1.0,0.9444316991562217,12,False,0.0,0.0,-0.16,-0.03,0.0,0.0,-0.19,20260812,double_search_pressure,0,20350812,20360812,40,240,144
97,v2_double_search_pressure_r0,ai_app_scam_mule|0.75|0.98|0.05|0.98|0.49|0.54|0.93,ai_app_scam_mule,-0.16475356,0.8671239999999999,True,0.0,1.0,0.9399053454410974,12,False,0.0,0.0,-0.16,-0.03,0.0,0.0,-0.19,20260812,double_search_pressure,0,20350812,20360812,40,240,144
98,v2_double_search_pressure_r0,synthetic_identity_bustout|2.0|0.79|0.05|0.31|0.55|0.51|0.81,synthetic_identity_bustout,-0.18446555653376828,0.9708713501777277,True,0.0,1.0,0.9019310534880125,12,False,0.0,0.0,-0.16,-0.03,0.0,0.0,-0.19,20260812,double_search_pressure,0,20350812,20360812,40,240,144
99,v2_double_search_pressure_r0,deepfake_account_takeover|1.43|0.85|0.6|0.05|0.27|0.64|0.68,deepfake_account_takeover,-0.15922183486840874,0.8380096572021513,True,0.0,1.0,0.9392951236899778,12,False,0.0,0.0,-0.16,-0.03,0.0,0.0,-0.19,20260812,double_search_pressure,0,20350812,20360812,40,240,144
100,v2_double_search_pressure_r0,adaptive_card_testing|0.58|0.8|0.58|0.05|0.55|0.36|0.65,adaptive_card_testing,-0.18314363107108775,0.963913847742567,True,0.0,1.0,0.9083343685430347,12,False,0.0,0.0,-0.16,-0.03,0.0,0.0,-0.19,20260812,double_search_pressure,0,20350812,20360812,40,240,144
101,v2_double_search_pressure_r0,ai_app_scam_mule|1.46|1.48|0.52|0.85|0.59|0.53|0.56,ai_app_scam_mule,-0.16819730407730926,0.8852489688279435,True,0.0,1.0,0.9423587506588956,12,False,0.0,0.0,-0.16,-0.03,0.0,0.0,-0.19,20260812,double_search_pressure,0,20350812,20360812,40,240,144
102,v2_double_search_pressure_r0,ai_app_scam_mule|1.2|0.91|0.07|0.4|0.11|0.84|0.62,ai_app_scam_mule,-0.16342024900414562,0.8601065737060296,True,0.0,1.0,0.9126447768465971,12,False,0.0,0.0,-0.16,-0.03,0.0,0.0,-0.19,20260812,double_search_pressure,0,20350812,20360812,40,240,144
103,v2_double_search_pressure_r0,ai_app_scam_mule|1.34|2.1|0.16|0.84|0.39|0.75|0.92,ai_app_scam_mule,-0.1687855331562252,0.8883449113485535,True,0.0,1.0,0.9392100194516556,12,False,0.0,0.0,-0.16,-0.03,0.0,0.0,-0.19,20260812,double_search_pressure,0,20350812,20360812,40,240,144
104,v2_double_search_pressure_r0,agentic_intent_hijack|1.73|2.02|0.45|0.05|0.48|0.81|0.74,agentic_intent_hijack,-0.16661844054591815,0.8769391607679903,True,0.0,1.0,0.9281668217658194,12,False,0.0,0.0,-0.16,-0.03,0.0,0.0,-0.19,20260812,double_search_pressure,0,20350812,20360812,40,240,144
105,v2_double_search_pressure_r0,deepfake_account_takeover|1.6|0.78|0.74|0.76|0.14|0.88|0.69,deepfake_account_takeover,-0.16399203860302958,0.863115992647524,True,0.0,1.0,0.9404097301463817,12,False,0.0,0.0,-0.16,-0.03,0.0,0.0,-0.19,20260812,double_search_pressure,0,20350812,20360812,40,240,144
106,v2_double_search_pressure_r0,deepfake_account_takeover|0.46|1.06|0.35|0.56|0.58|0.82|0.53,deepfake_account_takeover,-0.17294441399860427,0.9102337578873909,True,0.0,1.0,0.9386960621464856,12,False,0.0,0.0,-0.16,-0.03,0.0,0.0,-0.19,20260812,double_search_pressure,0,20350812,20360812,40,240,144
107,v2_double_search_pressure_r0,ai_app_scam_mule|2.2|0.7|0.26|0.98|0.69|0.98|0.65,ai_app_scam_mule,-0.16902856,0.889624,True,0.0,1.0,0.9435719373737829,12,False,0.0,0.0,-0.16,-0.03,0.0,0.0,-0.19,20260812,double_search_pressure,0,20350812,20360812,40,240,144
108,v2_double_search_pressure_r0,ai_app_scam_mule|0.6|0.96|0.38|0.58|0.05|0.61|0.78,ai_app_scam_mule,-0.1689016608528385,0.8889561097517815,True,0.0,1.0,0.910094593794267,12,False,0.0,0.0,-0.16,-0.03,0.0,0.0,-0.19,20260812,double_search_pressure,0,20350812,20360812,40,240,144
109,v2_double_search_pressure_r0,ai_app_scam_mule|0.63|0.73|0.21|0.94|0.56|0.52|0.31,ai_app_scam_mule,-0.174266121924966,0.9171901153945579,True,0.0,1.0,0.9422419238382028,12,False,0.0,0.0,-0.16,-0.03,0.0,0.0,-0.19,20260812,double_search_pressure,0,20350812,20360812,40,240,144
110,v2_double_search_pressure_r0,fake_merchant_collusion|1.49|1.21|0.05|0.05|0.82|0.27|0.57,fake_merchant_collusion,-0.1893426,0.99654,True,0.0,1.0,0.8941136655144523,12,False,0.0,0.0,-0.16,-0.03,0.0,0.0,-0.19,20260812,double_search_pressure,0,20350812,20360812,40,240,144
111,v2_double_search_pressure_r0,ai_app_scam_mule|1.35|0.67|0.05|0.98|0.34|0.89|0.95,ai_app_scam_mule,-0.16525941444480413,0.8697863918147586,True,0.0,1.0,0.9445553190522732,12,False,0.0,0.0,-0.16,-0.03,0.0,0.0,-0.19,20260812,double_search_pressure,0,20350812,20360812,40,240,144
112,v2_double_search_pressure_r0,ai_app_scam_mule|0.94|1.49|0.05|0.98|0.13|0.47|0.43,ai_app_scam_mule,-0.16617855999999998,0.8746239999999998,True,0.0,1.0,0.9414091629557854,12,False,0.0,0.0,-0.16,-0.03,0.0,0.0,-0.19,20260812,double_search_pressure,0,20350812,20360812,40,240,144
113,v2_double_search_pressure_r0,synthetic_identity_bustout|1.41|1.95|0.44|0.14|0.38|0.92|0.98,synthetic_identity_bustout,-0.18101613600540511,0.9527165052916058,True,0.0,1.0,0.9046559739819466,12,False,0.0,0.0,-0.16,-0.03,0.0,0.0,-0.19,20260812,double_search_pressure,0,20350812,20360812,40,240,144
114,v2_double_search_pressure_r0,deepfake_account_takeover|1.6|0.78|0.74|0.76|0.14|0.88|0.69,deepfake_account_takeover,-0.1685079613969704,0.8868840073524759,True,0.0,1.0,0.9388517283828631,12,False,0.0,0.0,-0.16,-0.03,0.0,0.0,-0.19,20260812,double_search_pressure,0,20350812,20360812,40,240,144
115,v2_double_search_pressure_r0,deepfake_account_takeover|1.43|0.85|0.6|0.05|0.27|0.64|0.68,deepfake_account_takeover,-0.16397183486840874,0.8630096572021513,True,0.0,1.0,0.9396426806856528,12,False,0.0,0.0,-0.16,-0.03,0.0,0.0,-0.19,20260812,double_search_pressure,0,20350812,20360812,40,240,144
116,v2_double_search_pressure_r0,deepfake_account_takeover|0.46|1.06|0.35|0.56|0.58|0.82|0.53,deepfake_account_takeover,-0.17294441399860427,0.9102337578873909,True,0.0,1.0,0.932487763144834,12,False,0.0,0.0,-0.16,-0.03,0.0,0.0,-0.19,20260812,double_search_pressure,0,20350812,20360812,40,240,144
117,v2_double_search_pressure_r0,deepfake_account_takeover|1.26|1.03|0.67|0.69|0.48|0.51|0.89,deepfake_account_takeover,-0.16102768750708557,0.8475141447741346,True,0.0,1.0,0.9403565485910295,12,False,0.0,0.0,-0.16,-0.03,0.0,0.0,-0.19,20260812,double_search_pressure,0,20350812,20360812,40,240,144
118,v2_double_search_pressure_r0,ai_app_scam_mule|2.2|0.7|0.26|0.98|0.69|0.98|0.65,ai_app_scam_mule,-0.17377855999999997,0.9146239999999999,True,0.0,1.0,0.9443751569225697,12,False,0.0,0.0,-0.16,-0.03,0.0,0.0,-0.19,20260812,double_search_pressure,0,20350812,20360812,40,240,144
119,v2_double_search_pressure_r0,agentic_intent_hijack|0.91|0.71|0.05|0.3|0.92|0.38|0.72,agentic_intent_hijack,-0.17319315534421167,0.911542922864272,True,0.0,1.0,0.9286440785396772,12,False,0.0,0.0,-0.16,-0.03,0.0,0.0,-0.19,20260812,double_search_pressure,0,20350812,20360812,40,240,144
120,v2_double_search_pressure_r0,ai_app_scam_mule|0.6|0.96|0.38|0.58|0.05|0.61|0.78,ai_app_scam_mule,-0.1655766608528385,0.8714561097517816,True,0.0,1.0,0.9325787267259676,12,False,0.0,0.0,-0.16,-0.03,0.0,0.0,-0.19,20260812,double_search_pressure,0,20350812,20360812,40,240,144
121,v2_double_search_pressure_r0,ai_app_scam_mule|0.94|1.49|0.05|0.98|0.13|0.47|0.43,ai_app_scam_mule,-0.16142856,0.8496239999999999,True,0.0,1.0,0.9419845150465632,12,False,0.0,0.0,-0.16,-0.03,0.0,0.0,-0.19,20260812,double_search_pressure,0,20350812,20360812,40,240,144
122,v2_double_search_pressure_r0,adaptive_card_testing|1.35|0.75|0.23|0.32|0.07|0.94|0.56,adaptive_card_testing,-0.18244824690993366,0.9602539311049141,True,0.0,1.0,0.9030060106333714,12,False,0.0,0.0,-0.16,-0.03,0.0,0.0,-0.19,20260812,double_search_pressure,0,20350812,20360812,40,240,144
123,v2_double_search_pressure_r0,ai_app_scam_mule|0.85|0.83|0.55|0.98|0.33|0.53|0.72,ai_app_scam_mule,-0.16427856,0.864624,True,0.0,1.0,0.9422423503383079,12,False,0.0,0.0,-0.16,-0.03,0.0,0.0,-0.19,20260812,double_search_pressure,0,20350812,20360812,40,240,144
124,v2_double_search_pressure_r0,ai_app_scam_mule|1.35|0.67|0.05|0.98|0.34|0.89|0.95,ai_app_scam_mule,-0.16430941444480412,0.8647863918147586,True,0.0,1.0,0.9426638930408613,12,False,0.0,0.0,-0.16,-0.03,0.0,0.0,-0.19,20260812,double_search_pressure,0,20350812,20360812,40,240,144
125,v2_double_search_pressure_r0,deepfake_account_takeover|0.66|2.1|0.43|0.46|0.66|0.77|0.71,deepfake_account_takeover,-0.16894003247558967,0.8891580656609982,True,0.0,1.0,0.9411397664816389,12,False,0.0,0.0,-0.16,-0.03,0.0,0.0,-0.19,20260812,double_search_pressure,0,20350812,20360812,40,240,144
126,v2_double_search_pressure_r0,deepfake_account_takeover|1.6|0.78|0.74|0.76|0.14|0.88|0.69,deepfake_account_takeover,-0.1654170386030296,0.8706159926475241,True,0.0,1.0,0.937983658619745,12,False,0.0,0.0,-0.16,-0.03,0.0,0.0,-0.19,20260812,double_search_pressure,0,20350812,20360812,40,240,144
127,v2_double_search_pressure_r0,ai_app_scam_mule|1.46|1.48|0.52|0.85|0.59|0.53|0.56,ai_app_scam_mule,-0.16914730407730927,0.8902489688279435,True,0.0,1.0,0.9416146441697811,12,False,0.0,0.0,-0.16,-0.03,0.0,0.0,-0.19,20260812,double_search_pressure,0,20350812,20360812,40,240,144
128,v2_double_search_pressure_r0,deepfake_account_takeover|1.43|0.85|0.6|0.05|0.27|0.64|0.68,deepfake_account_takeover,-0.15542183486840874,0.8180096572021512,True,0.0,1.0,0.9392200289094877,12,False,0.0,0.0,-0.16,-0.03,0.0,0.0,-0.19,20260812,double_search_pressure,0,20350812,20360812,40,240,144
129,v2_double_search_pressure_r0,ai_app_scam_mule|0.75|0.98|0.05|0.98|0.49|0.54|0.93,ai_app_scam_mule,-0.16190355999999997,0.8521239999999999,True,0.0,1.0,0.9443435253701837,12,False,0.0,0.0,-0.16,-0.03,0.0,0.0,-0.19,20260812,double_search_pressure,0,20350812,20360812,40,240,144
130,v2_double_search_pressure_r0,ai_app_scam_mule|0.63|0.73|0.21|0.94|0.56|0.52|0.31,ai_app_scam_mule,-0.16809112192496597,0.8846901153945578,True,0.0,1.0,0.9439680695353364,12,False,0.0,0.0,-0.16,-0.03,0.0,0.0,-0.19,20260812,double_search_pressure,0,20350812,20360812,40,240,144
131,v2_double_search_pressure_r0,agentic_intent_hijack|1.73|2.02|0.45|0.05|0.48|0.81|0.74,agentic_intent_hijack,-0.16756844054591816,0.8819391607679903,True,0.0,1.0,0.9150950593161492,12,False,0.0,0.0,-0.16,-0.03,0.0,0.0,-0.19,20260812,double_search_pressure,0,20350812,20360812,40,240,144
132,v2_double_search_pressure_r0,deepfake_account_takeover|0.91|0.73|0.95|0.36|0.56|0.63|0.78,deepfake_account_takeover,-0.17223583693616673,0.9065044049271933,True,0.0,1.0,0.9392519974998513,12,False,0.0,0.0,-0.16,-0.03,0.0,0.0,-0.19,20260812,double_search_pressure,0,20350812,20360812,40,240,144
133,v2_double_search_pressure_r0,ai_app_scam_mule|2.2|0.7|0.26|0.98|0.69|0.98|0.65,ai_app_scam_mule,-0.17107144,0.900376,True,0.0,1.0,0.9492103465827738,12,False,0.0,0.0,-0.16,-0.03,0.0,0.0,-0.19,20260812,double_search_pressure,0,20350812,20360812,40,240,144
134,v2_double_search_pressure_r0,ai_app_scam_mule|1.2|0.91|0.07|0.4|0.11|0.84|0.62,ai_app_scam_mule,-0.16389524900414562,0.8626065737060296,True,0.0,1.0,0.9346061199155081,12,False,0.0,0.0,-0.16,-0.03,0.0,0.0,-0.19,20260812,double_search_pressure,0,20350812,20360812,40,240,144
135,v2_double_search_pressure_r0,deepfake_account_takeover|0.46|1.06|0.35|0.56|0.58|0.82|0.53,deepfake_account_takeover,-0.1728555860013957,0.9097662421126089,True,0.0,1.0,0.9318719223787779,12,False,0.0,0.0,-0.16,-0.03,0.0,0.0,-0.19,20260812,double_search_pressure,0,20350812,20360812,40,240,144
136,v2_double_search_pressure_r0,deepfake_account_takeover|1.26|1.03|0.67|0.69|0.48|0.51|0.89,deepfake_account_takeover,-0.17337768750708557,0.9125141447741345,True,0.0,1.0,0.9363489423938495,12,False,0.0,0.0,-0.16,-0.03,0.0,0.0,-0.19,20260812,double_search_pressure,0,20350812,20360812,40,240,144
137,v2_double_search_pressure_r0,ai_app_scam_mule|2.0|1.38|0.05|0.84|0.25|0.52|0.47,ai_app_scam_mule,-0.16777163160943806,0.8830085874180951,True,0.0,1.0,0.9343713120216152,12,False,0.0,0.0,-0.16,-0.03,0.0,0.0,-0.19,20260812,double_search_pressure,0,20350812,20360812,40,240,144
138,v2_double_search_pressure_r0,ai_app_scam_mule|0.6|0.96|0.38|0.58|0.05|0.61|0.78,ai_app_scam_mule,-0.16415166085283847,0.8639561097517814,True,0.0,1.0,0.9308508367106042,12,False,0.0,0.0,-0.16,-0.03,0.0,0.0,-0.19,20260812,double_search_pressure,0,20350812,20360812,40,240,144
139,v2_double_search_pressure_r0,deepfake_account_takeover|1.6|0.78|0.74|0.76|0.14|0.88|0.69,deepfake_account_takeover,-0.17349203860302959,0.9131159926475241,True,0.0,1.0,0.9337290144036211,12,False,0.0,0.0,-0.16,-0.03,0.0,0.0,-0.19,20260812,double_search_pressure,0,20350812,20360812,40,240,144
140,v2_double_search_pressure_r0,fake_merchant_collusion|0.95|0.54|0.13|0.46|0.98|0.98|0.73,fake_merchant_collusion,-0.1844736725751287,0.9709140661848878,True,0.0,1.0,0.9201428265551499,12,False,0.0,0.0,-0.16,-0.03,0.0,0.0,-0.19,20260812,double_search_pressure,0,20350812,20360812,40,240,144
141,v2_double_search_pressure_r0,ai_app_scam_mule|0.63|0.73|0.21|0.94|0.56|0.52|0.31,ai_app_scam_mule,-0.172366121924966,0.9071901153945578,True,0.0,1.0,0.9393309508197776,12,False,0.0,0.0,-0.16,-0.03,0.0,0.0,-0.19,20260812,double_search_pressure,0,20350812,20360812,40,240,144
142,v2_double_search_pressure_r0,deepfake_account_takeover|1.43|0.85|0.6|0.05|0.27|0.64|0.68,deepfake_account_takeover,-0.16017183486840875,0.8430096572021513,True,0.0,1.0,0.9394657834380896,12,False,0.0,0.0,-0.16,-0.03,0.0,0.0,-0.19,20260812,double_search_pressure,0,20350812,20360812,40,240,144
143,v2_double_search_pressure_r0,ai_app_scam_mule|1.34|2.1|0.16|0.84|0.39|0.75|0.92,ai_app_scam_mule,-0.16308553315622518,0.8583449113485535,True,0.0,1.0,0.9385176970500804,12,False,0.0,0.0,-0.16,-0.03,0.0,0.0,-0.19,20260812,double_search_pressure,0,20350812,20360812,40,240,144
0,v2_independent_pool_r0,deepfake_account_takeover|1.27|0.49|0.7|0.53|0.58|0.96|0.85,deepfake_account_takeover,-0.16637426902386357,0.8756540474940188,True,0.0,1.0,0.941059882994661,12,False,0.0,0.0,-0.16,-0.03,0.0,0.0,-0.19,20260813,independent_pool,0,20310813,20320813,20,120,72
1,v2_independent_pool_r0,ai_app_scam_mule|1.27|2.0|0.19|0.95|0.4|0.92|0.74,ai_app_scam_mule,-0.1674830334589397,0.8814896497838931,True,0.0,1.0,0.9370222696824846,12,False,0.0,0.0,-0.16,-0.03,0.0,0.0,-0.19,20260813,independent_pool,0,20310813,20320813,20,120,72
2,v2_independent_pool_r0,synthetic_identity_bustout|0.45|1.19|0.08|0.05|0.5|0.9|0.83,synthetic_identity_bustout,-0.18096320887376063,0.9524379414408454,True,0.0,1.0,0.9016012423259365,12,False,0.0,0.0,-0.16,-0.03,0.0,0.0,-0.19,20260813,independent_pool,0,20310813,20320813,20,120,72
3,v2_independent_pool_r0,fake_merchant_collusion|1.88|0.96|0.47|0.16|0.98|0.69|0.61,fake_merchant_collusion,-0.18653940554679735,0.981786344983144,True,0.0,1.0,0.9250469183265397,12,False,0.0,0.0,-0.16,-0.03,0.0,0.0,-0.19,20260813,independent_pool,0,20310813,20320813,20,120,72
4,v2_independent_pool_r0,agentic_intent_hijack|0.81|1.83|0.74|0.05|0.76|0.83|0.5,agentic_intent_hijack,-0.17231396424734596,0.9069156013018208,True,0.0,1.0,0.932433360975757,12,False,0.0,0.0,-0.16,-0.03,0.0,0.0,-0.19,20260813,independent_pool,0,20310813,20320813,20,120,72
5,v2_independent_pool_r0,adaptive_card_testing|0.69|0.53|0.15|0.3|0.58|0.83|0.52,adaptive_card_testing,-0.1849870862067168,0.9736162431932464,True,0.0,1.0,0.9027388362763342,12,False,0.0,0.0,-0.16,-0.03,0.0,0.0,-0.19,20260813,independent_pool,0,20310813,20320813,20,120,72
6,v2_independent_pool_r0,adaptive_card_testing|2.2|0.84|0.14|0.14|0.41|0.75|0.8,adaptive_card_testing,-0.1863855416274259,0.980976534881189,True,0.0,1.0,0.890976125394293,12,False,0.0,0.0,-0.16,-0.03,0.0,0.0,-0.19,20260813,independent_pool,0,20310813,20320813,20,120,72
7,v2_independent_pool_r0,deepfake_account_takeover|0.76|1.42|0.95|0.09|0.36|0.68|0.86,deepfake_account_takeover,-0.16508264864652464,0.8688560455080244,True,0.0,1.0,0.9319726117564753,12,False,0.0,0.0,-0.16,-0.03,0.0,0.0,-0.19,20260813,independent_pool,0,20310813,20320813,20,120,72
8,v2_independent_pool_r0,ai_app_scam_mule|0.95|0.69|0.18|0.98|0.05|0.78|0.58,ai_app_scam_mule,-0.15952855999999999,0.8396239999999999,True,0.0,1.0,0.9412136773079013,12,False,0.0,0.0,-0.16,-0.03,0.0,0.0,-0.19,20260813,independent_pool,0,20310813,20320813,20,120,72
9,v2_independent_pool_r0,fake_merchant_collusion|0.69|1.67|0.1|0.2|0.98|0.41|0.66,fake_merchant_collusion,-0.18952502575503571,0.9975001355528195,True,0.0,1.0,0.9047653038635256,12,False,0.0,0.0,-0.16,-0.03,0.0,0.0,-0.19,20260813,independent_pool,0,20310813,20320813,20,120,72
10,v2_independent_pool_r0,agentic_intent_hijack|1.08|0.56|0.6|0.16|0.56|0.7|0.87,agentic_intent_hijack,-0.1686906071305881,0.8878453006873057,True,0.0,1.0,0.9238579478164555,12,False,0.0,0.0,-0.16,-0.03,0.0,0.0,-0.19,20260813,independent_pool,0,20310813,20320813,20,120,72
11,v2_independent_pool_r0,synthetic_identity_bustout|1.77|1.03|0.17|0.29|0.25|0.8|0.78,synthetic_identity_bustout,-0.17852736967301128,0.9396177351211119,True,0.0,1.0,0.9202051647031855,12,False,0.0,0.0,-0.16,-0.03,0.0,0.0,-0.19,20260813,independent_pool,0,20310813,20320813,20,120,72
12,v2_independent_pool_r0,adaptive_card_testing|0.82|1.04|0.52|0.11|0.87|0.22|0.45,adaptive_card_testing,-0.18628089788352256,0.9804257783343293,True,0.0,1.0,0.9000823338927594,12,False,0.0,0.0,-0.16,-0.03,0.0,0.0,-0.19,20260813,independent_pool,0,20310813,20320813,20,120,72
13,v2_independent_pool_r0,deepfake_account_takeover|1.04|0.95|0.61|0.98|0.6|0.97|0.66,deepfake_account_takeover,-0.1724735430124163,0.9077554895390331,True,0.0,1.0,0.945448033682839,12,False,0.0,0.0,-0.16,-0.03,0.0,0.0,-0.19,20260813,independent_pool,0,20310813,20320813,20,120,72
14,v2_independent_pool_r0,ai_app_scam_mule|0.49|0.88|0.44|0.76|0.18|0.68|0.74,ai_app_scam_mule,-0.16873008350470575,0.8880530710773986,True,0.0,1.0,0.9244664082244337,12,False,0.0,0.0,-0.16,-0.03,0.0,0.0,-0.19,20260813,independent_pool,0,20310813,20320813,20,120,72
15,v2_independent_pool_r0,agentic_intent_hijack|0.88|0.85|0.13|0.09|0.98|0.98|0.79,agentic_intent_hijack,-0.17417291370068766,0.9166995457930929,True,0.0,1.0,0.9231102044018198,12,False,0.0,0.0,-0.16,-0.03,0.0,0.0,-0.19,20260813,independent_pool,0,20310813,20320813,20,120,72
16,v2_independent_pool_r0,ai_app_scam_mule|1.1|1.14|0.13|0.87|0.59|0.36|0.74,ai_app_scam_mule,-0.16414802664287376,0.8639369823309144,True,0.0,1.0,0.9453223039450132,12,False,0.0,0.0,-0.16,-0.03,0.0,0.0,-0.19,20260813,independent_pool,0,20310813,20320813,20,120,72
17,v2_independent_pool_r0,deepfake_account_takeover|0.79|0.82|0.61|0.05|0.08|0.95|0.73,deepfake_account_takeover,-0.16483416225905503,0.8675482224160791,True,0.0,1.0,0.9316523100567408,12,False,0.0,0.0,-0.16,-0.03,0.0,0.0,-0.19,20260813,independent_pool,0,20310813,20320813,20,120,72
18,v2_independent_pool_r0,agentic_intent_hijack|0.75|1.31|0.05|0.31|0.36|0.76|0.79,agentic_intent_hijack,-0.1691897693891426,0.8904724704691716,True,0.0,1.0,0.9116117383933308,12,False,0.0,0.0,-0.16,-0.03,0.0,0.0,-0.19,20260813,independent_pool,0,20310813,20320813,20,120,72
19,v2_independent_pool_r0,adaptive_card_testing|1.04|1.74|0.69|0.05|0.37|0.53|0.53,adaptive_card_testing,-0.18185627511651278,0.9571382900869094,True,0.0,1.0,0.8397604568708544,12,False,0.0,0.0,-0.16,-0.03,0.0,0.0,-0.19,20260813,independent_pool,0,20310813,20320813,20,120,72
20,v2_independent_pool_r0,synthetic_identity_bustout|1.06|0.55|0.31|0.16|0.24|0.75|0.5,synthetic_identity_bustout,-0.1815462025285147,0.9555063290974457,True,0.0,1.0,0.8953185554353679,12,False,0.0,0.0,-0.16,-0.03,0.0,0.0,-0.19,20260813,independent_pool,0,20310813,20320813,20,120,72
21,v2_independent_pool_r0,fake_merchant_collusion|1.64|1.13|0.05|0.32|0.87|0.91|0.98,fake_merchant_collusion,-0.181981620213691,0.9577980011246895,True,0.0,1.0,0.9321367191792046,12,False,0.0,0.0,-0.16,-0.03,0.0,0.0,-0.19,20260813,independent_pool,0,20310813,20320813,20,120,72
22,v2_independent_pool_r0,deepfake_account_takeover|1.04|0.95|0.61|0.98|0.6|0.97|0.66,deepfake_account_takeover,-0.16819854301241632,0.8852554895390332,True,0.0,1.0,0.9450739187544288,12,False,0.0,0.0,-0.16,-0.03,0.0,0.0,-0.19,20260813,independent_pool,0,20310813,20320813,20,120,72
23,v2_independent_pool_r0,ai_app_scam_mule|1.57|1.15|0.3|0.98|0.05|0.46|0.77,ai_app_scam_mule,-0.16617855999999998,0.8746239999999998,True,0.0,1.0,0.9374387830224592,12,False,0.0,0.0,-0.16,-0.03,0.0,0.0,-0.19,20260813,independent_pool,0,20310813,20320813,20,120,72
24,v2_independent_pool_r0,adaptive_card_testing|1.55|1.15|0.22|0.27|0.7|0.2|0.74,adaptive_card_testing,-0.18871583810290002,0.993241253173158,True,0.0,1.0,0.9050847790255444,12,False,0.0,0.0,-0.16,-0.03,0.0,0.0,-0.19,20260813,independent_pool,0,20310813,20320813,20,120,72
25,v2_independent_pool_r0,ai_app_scam_mule|1.48|0.85|0.11|0.52|0.7|0.73|0.54,ai_app_scam_mule,-0.17348446725043212,0.913076143423327,True,0.0,1.0,0.9435850145356075,12,False,0.0,0.0,-0.16,-0.03,0.0,0.0,-0.19,20260813,independent_pool,0,20310813,20320813,20,120,72
26,v2_independent_pool_r0,deepfake_account_takeover|1.04|0.65|0.84|0.38|0.57|0.48|0.73,deepfake_account_takeover,-0.17345883856005492,0.9129412555792364,True,0.0,1.0,0.9423951006102039,12,False,0.0,0.0,-0.16,-0.03,0.0,0.0,-0.19,20260813,independent_pool,0,20310813,20320813,20,120,72
27,v2_independent_pool_r0,adaptive_card_testing|0.52|1.23|0.05|0.05|0.42|0.62|0.5,adaptive_card_testing,-0.1803176,0.94904,True,0.0,1.0,0.8844296066726763,12,False,0.0,0.0,-0.16,-0.03,0.0,0.0,-0.19,20260813,independent_pool,0,20310813,20320813,20,120,72
28,v2_independent_pool_r0,agentic_intent_hijack|0.81|1.83|0.74|0.05|0.76|0.83|0.5,agentic_intent_hijack,-0.17373896424734595,0.9144156013018208,True,0.0,1.0,0.9284023445454136,12,False,0.0,0.0,-0.16,-0.03,0.0,0.0,-0.19,20260813,independent_pool,0,20310813,20320813,20,120,72
29,v2_independent_pool_r0,ai_app_scam_mule|0.49|0.88|0.44|0.76|0.18|0.68|0.74,ai_app_scam_mule,-0.16493008350470573,0.8680530710773986,True,0.0,1.0,0.9289003427076975,12,False,0.0,0.0,-0.16,-0.03,0.0,0.0,-0.19,20260813,independent_pool,0,20310813,20320813,20,120,72
30,v2_independent_pool_r0,agentic_intent_hijack|1.08|0.56|0.6|0.16|0.56|0.7|0.87,agentic_intent_hijack,-0.17344060713058806,0.9128453006873056,True,0.0,1.0,0.9340992233888344,12,False,0.0,0.0,-0.16,-0.03,0.0,0.0,-0.19,20260813,independent_pool,0,20310813,20320813,20,120,72
31,v2_independent_pool_r0,deepfake_account_takeover|0.76|1.42|0.95|0.09|0.36|0.68|0.86,deepfake_account_takeover,-0.16935764864652467,0.8913560455080245,True,0.0,1.0,0.9376080452202556,12,False,0.0,0.0,-0.16,-0.03,0.0,0.0,-0.19,20260813,independent_pool,0,20310813,20320813,20,120,72
32,v2_independent_pool_r0,fake_merchant_collusion|0.69|1.67|0.1|0.2|0.98|0.41|0.66,fake_merchant_collusion,-0.18952502575503571,0.9975001355528195,True,0.0,1.0,0.9095011279146986,12,False,0.0,0.0,-0.16,-0.03,0.0,0.0,-0.19,20260813,independent_pool,0,20310813,20320813,20,120,72
33,v2_independent_pool_r0,synthetic_identity_bustout|1.37|1.23|0.05|0.05|0.83|0.67|0.79,synthetic_identity_bustout,-0.18649259999999998,0.9815399999999999,True,0.0,1.0,0.9060968539504427,12,False,0.0,0.0,-0.16,-0.03,0.0,0.0,-0.19,20260813,independent_pool,0,20310813,20320813,20,120,72
34,v2_independent_pool_r0,deepfake_account_takeover|0.5|0.9|0.28|0.51|0.52|0.82|0.7,deepfake_account_takeover,-0.17220423313229416,0.9063380691173377,True,0.0,1.0,0.9360781080297449,12,False,0.0,0.0,-0.16,-0.03,0.0,0.0,-0.19,20260813,independent_pool,0,20310813,20320813,20,120,72
35,v2_independent_pool_r0,ai_app_scam_mule|1.57|1.15|0.3|0.98|0.05|0.46|0.77,ai_app_scam_mule,-0.16237855999999998,0.8546239999999999,True,0.0,1.0,0.9384906147035336,12,False,0.0,0.0,-0.16,-0.03,0.0,0.0,-0.19,20260813,independent_pool,0,20310813,20320813,20,120,72
36,v2_independent_pool_r0,deepfake_account_takeover|1.83|0.72|0.65|0.47|0.57|0.98|0.45,deepfake_account_takeover,-0.16679839708872454,0.8778863004669712,True,0.0,1.0,0.9443627087548395,12,False,0.0,0.0,-0.16,-0.03,0.0,0.0,-0.19,20260813,independent_pool,0,20310813,20320813,20,120,72
37,v2_independent_pool_r0,adaptive_card_testing|0.69|0.53|0.15|0.3|0.58|0.83|0.52,adaptive_card_testing,-0.18166208620671684,0.9561162431932465,True,0.0,1.0,0.9139453889247656,12,False,0.0,0.0,-0.16,-0.03,0.0,0.0,-0.19,20260813,independent_pool,0,20310813,20320813,20,120,72
38,v2_independent_pool_r0,deepfake_account_takeover|0.79|0.82|0.61|0.05|0.08|0.95|0.73,deepfake_account_takeover,-0.16435916225905503,0.865048222416079,True,0.0,1.0,0.9329271526740435,12,False,0.0,0.0,-0.16,-0.03,0.0,0.0,-0.19,20260813,independent_pool,0,20310813,20320813,20,120,72
39,v2_independent_pool_r0,agentic_intent_hijack|0.75|1.31|0.05|0.31|0.36|0.76|0.79,agentic_intent_hijack,-0.1729897693891426,0.9104724704691716,True,0.0,1.0,0.9161633732079171,12,False,0.0,0.0,-0.16,-0.03,0.0,0.0,-0.19,20260813,independent_pool,0,20310813,20320813,20,120,72
40,v2_independent_pool_r0,synthetic_identity_bustout|1.24|0.98|0.67|0.05|0.41|0.98|0.83,synthetic_identity_bustout,-0.18402490052353854,0.9685521080186239,True,0.0,1.0,0.907777083073899,12,False,0.0,0.0,-0.16,-0.03,0.0,0.0,-0.19,20260813,independent_pool,0,20310813,20320813,20,120,72
41,v2_independent_pool_r0,fake_merchant_collusion|2.02|1.1|0.31|0.05|0.55|0.6|0.82,fake_merchant_collusion,-0.1839922543861709,0.9683802862430047,True,0.0,1.0,0.8944727061870168,12,False,0.0,0.0,-0.16,-0.03,0.0,0.0,-0.19,20260813,independent_pool,0,20310813,20320813,20,120,72
42,v2_independent_pool_r0,deepfake_account_takeover|1.04|0.65|0.84|0.38|0.57|0.48|0.73,deepfake_account_takeover,-0.17424116143994506,0.9170587444207634,True,0.0,1.0,0.9420585584688373,12,False,0.0,0.0,-0.16,-0.03,0.0,0.0,-0.19,20260813,independent_pool,0,20310813,20320813,20,120,72
43,v2_independent_pool_r0,ai_app_scam_mule|1.48|0.85|0.11|0.52|0.7|0.73|0.54,ai_app_scam_mule,-0.17253446725043214,0.9080761434233271,True,0.0,1.0,0.9393705887688042,12,False,0.0,0.0,-0.16,-0.03,0.0,0.0,-0.19,20260813,independent_pool,0,20310813,20320813,20,120,72
44,v2_independent_pool_r0,ai_app_scam_mule|0.49|0.88|0.44|0.76|0.18|0.68|0.74,ai_app_scam_mule,-0.16873008350470575,0.8880530710773986,True,0.0,1.0,0.9322497470638652,12,False,0.0,0.0,-0.16,-0.03,0.0,0.0,-0.19,20260813,independent_pool,0,20310813,20320813,20,120,72
45,v2_independent_pool_r0,adaptive_card_testing|1.04|1.74|0.69|0.05|0.37|0.53|0.53,adaptive_card_testing,-0.18138127511651278,0.9546382900869094,True,0.0,1.0,0.8731389271672603,12,False,0.0,0.0,-0.16,-0.03,0.0,0.0,-0.19,20260813,independent_pool,0,20310813,20320813,20,120,72
46,v2_independent_pool_r0,deepfake_account_takeover|1.04|0.95|0.61|0.98|0.6|0.97|0.66,deepfake_account_takeover,-0.16677354301241631,0.8777554895390332,True,0.0,1.0,0.9401659124655092,12,False,0.0,0.0,-0.16,-0.03,0.0,0.0,-0.19,20260813,independent_pool,0,20310813,20320813,20,120,72
47,v2_independent_pool_r0,deepfake_account_takeover|0.76|1.42|0.95|0.09|0.36|0.68|0.86,deepfake_account_takeover,-0.16365764864652466,0.8613560455080245,True,0.0,1.0,0.9338947543998004,12,False,0.0,0.0,-0.16,-0.03,0.0,0.0,-0.19,20260813,independent_pool,0,20310813,20320813,20,120,72
48,v2_independent_pool_r0,adaptive_card_testing|1.55|1.15|0.22|0.27|0.7|0.2|0.74,adaptive_card_testing,-0.1877658381029,0.9882412531731579,True,0.0,1.0,0.9023651160656264,12,False,0.0,0.0,-0.16,-0.03,0.0,0.0,-0.19,20260813,independent_pool,0,20310813,20320813,20,120,72
49,v2_independent_pool_r0,ai_app_scam_mule|1.27|2.0|0.19|0.95|0.4|0.92|0.74,ai_app_scam_mule,-0.17033303345893971,0.8964896497838932,True,0.0,1.0,0.927527497057016,12,False,0.0,0.0,-0.16,-0.03,0.0,0.0,-0.19,20260813,independent_pool,0,20310813,20320813,20,120,72
50,v2_independent_pool_r0,agentic_intent_hijack|1.08|0.56|0.6|0.16|0.56|0.7|0.87,agentic_intent_hijack,-0.16964060713058812,0.8928453006873058,True,0.0,1.0,0.928491849253568,12,False,0.0,0.0,-0.16,-0.03,0.0,0.0,-0.19,20260813,independent_pool,0,20310813,20320813,20,120,72
51,v2_independent_pool_r0,synthetic_identity_bustout|0.45|1.19|0.08|0.05|0.5|0.9|0.83,synthetic_identity_bustout,-0.1838132088737606,0.9674379414408453,True,0.0,1.0,0.9013255300819499,12,False,0.0,0.0,-0.16,-0.03,0.0,0.0,-0.19,20260813,independent_pool,0,20310813,20320813,20,120,72
52,v2_independent_pool_r0,adaptive_card_testing|2.2|0.84|0.14|0.14|0.41|0.75|0.8,adaptive_card_testing,-0.18923554162742592,0.9959765348811891,True,0.0,1.0,0.877998772301756,12,False,0.0,0.0,-0.16,-0.03,0.0,0.0,-0.19,20260813,independent_pool,0,20310813,20320813,20,120,72
53,v2_independent_pool_r0,ai_app_scam_mule|1.57|1.15|0.3|0.98|0.05|0.46|0.77,ai_app_scam_mule,-0.16237855999999998,0.8546239999999999,True,0.0,1.0,0.9359769355111149,12,False,0.0,0.0,-0.16,-0.03,0.0,0.0,-0.19,20260813,independent_pool,0,20310813,20320813,20,120,72
54,v2_independent_pool_r0,agentic_intent_hijack|0.81|1.83|0.74|0.05|0.76|0.83|0.5,agentic_intent_hijack,-0.16993896424734595,0.8944156013018207,True,0.0,1.0,0.9188531672354704,12,False,0.0,0.0,-0.16,-0.03,0.0,0.0,-0.19,20260813,independent_pool,0,20310813,20320813,20,120,72
55,v2_independent_pool_r0,deepfake_account_takeover|0.76|1.42|0.95|0.09|0.36|0.68|0.86,deepfake_account_takeover,-0.1693576486465246,0.8913560455080243,True,0.0,1.0,0.9404945897568502,12,False,0.0,0.0,-0.16,-0.03,0.0,0.0,-0.19,20260813,independent_pool,0,20310813,20320813,20,120,72
56,v2_independent_pool_r0,deepfake_account_takeover|1.04|0.95|0.61|0.98|0.6|0.97|0.66,deepfake_account_takeover,-0.1691485430124163,0.8902554895390331,True,0.0,1.0,0.9427664475656666,12,False,0.0,0.0,-0.16,-0.03,0.0,0.0,-0.19,20260813,independent_pool,0,20310813,20320813,20,120,72
57,v2_independent_pool_r0,fake_merchant_collusion|1.77|0.89|0.43|0.15|0.9|0.98|0.7,fake_merchant_collusion,-0.18963766400185036,0.9980929684307913,True,0.0,1.0,0.9087015510513275,12,False,0.0,0.0,-0.16,-0.03,0.0,0.0,-0.19,20260813,independent_pool,0,20310813,20320813,20,120,72
58,v2_independent_pool_r0,ai_app_scam_mule|1.27|2.0|0.19|0.95|0.4|0.92|0.74,ai_app_scam_mule,-0.1617830334589397,0.8514896497838932,True,0.0,1.0,0.9377875447280664,12,False,0.0,0.0,-0.16,-0.03,0.0,0.0,-0.19,20260813,independent_pool,0,20310813,20320813,20,120,72
59,v2_independent_pool_r0,adaptive_card_testing|0.82|1.04|0.52|0.11|0.87|0.22|0.45,adaptive_card_testing,-0.18295589788352257,0.9629257783343292,True,0.0,1.0,0.912651388260408,12,False,0.0,0.0,-0.16,-0.03,0.0,0.0,-0.19,20260813,independent_pool,0,20310813,20320813,20,120,72
60,v2_independent_pool_r0,synthetic_identity_bustout|1.06|0.55|0.31|0.16|0.24|0.75|0.5,synthetic_identity_bustout,-0.1777462025285147,0.9355063290974458,True,0.0,1.0,0.9048353294833446,12,False,0.0,0.0,-0.16,-0.03,0.0,0.0,-0.19,20260813,independent_pool,0,20310813,20320813,20,120,72
61,v2_independent_pool_r0,ai_app_scam_mule|1.48|0.85|0.11|0.52|0.7|0.73|0.54,ai_app_scam_mule,-0.16968446725043215,0.8930761434233271,True,0.0,1.0,0.9440373268173935,12,False,0.0,0.0,-0.16,-0.03,0.0,0.0,-0.19,20260813,independent_pool,0,20310813,20320813,20,120,72
62,v2_independent_pool_r0,ai_app_scam_mule|0.49|0.88|0.44|0.76|0.18|0.68|0.74,ai_app_scam_mule,-0.16968008350470576,0.8930530710773987,True,0.0,1.0,0.935199952193284,12,False,0.0,0.0,-0.16,-0.03,0.0,0.0,-0.19,20260813,independent_pool,0,20310813,20320813,20,120,72
63,v2_independent_pool_r0,deepfake_account_takeover|1.44|0.95|0.86|0.49|0.08|0.69|0.64,deepfake_account_takeover,-0.16855988510964853,0.8871572900507818,True,0.0,1.0,0.935262177089412,12,False,0.0,0.0,-0.16,-0.03,0.0,0.0,-0.19,20260813,independent_pool,0,20310813,20320813,20,120,72
64,v2_independent_pool_r0,deepfake_account_takeover|0.76|1.42|0.95|0.09|0.36|0.68|0.86,deepfake_account_takeover,-0.16650764864652462,0.8763560455080244,True,0.0,1.0,0.9284665094960006,12,False,0.0,0.0,-0.16,-0.03,0.0,0.0,-0.19,20260813,independent_pool,0,20310813,20320813,20,120,72
65,v2_independent_pool_r0,ai_app_scam_mule|1.57|1.15|0.3|0.98|0.05|0.46|0.77,ai_app_scam_mule,-0.16902856,0.889624,True,0.0,1.0,0.937835551135289,12,False,0.0,0.0,-0.16,-0.03,0.0,0.0,-0.19,20260813,independent_pool,0,20310813,20320813,20,120,72
66,v2_independent_pool_r0,deepfake_account_takeover|1.04|0.95|0.61|0.98|0.6|0.97|0.66,deepfake_account_takeover,-0.1700014569875837,0.8947445104609668,True,0.0,1.0,0.9440002357304019,12,False,0.0,0.0,-0.16,-0.03,0.0,0.0,-0.19,20260813,independent_pool,0,20310813,20320813,20,120,72
67,v2_independent_pool_r0,adaptive_card_testing|0.82|1.04|0.52|0.11|0.87|0.22|0.45,adaptive_card_testing,-0.18058089788352258,0.9504257783343293,True,0.0,1.0,0.9058964842071209,12,False,0.0,0.0,-0.16,-0.03,0.0,0.0,-0.19,20260813,independent_pool,0,20310813,20320813,20,120,72
68,v2_independent_pool_r0,fake_merchant_collusion|1.74|1.88|0.47|0.47|0.88|0.53|0.67,fake_merchant_collusion,-0.184668756764124,0.9719408250743369,True,0.0,1.0,0.9185963837509269,12,False,0.0,0.0,-0.16,-0.03,0.0,0.0,-0.19,20260813,independent_pool,0,20310813,20320813,20,120,72
69,v2_independent_pool_r0,adaptive_card_testing|2.2|0.84|0.14|0.14|0.41|0.75|0.8,adaptive_card_testing,-0.17973554162742592,0.945976534881189,True,0.0,1.0,0.8866020176488846,12,False,0.0,0.0,-0.16,-0.03,0.0,0.0,-0.19,20260813,independent_pool,0,20310813,20320813,20,120,72
70,v2_independent_pool_r0,ai_app_scam_mule|1.48|0.85|0.11|0.52|0.7|0.73|0.54,ai_app_scam_mule,-0.16635946725043213,0.875576143423327,True,0.0,1.0,0.9395169562031104,12,False,0.0,0.0,-0.16,-0.03,0.0,0.0,-0.19,20260813,independent_pool,0,20310813,20320813,20,120,72
71,v2_independent_pool_r0,deepfake_account_takeover|1.27|0.49|0.7|0.53|0.58|0.96|0.85,deepfake_account_takeover,-0.17254926902386358,0.9081540474940188,True,0.0,1.0,0.9465085142846968,12,False,0.0,0.0,-0.16,-0.03,0.0,0.0,-0.19,20260813,independent_pool,0,20310813,20320813,20,120,72
0,v2_independent_pool_r1,deepfake_account_takeover|1.62|0.69|0.7|0.87|0.5|0.98|0.71,deepfake_account_takeover,-0.1664126027457652,0.8758558039250799,True,0.0,1.0,0.9447239879949186,12,False,0.0,0.0,-0.16,-0.03,0.0,0.0,-0.19,20260813,independent_pool,1,20311822,20321826,20,120,72
1,v2_independent_pool_r1,fake_merchant_collusion|0.68|0.69|0.38|0.12|0.98|0.51|0.94,fake_merchant_collusion,-0.18694381572331284,0.9839148195963834,True,0.0,1.0,0.9257116141309808,12,False,0.0,0.0,-0.16,-0.03,0.0,0.0,-0.19,20260813,independent_pool,1,20311822,20321826,20,120,72
2,v2_independent_pool_r1,agentic_intent_hijack|2.2|1.09|0.39|0.15|0.44|0.98|0.94,agentic_intent_hijack,-0.16681273100251676,0.8779617421185093,True,0.0,1.0,0.9268688051960785,12,False,0.0,0.0,-0.16,-0.03,0.0,0.0,-0.19,20260813,independent_pool,1,20311822,20321826,20,120,72
3,v2_independent_pool_r1,ai_app_scam_mule|0.9|1.09|0.15|0.98|0.16|0.81|0.72,ai_app_scam_mule,-0.16570355999999997,0.8721239999999999,True,0.0,1.0,0.934228059724931,12,False,0.0,0.0,-0.16,-0.03,0.0,0.0,-0.19,20260813,independent_pool,1,20311822,20321826,20,120,72
4,v2_independent_pool_r1,deepfake_account_takeover|0.75|1.87|0.59|0.16|0.3|0.66|0.73,deepfake_account_takeover,-0.1622216097989767,0.8537979463104037,True,0.0,1.0,0.9355104226303762,12,False,0.0,0.0,-0.16,-0.03,0.0,0.0,-0.19,20260813,independent_pool,1,20311822,20321826,20,120,72
5,v2_independent_pool_r1,adaptive_card_testing|0.63|0.56|0.26|0.22|0.41|0.79|0.74,adaptive_card_testing,-0.17456007018678396,0.9187372115093893,True,0.0,1.0,0.9202958289221272,12,False,0.0,0.0,-0.16,-0.03,0.0,0.0,-0.19,20260813,independent_pool,1,20311822,20321826,20,120,72
6,v2_independent_pool_r1,synthetic_identity_bustout|1.74|0.91|0.23|0.66|0.69|0.32|0.78,synthetic_identity_bustout,-0.18272611590755397,0.9617163995134419,True,0.0,1.0,0.9164527239944303,12,False,0.0,0.0,-0.16,-0.03,0.0,0.0,-0.19,20260813,independent_pool,1,20311822,20321826,20,120,72
7,v2_independent_pool_r1,adaptive_card_testing|1.03|1.64|0.46|0.29|0.58|0.37|0.56,adaptive_card_testing,-0.18645095468877854,0.981320814151466,True,0.0,1.0,0.8531634475979728,12,False,0.0,0.0,-0.16,-0.03,0.0,0.0,-0.19,20260813,independent_pool,1,20311822,20321826,20,120,72
8,v2_independent_pool_r1,synthetic_identity_bustout|1.05|0.84|0.17|0.05|0.19|0.98|0.55,synthetic_identity_bustout,-0.1793769256351819,0.9440890822904311,True,0.0,1.0,0.8877738937997005,12,False,0.0,0.0,-0.16,-0.03,0.0,0.0,-0.19,20260813,independent_pool,1,20311822,20321826,20,120,72
9,v2_independent_pool_r1,agentic_intent_hijack|0.67|0.71|0.05|0.06|0.47|0.62|0.94,agentic_intent_hijack,-0.1702157835983445,0.8958725452544447,True,0.0,1.0,0.9178790252874407,12,False,0.0,0.0,-0.16,-0.03,0.0,0.0,-0.19,20260813,independent_pool,1,20311822,20321826,20,120,72
10,v2_independent_pool_r1,fake_merchant_collusion|0.88|1.35|0.06|0.31|0.69|0.98|0.64,fake_merchant_collusion,-0.18991291954211753,0.9995416818006186,True,0.0,1.0,0.9023024019660316,12,False,0.0,0.0,-0.16,-0.03,0.0,0.0,-0.19,20260813,independent_pool,1,20311822,20321826,20,120,72
11,v2_independent_pool_r1,deepfake_account_takeover|1.7|0.84|0.91|0.31|0.28|0.76|0.75,deepfake_account_takeover,-0.1646411253226343,0.8665322385401806,True,0.0,1.0,0.9395364448716048,12,False,0.0,0.0,-0.16,-0.03,0.0,0.0,-0.19,20260813,independent_pool,1,20311822,20321826,20,120,72
12,v2_independent_pool_r1,deepfake_account_takeover|0.54|0.71|0.62|0.65|0.76|0.77|0.9,deepfake_account_takeover,-0.17100549237131307,0.9000289072174372,True,0.0,1.0,0.9468709123118174,12,False,0.0,0.0,-0.16,-0.03,0.0,0.0,-0.19,20260813,independent_pool,1,20311822,20321826,20,120,72
13,v2_independent_pool_r1,ai_app_scam_mule|1.26|0.51|0.19|0.61|0.56|0.81|0.72,ai_app_scam_mule,-0.16903774746761951,0.8896723550927342,True,0.0,1.0,0.9446812349837809,12,False,0.0,0.0,-0.16,-0.03,0.0,0.0,-0.19,20260813,independent_pool,1,20311822,20321826,20,120,72
14,v2_independent_pool_r1,synthetic_identity_bustout|0.65|1.02|0.39|0.05|0.29|0.47|0.84,synthetic_identity_bustout,-0.1801108152868033,0.9479516594042279,True,0.0,1.0,0.9117758017396228,12,False,0.0,0.0,-0.16,-0.03,0.0,0.0,-0.19,20260813,independent_pool,1,20311822,20321826,20,120,72
15,v2_independent_pool_r1,fake_merchant_collusion|1.84|0.85|0.19|0.25|0.8|0.35|0.82,fake_merchant_collusion,-0.1891541803150756,0.9955483174477664,True,0.0,1.0,0.9080558726001065,12,False,0.0,0.0,-0.16,-0.03,0.0,0.0,-0.19,20260813,independent_pool,1,20311822,20321826,20,120,72
16,v2_independent_pool_r1,agentic_intent_hijack|1.04|1.22|0.32|0.44|0.86|0.79|0.7,agentic_intent_hijack,-0.17439112998477374,0.9178480525514408,True,0.0,1.0,0.9291069956718373,12,False,0.0,0.0,-0.16,-0.03,0.0,0.0,-0.19,20260813,independent_pool,1,20311822,20321826,20,120,72
17,v2_independent_pool_r1,adaptive_card_testing|1.33|1.3|0.05|0.05|0.58|0.83|0.6,adaptive_card_testing,-0.1826926,0.9615400000000001,True,0.0,1.0,0.8816328121233402,12,False,0.0,0.0,-0.16,-0.03,0.0,0.0,-0.19,20260813,independent_pool,1,20311822,20321826,20,120,72
18,v2_independent_pool_r1,deepfake_account_takeover|1.06|2.1|0.49|0.41|0.46|0.44|0.77,deepfake_account_takeover,-0.17090377185977498,0.8994935361040788,True,0.0,1.0,0.9327397787263534,12,False,0.0,0.0,-0.16,-0.03,0.0,0.0,-0.19,20260813,independent_pool,1,20311822,20321826,20,120,72
19,v2_independent_pool_r1,ai_app_scam_mule|0.78|0.87|0.42|0.96|0.17|0.78|0.51,ai_app_scam_mule,-0.16970094026357133,0.8931628434924807,True,0.0,1.0,0.9343172207215221,12,False,0.0,0.0,-0.16,-0.03,0.0,0.0,-0.19,20260813,independent_pool,1,20311822,20321826,20,120,72
20,v2_independent_pool_r1,agentic_intent_hijack|0.75|0.74|0.14|0.05|0.43|0.53|0.5,agentic_intent_hijack,-0.16933560418347754,0.8912400220183028,True,0.0,1.0,0.9208811573741246,12,False,0.0,0.0,-0.16,-0.03,0.0,0.0,-0.19,20260813,independent_pool,1,20311822,20321826,20,120,72
21,v2_independent_pool_r1,ai_app_scam_mule|0.83|1.33|0.26|0.49|0.74|0.66|0.82,ai_app_scam_mule,-0.17188964027957704,0.9046823172609317,True,0.0,1.0,0.9386139857326996,12,False,0.0,0.0,-0.16,-0.03,0.0,0.0,-0.19,20260813,independent_pool,1,20311822,20321826,20,120,72
22,v2_independent_pool_r1,deepfake_account_takeover|1.17|1.04|0.95|0.63|0.72|0.82|0.64,deepfake_account_takeover,-0.17169911180803477,0.903679535831762,True,0.0,1.0,0.9412431146940475,12,False,0.0,0.0,-0.16,-0.03,0.0,0.0,-0.19,20260813,independent_pool,1,20311822,20321826,20,120,72
23,v2_independent_pool_r1,synthetic_identity_bustout|1.11|0.95|0.1|0.05|0.58|0.98|0.46,synthetic_identity_bustout,-0.18261799949907984,0.9611473657846307,True,0.0,1.0,0.9112901434652371,12,False,0.0,0.0,-0.16,-0.03,0.0,0.0,-0.19,20260813,independent_pool,1,20311822,20321826,20,120,72
24,v2_independent_pool_r1,agentic_intent_hijack|1.91|0.69|0.17|0.05|0.69|0.43|0.91,agentic_intent_hijack,-0.1670347579156777,0.8791303048193564,True,0.0,1.0,0.9318690937390833,12,False,0.0,0.0,-0.16,-0.03,0.0,0.0,-0.19,20260813,independent_pool,1,20311822,20321826,20,120,72
25,v2_independent_pool_r1,adaptive_card_testing|0.81|0.94|0.59|0.15|0.33|0.41|0.54,adaptive_card_testing,-0.18212584781214217,0.9585570937481167,True,0.0,1.0,0.888052897117408,12,False,0.0,0.0,-0.16,-0.03,0.0,0.0,-0.19,20260813,independent_pool,1,20311822,20321826,20,120,72
26,v2_independent_pool_r1,deepfake_account_takeover|0.83|0.83|0.9|0.34|0.64|0.51|0.98,deepfake_account_takeover,-0.16945433699334217,0.8918649315439061,True,0.0,1.0,0.9429882703158877,12,False,0.0,0.0,-0.16,-0.03,0.0,0.0,-0.19,20260813,independent_pool,1,20311822,20321826,20,120,72
27,v2_independent_pool_r1,synthetic_identity_bustout|1.74|0.91|0.23|0.66|0.69|0.32|0.78,synthetic_identity_bustout,-0.17797611590755397,0.936716399513442,True,0.0,1.0,0.9263348832611796,12,False,0.0,0.0,-0.16,-0.03,0.0,0.0,-0.19,20260813,independent_pool,1,20311822,20321826,20,120,72
28,v2_independent_pool_r1,agentic_intent_hijack|2.2|1.09|0.39|0.15|0.44|0.98|0.94,agentic_intent_hijack,-0.1682377310025168,0.8854617421185094,True,0.0,1.0,0.921459817271043,12,False,0.0,0.0,-0.16,-0.03,0.0,0.0,-0.19,20260813,independent_pool,1,20311822,20321826,20,120,72
29,v2_independent_pool_r1,deepfake_account_takeover|1.06|2.1|0.49|0.41|0.46|0.44|0.77,deepfake_account_takeover,-0.16805377185977494,0.8844935361040787,True,0.0,1.0,0.930785090476232,12,False,0.0,0.0,-0.16,-0.03,0.0,0.0,-0.19,20260813,independent_pool,1,20311822,20321826,20,120,72
30,v2_independent_pool_r1,synthetic_identity_bustout|0.65|1.02|0.39|0.05|0.29|0.47|0.84,synthetic_identity_bustout,-0.18533581528680332,0.975451659404228,True,0.0,1.0,0.8955503706445738,12,False,0.0,0.0,-0.16,-0.03,0.0,0.0,-0.19,20260813,independent_pool,1,20311822,20321826,20,120,72
31,v2_independent_pool_r1,fake_merchant_collusion|1.23|1.22|0.54|0.15|0.98|0.74|0.88,fake_merchant_collusion,-0.18933486418085624,0.9964992851624013,True,0.0,1.0,0.9020793539347013,12,False,0.0,0.0,-0.16,-0.03,0.0,0.0,-0.19,20260813,independent_pool,1,20311822,20321826,20,120,72
32,v2_independent_pool_r1,adaptive_card_testing|1.02|0.54|0.35|0.15|0.22|0.67|0.79,adaptive_card_testing,-0.1810631761503938,0.9529640850020726,True,0.0,1.0,0.8960190207186732,12,False,0.0,0.0,-0.16,-0.03,0.0,0.0,-0.19,20260813,independent_pool,1,20311822,20321826,20,120,72
33,v2_independent_pool_r1,deepfake_account_takeover|1.62|0.69|0.7|0.87|0.5|0.98|0.71,deepfake_account_takeover,-0.1713123972542348,0.90164419607492,True,0.0,1.0,0.9413758075446762,12,False,0.0,0.0,-0.16,-0.03,0.0,0.0,-0.19,20260813,independent_pool,1,20311822,20321826,20,120,72
34,v2_independent_pool_r1,agentic_intent_hijack|0.97|1.09|0.5|0.16|0.21|0.79|0.77,agentic_intent_hijack,-0.1670621501099645,0.879274474262971,True,0.0,1.0,0.915186075403393,12,False,0.0,0.0,-0.16,-0.03,0.0,0.0,-0.19,20260813,independent_pool,1,20311822,20321826,20,120,72
35,v2_independent_pool_r1,deepfake_account_takeover|0.54|0.71|0.62|0.65|0.76|0.77|0.9,deepfake_account_takeover,-0.17290549237131309,0.9100289072174372,True,0.0,1.0,0.9467185893928162,12,False,0.0,0.0,-0.16,-0.03,0.0,0.0,-0.19,20260813,independent_pool,1,20311822,20321826,20,120,72
36,v2_independent_pool_r1,deepfake_account_takeover|1.7|0.84|0.91|0.31|0.28|0.76|0.75,deepfake_account_takeover,-0.1731911253226343,0.9115322385401806,True,0.0,1.0,0.9428854699121162,12,False,0.0,0.0,-0.16,-0.03,0.0,0.0,-0.19,20260813,independent_pool,1,20311822,20321826,20,120,72
37,v2_independent_pool_r1,ai_app_scam_mule|0.78|0.87|0.42|0.96|0.17|0.78|0.51,ai_app_scam_mule,-0.16827594026357134,0.8856628434924807,True,0.0,1.0,0.9345263739402628,12,False,0.0,0.0,-0.16,-0.03,0.0,0.0,-0.19,20260813,independent_pool,1,20311822,20321826,20,120,72
38,v2_independent_pool_r1,agentic_intent_hijack|0.75|0.74|0.14|0.05|0.43|0.53|0.5,agentic_intent_hijack,-0.16648560418347755,0.8762400220183029,True,0.0,1.0,0.9226688749033766,12,False,0.0,0.0,-0.16,-0.03,0.0,0.0,-0.19,20260813,independent_pool,1,20311822,20321826,20,120,72
39,v2_independent_pool_r1,adaptive_card_testing|1.03|1.64|0.46|0.29|0.58|0.37|0.56,adaptive_card_testing,-0.18597595468877853,0.9788208141514659,True,0.0,1.0,0.8366471371983549,12,False,0.0,0.0,-0.16,-0.03,0.0,0.0,-0.19,20260813,independent_pool,1,20311822,20321826,20,120,72
40,v2_independent_pool_r1,ai_app_scam_mule|1.13|0.73|0.05|0.5|0.48|0.56|0.92,ai_app_scam_mule,-0.16364065802980332,0.8612666212094912,True,0.0,1.0,0.9405447123212038,12,False,0.0,0.0,-0.16,-0.03,0.0,0.0,-0.19,20260813,independent_pool,1,20311822,20321826,20,120,72
41,v2_independent_pool_r1,synthetic_identity_bustout|1.74|0.91|0.23|0.66|0.69|0.32|0.78,synthetic_identity_bustout,-0.18700111590755394,0.9842163995134419,True,0.0,1.0,0.9187480827875086,12,False,0.0,0.0,-0.16,-0.03,0.0,0.0,-0.19,20260813,independent_pool,1,20311822,20321826,20,120,72
42,v2_independent_pool_r1,deepfake_account_takeover|0.75|1.87|0.59|0.16|0.3|0.66|0.73,deepfake_account_takeover,-0.1650716097989767,0.8687979463104036,True,0.0,1.0,0.9273192590653027,12,False,0.0,0.0,-0.16,-0.03,0.0,0.0,-0.19,20260813,independent_pool,1,20311822,20321826,20,120,72
43,v2_independent_pool_r1,deepfake_account_takeover|0.83|0.83|0.9|0.34|0.64|0.51|0.98,deepfake_account_takeover,-0.16755433699334218,0.8818649315439062,True,0.0,1.0,0.9454701054697603,12,False,0.0,0.0,-0.16,-0.03,0.0,0.0,-0.19,20260813,independent_pool,1,20311822,20321826,20,120,72
44,v2_independent_pool_r1,agentic_intent_hijack|1.91|0.69|0.17|0.05|0.69|0.43|0.91,agentic_intent_hijack,-0.17463475791567773,0.9191303048193564,True,0.0,1.0,0.9226928545518246,12,False,0.0,0.0,-0.16,-0.03,0.0,0.0,-0.19,20260813,independent_pool,1,20311822,20321826,20,120,72
45,v2_independent_pool_r1,fake_merchant_collusion|0.88|1.35|0.06|0.31|0.69|0.98|0.64,fake_merchant_collusion,-0.18296208045788245,0.9629583181993813,True,0.0,1.0,0.8954421796734261,12,False,0.0,0.0,-0.16,-0.03,0.0,0.0,-0.19,20260813,independent_pool,1,20311822,20321826,20,120,72
46,v2_independent_pool_r1,agentic_intent_hijack|0.67|0.71|0.05|0.06|0.47|0.62|0.94,agentic_intent_hijack,-0.17211578359834453,0.9058725452544449,True,0.0,1.0,0.9055258293922467,12,False,0.0,0.0,-0.16,-0.03,0.0,0.0,-0.19,20260813,independent_pool,1,20311822,20321826,20,120,72
47,v2_independent_pool_r1,adaptive_card_testing|1.02|0.54|0.35|0.15|0.22|0.67|0.79,adaptive_card_testing,-0.18011317615039382,0.9479640850020727,True,0.0,1.0,0.8851958453769398,12,False,0.0,0.0,-0.16,-0.03,0.0,0.0,-0.19,20260813,independent_pool,1,20311822,20321826,20,120,72
48,v2_independent_pool_r1,deepfake_account_takeover|0.83|0.83|0.9|0.34|0.64|0.51|0.98,deepfake_account_takeover,-0.17325433699334217,0.9118649315439061,True,0.0,1.0,0.9414227368600917,12,False,0.0,0.0,-0.16,-0.03,0.0,0.0,-0.19,20260813,independent_pool,1,20311822,20321826,20,120,72
49,v2_independent_pool_r1,synthetic_identity_bustout|0.82|1.28|0.26|0.27|0.51|0.98|0.95,synthetic_identity_bustout,-0.18488040880600395,0.9730547831894945,True,0.0,1.0,0.9011327064752814,12,False,0.0,0.0,-0.16,-0.03,0.0,0.0,-0.19,20260813,independent_pool,1,20311822,20321826,20,120,72
50,v2_independent_pool_r1,deepfake_account_takeover|1.06|2.1|0.49|0.41|0.46|0.44|0.77,deepfake_account_takeover,-0.16805377185977496,0.8844935361040788,True,0.0,1.0,0.9394085422625742,12,False,0.0,0.0,-0.16,-0.03,0.0,0.0,-0.19,20260813,independent_pool,1,20311822,20321826,20,120,72
51,v2_independent_pool_r1,agentic_intent_hijack|2.2|1.09|0.39|0.15|0.44|0.98|0.94,agentic_intent_hijack,-0.17013773100251678,0.8954617421185094,True,0.0,1.0,0.9194356979421275,12,False,0.0,0.0,-0.16,-0.03,0.0,0.0,-0.19,20260813,independent_pool,1,20311822,20321826,20,120,72
52,v2_independent_pool_r1,ai_app_scam_mule|0.83|1.33|0.26|0.49|0.74|0.66|0.82,ai_app_scam_mule,-0.16821035972042295,0.8853176827390682,True,0.0,1.0,0.9360378940544282,12,False,0.0,0.0,-0.16,-0.03,0.0,0.0,-0.19,20260813,independent_pool,1,20311822,20321826,20,120,72
53,v2_independent_pool_r1,fake_merchant_collusion|1.84|0.85|0.19|0.25|0.8|0.35|0.82,fake_merchant_collusion,-0.1867791803150756,0.9830483174477663,True,0.0,1.0,0.9140079962051842,12,False,0.0,0.0,-0.16,-0.03,0.0,0.0,-0.19,20260813,independent_pool,1,20311822,20321826,20,120,72
54,v2_independent_pool_r1,deepfake_account_takeover|1.7|0.84|0.91|0.31|0.28|0.76|0.75,deepfake_account_takeover,-0.16606612532263432,0.8740322385401806,True,0.0,1.0,0.9406270818682808,12,False,0.0,0.0,-0.16,-0.03,0.0,0.0,-0.19,20260813,independent_pool,1,20311822,20321826,20,120,72
55,v2_independent_pool_r1,synthetic_identity_bustout|0.65|1.02|0.39|0.05|0.29|0.47|0.84,synthetic_identity_bustout,-0.1791608152868033,0.9429516594042279,True,0.0,1.0,0.9054529090519362,12,False,0.0,0.0,-0.16,-0.03,0.0,0.0,-0.19,20260813,independent_pool,1,20311822,20321826,20,120,72
56,v2_independent_pool_r1,synthetic_identity_bustout|1.11|0.95|0.1|0.05|0.58|0.98|0.46,synthetic_identity_bustout,-0.18689299949907984,0.9836473657846307,True,0.0,1.0,0.9018892656612977,12,False,0.0,0.0,-0.16,-0.03,0.0,0.0,-0.19,20260813,independent_pool,1,20311822,20321826,20,120,72
57,v2_independent_pool_r1,agentic_intent_hijack|0.75|0.74|0.14|0.05|0.43|0.53|0.5,agentic_intent_hijack,-0.16838560418347756,0.8862400220183029,True,0.0,1.0,0.9186156724097018,12,False,0.0,0.0,-0.16,-0.03,0.0,0.0,-0.19,20260813,independent_pool,1,20311822,20321826,20,120,72
58,v2_independent_pool_r1,agentic_intent_hijack|1.25|1.18|0.56|0.2|0.7|0.8|0.64,agentic_intent_hijack,-0.17280587762855176,0.9095046190976408,True,0.0,1.0,0.9239962722580345,12,False,0.0,0.0,-0.16,-0.03,0.0,0.0,-0.19,20260813,independent_pool,1,20311822,20321826,20,120,72
59,v2_independent_pool_r1,deepfake_account_takeover|0.54|0.71|0.62|0.65|0.76|0.77|0.9,deepfake_account_takeover,-0.17194450762868688,0.9049710927825625,True,0.0,1.0,0.9444733938779556,12,False,0.0,0.0,-0.16,-0.03,0.0,0.0,-0.19,20260813,independent_pool,1,20311822,20321826,20,120,72
60,v2_independent_pool_r1,adaptive_card_testing|1.33|1.3|0.05|0.05|0.58|0.83|0.6,adaptive_card_testing,-0.18649259999999998,0.9815399999999999,True,0.0,1.0,0.8423225894818267,12,False,0.0,0.0,-0.16,-0.03,0.0,0.0,-0.19,20260813,independent_pool,1,20311822,20321826,20,120,72
61,v2_independent_pool_r1,ai_app_scam_mule|0.78|0.87|0.42|0.96|0.17|0.78|0.51,ai_app_scam_mule,-0.17207594026357134,0.9056628434924807,True,0.0,1.0,0.936742089298572,12,False,0.0,0.0,-0.16,-0.03,0.0,0.0,-0.19,20260813,independent_pool,1,20311822,20321826,20,120,72
62,v2_independent_pool_r1,fake_merchant_collusion|0.68|0.69|0.38|0.12|0.98|0.51|0.94,fake_merchant_collusion,-0.18979381572331283,0.9989148195963833,True,0.0,1.0,0.9037200335448894,12,False,0.0,0.0,-0.16,-0.03,0.0,0.0,-0.19,20260813,independent_pool,1,20311822,20321826,20,120,72
63,v2_independent_pool_r1,deepfake_account_takeover|1.06|2.1|0.49|0.41|0.46|0.44|0.77,deepfake_account_takeover,-0.16995377185977495,0.8944935361040787,True,0.0,1.0,0.9369753461107946,12,False,0.0,0.0,-0.16,-0.03,0.0,0.0,-0.19,20260813,independent_pool,1,20311822,20321826,20,120,72
64,v2_independent_pool_r1,deepfake_account_takeover|1.7|0.84|0.91|0.31|0.28|0.76|0.75,deepfake_account_takeover,-0.1727161253226343,0.9090322385401806,True,0.0,1.0,0.9402530161910954,12,False,0.0,0.0,-0.16,-0.03,0.0,0.0,-0.19,20260813,independent_pool,1,20311822,20321826,20,120,72
65,v2_independent_pool_r1,synthetic_identity_bustout|1.74|0.91|0.23|0.66|0.69|0.32|0.78,synthetic_identity_bustout,-0.18985111590755394,0.9992163995134418,True,0.0,1.0,0.9125694751434583,12,False,0.0,0.0,-0.16,-0.03,0.0,0.0,-0.19,20260813,independent_pool,1,20311822,20321826,20,120,72
66,v2_independent_pool_r1,agentic_intent_hijack|0.97|1.09|0.5|0.16|0.21|0.79|0.77,agentic_intent_hijack,-0.1680121501099645,0.8842744742629711,True,0.0,1.0,0.9133467597603061,12,False,0.0,0.0,-0.16,-0.03,0.0,0.0,-0.19,20260813,independent_pool,1,20311822,20321826,20,120,72
67,v2_independent_pool_r1,agentic_intent_hijack|0.67|0.71|0.05|0.06|0.47|0.62|0.94,agentic_intent_hijack,-0.17116578359834453,0.9008725452544448,True,0.0,1.0,0.9179902810839901,12,False,0.0,0.0,-0.16,-0.03,0.0,0.0,-0.19,20260813,independent_pool,1,20311822,20321826,20,120,72
68,v2_independent_pool_r1,deepfake_account_takeover|0.75|1.87|0.59|0.16|0.3|0.66|0.73,deepfake_account_takeover,-0.1650716097989767,0.8687979463104036,True,0.0,1.0,0.9335038160830229,12,False,0.0,0.0,-0.16,-0.03,0.0,0.0,-0.19,20260813,independent_pool,1,20311822,20321826,20,120,72
69,v2_independent_pool_r1,adaptive_card_testing|0.81|0.94|0.59|0.15|0.33|0.41|0.54,adaptive_card_testing,-0.1754758478121422,0.9235570937481168,True,0.0,1.0,0.9036003848162196,12,False,0.0,0.0,-0.16,-0.03,0.0,0.0,-0.19,20260813,independent_pool,1,20311822,20321826,20,120,72
70,v2_independent_pool_r1,agentic_intent_hijack|2.2|1.09|0.39|0.15|0.44|0.98|0.94,agentic_intent_hijack,-0.1682377310025168,0.8854617421185094,True,0.0,1.0,0.9171002924579145,12,False,0.0,0.0,-0.16,-0.03,0.0,0.0,-0.19,20260813,independent_pool,1,20311822,20321826,20,120,72
71,v2_independent_pool_r1,synthetic_identity_bustout|1.11|0.95|0.1|0.05|0.58|0.98|0.46,synthetic_identity_bustout,-0.18119299949907983,0.9536473657846307,True,0.0,1.0,0.9024696420835814,12,False,0.0,0.0,-0.16,-0.03,0.0,0.0,-0.19,20260813,independent_pool,1,20311822,20321826,20,120,72
0,v2_independent_pool_r2,deepfake_account_takeover|0.71|0.91|0.89|0.71|0.58|0.98|0.81,deepfake_account_takeover,-0.16809878499977246,0.8847304473672235,True,0.0,1.0,0.9356030825991105,12,False,0.0,0.0,-0.16,-0.03,0.0,0.0,-0.19,20260813,independent_pool,2,20312831,20322839,20,120,72
1,v2_independent_pool_r2,adaptive_card_testing|2.07|0.5|0.22|0.05|0.18|0.64|0.62,adaptive_card_testing,-0.18160781754437594,0.9558306186546102,True,0.0,1.0,0.8952406236935205,12,False,0.0,0.0,-0.16,-0.03,0.0,0.0,-0.19,20260813,independent_pool,2,20312831,20322839,20,120,72
2,v2_independent_pool_r2,agentic_intent_hijack|0.74|1.83|0.34|0.05|0.83|0.84|0.73,agentic_intent_hijack,-0.17220077700100694,0.9063198789526681,True,0.0,1.0,0.9186206756081564,12,False,0.0,0.0,-0.16,-0.03,0.0,0.0,-0.19,20260813,independent_pool,2,20312831,20322839,20,120,72
3,v2_independent_pool_r2,ai_app_scam_mule|0.59|1.14|0.13|0.97|0.45|0.82|0.54,ai_app_scam_mule,-0.17199783457785706,0.9052517609360897,True,0.0,1.0,0.932905712324752,12,False,0.0,0.0,-0.16,-0.03,0.0,0.0,-0.19,20260813,independent_pool,2,20312831,20322839,20,120,72
4,v2_independent_pool_r2,fake_merchant_collusion|1.54|0.81|0.29|0.37|0.93|0.4|0.79,fake_merchant_collusion,-0.18275209285637642,0.961853120296718,True,0.0,1.0,0.9103598979429819,12,False,0.0,0.0,-0.16,-0.03,0.0,0.0,-0.19,20260813,independent_pool,2,20312831,20322839,20,120,72
5,v2_independent_pool_r2,synthetic_identity_bustout|0.6|0.81|0.09|0.05|0.73|0.71|0.89,synthetic_identity_bustout,-0.188829969940515,0.9938419470553421,True,0.0,1.0,0.9011036064551914,12,False,0.0,0.0,-0.16,-0.03,0.0,0.0,-0.19,20260813,independent_pool,2,20312831,20322839,20,120,72
6,v2_independent_pool_r2,deepfake_account_takeover|0.8|2.1|0.98|0.24|0.48|0.89|0.62,deepfake_account_takeover,-0.17140355999999998,0.9021239999999999,True,0.0,1.0,0.9351274681123373,12,False,0.0,0.0,-0.16,-0.03,0.0,0.0,-0.19,20260813,independent_pool,2,20312831,20322839,20,120,72
7,v2_independent_pool_r2,ai_app_scam_mule|1.84|1.37|0.22|0.57|0.24|0.84|0.73,ai_app_scam_mule,-0.1643372685580867,0.8649329924109826,True,0.0,1.0,0.9343374639343859,12,False,0.0,0.0,-0.16,-0.03,0.0,0.0,-0.19,20260813,independent_pool,2,20312831,20322839,20,120,72
8,v2_independent_pool_r2,deepfake_account_takeover|0.53|0.69|0.93|0.75|0.36|0.83|0.7,deepfake_account_takeover,-0.17234432851917625,0.9070754132588223,True,0.0,1.0,0.9368595086867139,12,False,0.0,0.0,-0.16,-0.03,0.0,0.0,-0.19,20260813,independent_pool,2,20312831,20322839,20,120,72
9,v2_independent_pool_r2,adaptive_card_testing|0.6|1.07|0.05|0.15|0.32|0.7|0.44,adaptive_card_testing,-0.18348433104862588,0.9657070055190835,True,0.0,1.0,0.8714057120882212,12,False,0.0,0.0,-0.16,-0.03,0.0,0.0,-0.19,20260813,independent_pool,2,20312831,20322839,20,120,72
10,v2_independent_pool_r2,synthetic_identity_bustout|1.97|0.85|0.23|0.05|0.41|0.69|0.52,synthetic_identity_bustout,-0.1777840497926862,0.9357055252246641,True,0.0,1.0,0.9083957423733736,12,False,0.0,0.0,-0.16,-0.03,0.0,0.0,-0.19,20260813,independent_pool,2,20312831,20322839,20,120,72
11,v2_independent_pool_r2,fake_merchant_collusion|1.16|0.56|0.11|0.19|0.84|0.94|0.68,fake_merchant_collusion,-0.18940155579945533,0.9968502936813439,True,0.0,1.0,0.917157369636637,12,False,0.0,0.0,-0.16,-0.03,0.0,0.0,-0.19,20260813,independent_pool,2,20312831,20322839,20,120,72
12,v2_independent_pool_r2,agentic_intent_hijack|1.22|0.66|0.54|0.08|0.67|0.66|0.83,agentic_intent_hijack,-0.1694114783544344,0.891639359760181,True,0.0,1.0,0.9274630439816565,12,False,0.0,0.0,-0.16,-0.03,0.0,0.0,-0.19,20260813,independent_pool,2,20312831,20322839,20,120,72
13,v2_independent_pool_r2,adaptive_card_testing|0.76|0.97|0.73|0.23|0.19|0.58|0.84,adaptive_card_testing,-0.18044426426305946,0.9497066540161024,True,0.0,1.0,0.8898203278815463,12,False,0.0,0.0,-0.16,-0.03,0.0,0.0,-0.19,20260813,independent_pool,2,20312831,20322839,20,120,72
14,v2_independent_pool_r2,agentic_intent_hijack|1.65|1.69|0.07|0.05|0.5|0.77|0.68,agentic_intent_hijack,-0.17101197423326078,0.9000630222803199,True,0.0,1.0,0.9279213005666693,12,False,0.0,0.0,-0.16,-0.03,0.0,0.0,-0.19,20260813,independent_pool,2,20312831,20322839,20,120,72
15,v2_independent_pool_r2,deepfake_account_takeover|1.24|0.58|0.57|0.07|0.22|0.76|0.7,deepfake_account_takeover,-0.16474109639041065,0.8670584020547929,True,0.0,1.0,0.9386154798408217,12,False,0.0,0.0,-0.16,-0.03,0.0,0.0,-0.19,20260813,independent_pool,2,20312831,20322839,20,120,72
16,v2_independent_pool_r2,synthetic_identity_bustout|0.85|0.91|0.51|0.19|0.13|0.86|0.83,synthetic_identity_bustout,-0.1839645847697623,0.9682346566829594,True,0.0,1.0,0.8947007697344592,12,False,0.0,0.0,-0.16,-0.03,0.0,0.0,-0.19,20260813,independent_pool,2,20312831,20322839,20,120,72
17,v2_independent_pool_r2,ai_app_scam_mule|1.29|0.87|0.13|0.87|0.55|0.39|0.77,ai_app_scam_mule,-0.16745260028281841,0.8813294751727285,True,0.0,1.0,0.9447591959949758,12,False,0.0,0.0,-0.16,-0.03,0.0,0.0,-0.19,20260813,independent_pool,2,20312831,20322839,20,120,72
18,v2_independent_pool_r2,fake_merchant_collusion|0.53|1.1|0.21|0.05|0.81|0.61|0.73,fake_merchant_collusion,-0.1856322576893727,0.9770118825756458,True,0.0,1.0,0.8932560765143517,12,False,0.0,0.0,-0.16,-0.03,0.0,0.0,-0.19,20260813,independent_pool,2,20312831,20322839,20,120,72
19,v2_independent_pool_r2,deepfake_account_takeover|0.8|2.1|0.98|0.24|0.48|0.89|0.62,deepfake_account_takeover,-0.17377855999999997,0.9146239999999999,True,0.0,1.0,0.9338364451336144,12,False,0.0,0.0,-0.16,-0.03,0.0,0.0,-0.19,20260813,independent_pool,2,20312831,20322839,20,120,72
20,v2_independent_pool_r2,fake_merchant_collusion|1.54|1.23|0.46|0.28|0.84|0.98|0.86,fake_merchant_collusion,-0.18787495890964648,0.9888155732086656,True,0.0,1.0,0.9046724096695774,12,False,0.0,0.0,-0.16,-0.03,0.0,0.0,-0.19,20260813,independent_pool,2,20312831,20322839,20,120,72
21,v2_independent_pool_r2,synthetic_identity_bustout|1.51|1.47|0.16|0.2|0.75|0.9|0.89,synthetic_identity_bustout,-0.1881182270135207,0.990095931650109,True,0.0,1.0,0.8988637826071484,12,False,0.0,0.0,-0.16,-0.03,0.0,0.0,-0.19,20260813,independent_pool,2,20312831,20322839,20,120,72
22,v2_independent_pool_r2,adaptive_card_testing|0.79|1.27|0.54|0.1|0.56|0.98|0.53,adaptive_card_testing,-0.18745520937752042,0.9866063651448442,True,0.0,1.0,0.8963460709514491,12,False,0.0,0.0,-0.16,-0.03,0.0,0.0,-0.19,20260813,independent_pool,2,20312831,20322839,20,120,72
23,v2_independent_pool_r2,deepfake_account_takeover|1.7|1.08|0.62|0.66|0.42|0.84|0.54,deepfake_account_takeover,-0.17019216354081582,0.8957482291621884,True,0.0,1.0,0.9428468845888394,12,False,0.0,0.0,-0.16,-0.03,0.0,0.0,-0.19,20260813,independent_pool,2,20312831,20322839,20,120,72
24,v2_independent_pool_r2,agentic_intent_hijack|0.75|0.76|0.34|0.46|0.31|0.6|0.71,agentic_intent_hijack,-0.16653873568292937,0.876519661489102,True,0.0,1.0,0.9111965819849143,12,False,0.0,0.0,-0.16,-0.03,0.0,0.0,-0.19,20260813,independent_pool,2,20312831,20322839,20,120,72
25,v2_independent_pool_r2,synthetic_identity_bustout|0.94|1.2|0.63|0.05|0.42|0.38|0.79,synthetic_identity_bustout,-0.17879234194779867,0.9410123260410456,True,0.0,1.0,0.9170374755508875,12,False,0.0,0.0,-0.16,-0.03,0.0,0.0,-0.19,20260813,independent_pool,2,20312831,20322839,20,120,72
26,v2_independent_pool_r2,deepfake_account_takeover|0.81|1.43|0.89|0.87|0.59|0.69|0.88,deepfake_account_takeover,-0.17191389395459897,0.9048099681820998,True,0.0,1.0,0.9393185415813079,12,False,0.0,0.0,-0.16,-0.03,0.0,0.0,-0.19,20260813,independent_pool,2,20312831,20322839,20,120,72
27,v2_independent_pool_r2,synthetic_identity_bustout|1.61|0.89|0.19|0.19|0.2|0.84|0.96,synthetic_identity_bustout,-0.17484723465711327,0.9202486034584909,True,0.0,1.0,0.9088074209101106,12,False,0.0,0.0,-0.16,-0.03,0.0,0.0,-0.19,20260813,independent_pool,2,20312831,20322839,20,120,72
28,v2_independent_pool_r2,deepfake_account_takeover|1.24|0.58|0.57|0.07|0.22|0.76|0.7,deepfake_account_takeover,-0.15761609639041066,0.8295584020547929,True,0.0,1.0,0.9371964450315889,12,False,0.0,0.0,-0.16,-0.03,0.0,0.0,-0.19,20260813,independent_pool,2,20312831,20322839,20,120,72
29,v2_independent_pool_r2,ai_app_scam_mule|0.77|1.47|0.19|0.7|0.36|0.98|0.86,ai_app_scam_mule,-0.16938258973599224,0.8914873143999591,True,0.0,1.0,0.932580751741097,12,False,0.0,0.0,-0.16,-0.03,0.0,0.0,-0.19,20260813,independent_pool,2,20312831,20322839,20,120,72
30,v2_independent_pool_r2,adaptive_card_testing|1.58|1.37|0.55|0.14|0.35|0.51|0.55,adaptive_card_testing,-0.1773818270200584,0.9335885632634652,True,0.0,1.0,0.8826846506504787,12,False,0.0,0.0,-0.16,-0.03,0.0,0.0,-0.19,20260813,independent_pool,2,20312831,20322839,20,120,72
31,v2_independent_pool_r2,fake_merchant_collusion|1.54|1.23|0.46|0.28|0.84|0.98|0.86,fake_merchant_collusion,-0.18642504109035352,0.9811844267913343,True,0.0,1.0,0.9135376700136083,12,False,0.0,0.0,-0.16,-0.03,0.0,0.0,-0.19,20260813,independent_pool,2,20312831,20322839,20,120,72
32,v2_independent_pool_r2,agentic_intent_hijack|1.65|1.69|0.07|0.05|0.5|0.77|0.68,agentic_intent_hijack,-0.17148697423326076,0.9025630222803198,True,0.0,1.0,0.9248577994629427,12,False,0.0,0.0,-0.16,-0.03,0.0,0.0,-0.19,20260813,independent_pool,2,20312831,20322839,20,120,72
33,v2_independent_pool_r2,adaptive_card_testing|1.2|0.7|0.05|0.07|0.18|0.7|0.83,adaptive_card_testing,-0.17959238961756135,0.9452231032503229,True,0.0,1.0,0.9024841006625791,12,False,0.0,0.0,-0.16,-0.03,0.0,0.0,-0.19,20260813,independent_pool,2,20312831,20322839,20,120,72
34,v2_independent_pool_r2,ai_app_scam_mule|0.98|1.4|0.05|0.65|0.23|0.78|0.37,ai_app_scam_mule,-0.16526900839087927,0.8698368862677857,True,0.0,1.0,0.9302804723943771,12,False,0.0,0.0,-0.16,-0.03,0.0,0.0,-0.19,20260813,independent_pool,2,20312831,20322839,20,120,72
35,v2_independent_pool_r2,synthetic_identity_bustout|1.28|0.52|0.13|0.05|0.58|0.68|0.54,synthetic_identity_bustout,-0.18648120680077307,0.9814800357935425,True,0.0,1.0,0.912844834375611,12,False,0.0,0.0,-0.16,-0.03,0.0,0.0,-0.19,20260813,independent_pool,2,20312831,20322839,20,120,72
36,v2_independent_pool_r2,deepfake_account_takeover|1.7|1.08|0.62|0.66|0.42|0.84|0.54,deepfake_account_takeover,-0.1699078364591842,0.8942517708378115,True,0.0,1.0,0.9425451619092606,12,False,0.0,0.0,-0.16,-0.03,0.0,0.0,-0.19,20260813,independent_pool,2,20312831,20322839,20,120,72
37,v2_independent_pool_r2,deepfake_account_takeover|1.24|0.58|0.57|0.07|0.22|0.76|0.7,deepfake_account_takeover,-0.15619109639041068,0.822058402054793,True,0.0,1.0,0.9332728626550982,12,False,0.0,0.0,-0.16,-0.03,0.0,0.0,-0.19,20260813,independent_pool,2,20312831,20322839,20,120,72
38,v2_independent_pool_r2,ai_app_scam_mule|1.85|0.89|0.14|0.79|0.6|0.65|0.93,ai_app_scam_mule,-0.17120985883818648,0.9011045202009815,True,0.0,1.0,0.9398049628418597,12,False,0.0,0.0,-0.16,-0.03,0.0,0.0,-0.19,20260813,independent_pool,2,20312831,20322839,20,120,72
39,v2_independent_pool_r2,deepfake_account_takeover|0.57|1.13|0.41|0.59|0.77|0.9|0.68,deepfake_account_takeover,-0.17132597577903858,0.9017156619949398,True,0.0,1.0,0.9385020643895364,12,False,0.0,0.0,-0.16,-0.03,0.0,0.0,-0.19,20260813,independent_pool,2,20312831,20322839,20,120,72
40,v2_independent_pool_r2,deepfake_account_takeover|0.96|0.98|0.89|0.64|0.71|0.39|0.74,deepfake_account_takeover,-0.16628007377870446,0.875158283045813,True,0.0,1.0,0.9425708656540591,12,False,0.0,0.0,-0.16,-0.03,0.0,0.0,-0.19,20260813,independent_pool,2,20312831,20322839,20,120,72
41,v2_independent_pool_r2,fake_merchant_collusion|0.53|1.1|0.21|0.05|0.81|0.61|0.73,fake_merchant_collusion,-0.18753225768937265,0.9870118825756455,True,0.0,1.0,0.9009453304881019,12,False,0.0,0.0,-0.16,-0.03,0.0,0.0,-0.19,20260813,independent_pool,2,20312831,20322839,20,120,72
42,v2_independent_pool_r2,deepfake_account_takeover|0.8|2.1|0.98|0.24|0.48|0.89|0.62,deepfake_account_takeover,-0.16712855999999998,0.879624,True,0.0,1.0,0.9386314376217846,12,False,0.0,0.0,-0.16,-0.03,0.0,0.0,-0.19,20260813,independent_pool,2,20312831,20322839,20,120,72
43,v2_independent_pool_r2,synthetic_identity_bustout|1.61|0.89|0.19|0.19|0.2|0.84|0.96,synthetic_identity_bustout,-0.17674723465711328,0.9302486034584909,True,0.0,1.0,0.921158448637163,12,False,0.0,0.0,-0.16,-0.03,0.0,0.0,-0.19,20260813,independent_pool,2,20312831,20322839,20,120,72
44,v2_independent_pool_r2,agentic_intent_hijack|0.75|0.76|0.34|0.46|0.31|0.6|0.71,agentic_intent_hijack,-0.1712887356829294,0.9015196614891021,True,0.0,1.0,0.9150092860157054,12,False,0.0,0.0,-0.16,-0.03,0.0,0.0,-0.19,20260813,independent_pool,2,20312831,20322839,20,120,72
45,v2_independent_pool_r2,synthetic_identity_bustout|0.83|0.88|0.13|0.05|0.93|0.91|0.78,synthetic_identity_bustout,-0.18970557285055856,0.9984503834239924,True,0.0,1.0,0.9171340821506194,12,False,0.0,0.0,-0.16,-0.03,0.0,0.0,-0.19,20260813,independent_pool,2,20312831,20322839,20,120,72
46,v2_independent_pool_r2,synthetic_identity_bustout|0.94|1.2|0.63|0.05|0.42|0.38|0.79,synthetic_identity_bustout,-0.17831734194779864,0.9385123260410455,True,0.0,1.0,0.9172844295776944,12,False,0.0,0.0,-0.16,-0.03,0.0,0.0,-0.19,20260813,independent_pool,2,20312831,20322839,20,120,72
47,v2_independent_pool_r2,adaptive_card_testing|1.18|1.31|0.05|0.05|0.48|0.56|0.64,adaptive_card_testing,-0.1860176,0.97904,True,0.0,1.0,0.8645775913801069,12,False,0.0,0.0,-0.16,-0.03,0.0,0.0,-0.19,20260813,independent_pool,2,20312831,20322839,20,120,72
48,v2_independent_pool_r2,deepfake_account_takeover|1.24|0.58|0.57|0.07|0.22|0.76|0.7,deepfake_account_takeover,-0.16189109639041066,0.8520584020547929,True,0.0,1.0,0.9369713843046945,12,False,0.0,0.0,-0.16,-0.03,0.0,0.0,-0.19,20260813,independent_pool,2,20312831,20322839,20,120,72
49,v2_independent_pool_r2,fake_merchant_collusion|1.86|1.07|0.19|0.18|0.72|0.58|0.52,fake_merchant_collusion,-0.18946756994182892,0.9971977365359417,True,0.0,1.0,0.910927914843969,12,False,0.0,0.0,-0.16,-0.03,0.0,0.0,-0.19,20260813,independent_pool,2,20312831,20322839,20,120,72
50,v2_independent_pool_r2,ai_app_scam_mule|0.98|1.4|0.05|0.65|0.23|0.78|0.37,ai_app_scam_mule,-0.1662190083908793,0.8748368862677858,True,0.0,1.0,0.9313439972778966,12,False,0.0,0.0,-0.16,-0.03,0.0,0.0,-0.19,20260813,independent_pool,2,20312831,20322839,20,120,72
51,v2_independent_pool_r2,deepfake_account_takeover|1.7|1.08|0.62|0.66|0.42|0.84|0.54,deepfake_account_takeover,-0.1651578364591842,0.8692517708378115,True,0.0,1.0,0.9410727951105039,12,False,0.0,0.0,-0.16,-0.03,0.0,0.0,-0.19,20260813,independent_pool,2,20312831,20322839,20,120,72
52,v2_independent_pool_r2,agentic_intent_hijack|1.22|0.66|0.54|0.08|0.67|0.66|0.83,agentic_intent_hijack,-0.1694114783544344,0.891639359760181,True,0.0,1.0,0.930446853927859,12,False,0.0,0.0,-0.16,-0.03,0.0,0.0,-0.19,20260813,independent_pool,2,20312831,20322839,20,120,72
53,v2_independent_pool_r2,adaptive_card_testing|2.07|0.5|0.22|0.05|0.18|0.64|0.62,adaptive_card_testing,-0.18065781754437596,0.9508306186546103,True,0.0,1.0,0.8957006353784133,12,False,0.0,0.0,-0.16,-0.03,0.0,0.0,-0.19,20260813,independent_pool,2,20312831,20322839,20,120,72
54,v2_independent_pool_r2,synthetic_identity_bustout|1.61|0.89|0.19|0.19|0.2|0.84|0.96,synthetic_identity_bustout,-0.17864723465711327,0.9402486034584908,True,0.0,1.0,0.9103372038246617,12,False,0.0,0.0,-0.16,-0.03,0.0,0.0,-0.19,20260813,independent_pool,2,20312831,20322839,20,120,72
55,v2_independent_pool_r2,deepfake_account_takeover|0.53|0.69|0.93|0.75|0.36|0.83|0.7,deepfake_account_takeover,-0.17186932851917627,0.9045754132588225,True,0.0,1.0,0.9408326671446727,12,False,0.0,0.0,-0.16,-0.03,0.0,0.0,-0.19,20260813,independent_pool,2,20312831,20322839,20,120,72
56,v2_independent_pool_r2,deepfake_account_takeover|0.8|2.1|0.98|0.24|0.48|0.89|0.62,deepfake_account_takeover,-0.16950356,0.8921239999999999,True,0.0,1.0,0.9291166701574717,12,False,0.0,0.0,-0.16,-0.03,0.0,0.0,-0.19,20260813,independent_pool,2,20312831,20322839,20,120,72
57,v2_independent_pool_r2,deepfake_account_takeover|0.96|0.98|0.89|0.64|0.71|0.39|0.74,deepfake_account_takeover,-0.17293007377870448,0.910158283045813,True,0.0,1.0,0.9414321868629579,12,False,0.0,0.0,-0.16,-0.03,0.0,0.0,-0.19,20260813,independent_pool,2,20312831,20322839,20,120,72
58,v2_independent_pool_r2,ai_app_scam_mule|1.85|0.89|0.14|0.79|0.6|0.65|0.93,ai_app_scam_mule,-0.1731098588381865,0.9111045202009815,True,0.0,1.0,0.9365167384396553,12,False,0.0,0.0,-0.16,-0.03,0.0,0.0,-0.19,20260813,independent_pool,2,20312831,20322839,20,120,72
59,v2_independent_pool_r2,deepfake_account_takeover|1.24|0.58|0.57|0.07|0.22|0.76|0.7,deepfake_account_takeover,-0.16711609639041064,0.8795584020547929,True,0.0,1.0,0.9338852080222328,12,False,0.0,0.0,-0.16,-0.03,0.0,0.0,-0.19,20260813,independent_pool,2,20312831,20322839,20,120,72
60,v2_independent_pool_r2,agentic_intent_hijack|1.65|1.69|0.07|0.05|0.5|0.77|0.68,agentic_intent_hijack,-0.16863697423326077,0.8875630222803198,True,0.0,1.0,0.9275784065901717,12,False,0.0,0.0,-0.16,-0.03,0.0,0.0,-0.19,20260813,independent_pool,2,20312831,20322839,20,120,72
61,v2_independent_pool_r2,synthetic_identity_bustout|0.83|0.88|0.13|0.05|0.93|0.91|0.78,synthetic_identity_bustout,-0.1893444271494414,0.9965496165760075,True,0.0,1.0,0.9220908620864382,12,False,0.0,0.0,-0.16,-0.03,0.0,0.0,-0.19,20260813,independent_pool,2,20312831,20322839,20,120,72
62,v2_independent_pool_r2,synthetic_identity_bustout|0.94|1.2|0.63|0.05|0.42|0.38|0.79,synthetic_identity_bustout,-0.18401734194779865,0.9685123260410455,True,0.0,1.0,0.9012935517068327,12,False,0.0,0.0,-0.16,-0.03,0.0,0.0,-0.19,20260813,independent_pool,2,20312831,20322839,20,120,72
63,v2_independent_pool_r2,synthetic_identity_bustout|1.97|0.85|0.23|0.05|0.41|0.69|0.52,synthetic_identity_bustout,-0.18158404979268616,0.955705525224664,True,0.0,1.0,0.922247814373197,12,False,0.0,0.0,-0.16,-0.03,0.0,0.0,-0.19,20260813,independent_pool,2,20312831,20322839,20,120,72
64,v2_independent_pool_r2,adaptive_card_testing|0.79|1.27|0.54|0.1|0.56|0.98|0.53,adaptive_card_testing,-0.18745520937752042,0.9866063651448442,True,0.0,1.0,0.8848481976433368,12,False,0.0,0.0,-0.16,-0.03,0.0,0.0,-0.19,20260813,independent_pool,2,20312831,20322839,20,120,72
65,v2_independent_pool_r2,synthetic_identity_bustout|1.61|0.89|0.19|0.19|0.2|0.84|0.96,synthetic_identity_bustout,-0.18482223465711328,0.9727486034584909,True,0.0,1.0,0.9024544517860139,12,False,0.0,0.0,-0.16,-0.03,0.0,0.0,-0.19,20260813,independent_pool,2,20312831,20322839,20,120,72
66,v2_independent_pool_r2,deepfake_account_takeover|1.24|0.58|0.57|0.07|0.22|0.76|0.7,deepfake_account_takeover,-0.16474109639041065,0.8670584020547929,True,0.0,1.0,0.9394490991033728,12,False,0.0,0.0,-0.16,-0.03,0.0,0.0,-0.19,20260813,independent_pool,2,20312831,20322839,20,120,72
67,v2_independent_pool_r2,fake_merchant_collusion|0.87|0.73|0.05|0.4|0.73|0.51|0.86,fake_merchant_collusion,-0.18856050302236607,0.9924237001177162,True,0.0,1.0,0.9176589514992933,12,False,0.0,0.0,-0.16,-0.03,0.0,0.0,-0.19,20260813,independent_pool,2,20312831,20322839,20,120,72
68,v2_independent_pool_r2,deepfake_account_takeover|1.7|1.08|0.62|0.66|0.42|0.84|0.54,deepfake_account_takeover,-0.17133283645918418,0.9017517708378114,True,0.0,1.0,0.9391830100717966,12,False,0.0,0.0,-0.16,-0.03,0.0,0.0,-0.19,20260813,independent_pool,2,20312831,20322839,20,120,72
69,v2_independent_pool_r2,ai_app_scam_mule|0.83|2.1|0.11|0.49|0.56|0.66|0.51,ai_app_scam_mule,-0.16622408097027225,0.8748635840540644,True,0.0,1.0,0.9319755368123986,12,False,0.0,0.0,-0.16,-0.03,0.0,0.0,-0.19,20260813,independent_pool,2,20312831,20322839,20,120,72
70,v2_independent_pool_r2,agentic_intent_hijack|1.22|0.66|0.54|0.08|0.67|0.66|0.83,agentic_intent_hijack,-0.1694114783544344,0.891639359760181,True,0.0,1.0,0.9358879483375299,12,False,0.0,0.0,-0.16,-0.03,0.0,0.0,-0.19,20260813,independent_pool,2,20312831,20322839,20,120,72
71,v2_independent_pool_r2,deepfake_account_takeover|1.22|1.52|0.82|0.18|0.51|0.95|0.81,deepfake_account_takeover,-0.17188641885369285,0.9046653623878571,True,0.0,1.0,0.939794821583119,12,False,0.0,0.0,-0.16,-0.03,0.0,0.0,-0.19,20260813,independent_pool,2,20312831,20322839,20,120,72
0,v2_double_search_pressure_r0,deepfake_account_takeover|0.55|0.77|0.96|0.47|0.78|0.98|0.87,deepfake_account_takeover,-0.1699171078092909,0.8943005674173206,True,0.0,1.0,0.9386544825093249,12,False,0.0,0.0,-0.16,-0.03,0.0,0.0,-0.19,20260813,double_search_pressure,0,20350813,20360813,40,240,144
1,v2_double_search_pressure_r0,agentic_intent_hijack|2.02|1.54|0.41|0.26|0.92|0.88|0.83,agentic_intent_hijack,-0.1718862678573377,0.9046645676701984,True,0.0,1.0,0.9205992309768661,12,False,0.0,0.0,-0.16,-0.03,0.0,0.0,-0.19,20260813,double_search_pressure,0,20350813,20360813,40,240,144
2,v2_double_search_pressure_r0,ai_app_scam_mule|1.25|0.5|0.05|0.86|0.32|0.71|0.86,ai_app_scam_mule,-0.1614017348402381,0.8494828149486215,True,0.0,1.0,0.9440881787816137,12,False,0.0,0.0,-0.16,-0.03,0.0,0.0,-0.19,20260813,double_search_pressure,0,20350813,20360813,40,240,144
3,v2_double_search_pressure_r0,fake_merchant_collusion|0.5|1.35|0.05|0.42|0.6|0.98|0.98,fake_merchant_collusion,-0.1879305576693882,0.9891081982599379,True,0.0,1.0,0.8902574528689096,12,False,0.0,0.0,-0.16,-0.03,0.0,0.0,-0.19,20260813,double_search_pressure,0,20350813,20360813,40,240,144
4,v2_double_search_pressure_r0,adaptive_card_testing|1.37|0.53|0.24|0.05|0.32|0.88|0.49,adaptive_card_testing,-0.18336949493465488,0.9651026049192362,True,0.0,1.0,0.8967057898973687,12,False,0.0,0.0,-0.16,-0.03,0.0,0.0,-0.19,20260813,double_search_pressure,0,20350813,20360813,40,240,144
5,v2_double_search_pressure_r0,synthetic_identity_bustout|1.37|2.1|0.27|0.05|0.45|0.92|0.72,synthetic_identity_bustout,-0.17920705219589078,0.9431950115573199,True,0.0,1.0,0.9089168905484405,12,False,0.0,0.0,-0.16,-0.03,0.0,0.0,-0.19,20260813,double_search_pressure,0,20350813,20360813,40,240,144
6,v2_double_search_pressure_r0,agentic_intent_hijack|0.63|0.58|0.43|0.52|0.85|0.42|0.74,agentic_intent_hijack,-0.16852647965810147,0.8869814718847446,True,0.0,1.0,0.9285134094094541,12,False,0.0,0.0,-0.16,-0.03,0.0,0.0,-0.19,20260813,double_search_pressure,0,20350813,20360813,40,240,144
7,v2_double_search_pressure_r0,fake_merchant_collusion|1.55|0.67|0.31|0.09|0.98|0.51|0.78,fake_merchant_collusion,-0.18770618184245924,0.9879272728550487,True,0.0,1.0,0.9083192694930463,12,False,0.0,0.0,-0.16,-0.03,0.0,0.0,-0.19,20260813,double_search_pressure,0,20350813,20360813,40,240,144
8,v2_double_search_pressure_r0,deepfake_account_takeover|0.83|1.62|0.82|0.67|0.89|0.43|0.84,deepfake_account_takeover,-0.17209052855002346,0.905739623947492,True,0.0,1.0,0.9413116233928029,12,False,0.0,0.0,-0.16,-0.03,0.0,0.0,-0.19,20260813,double_search_pressure,0,20350813,20360813,40,240,144
9,v2_double_search_pressure_r0,ai_app_scam_mule|1.0|1.36|0.7|0.72|0.34|0.98|0.61,ai_app_scam_mule,-0.17332918417576978,0.9122588640829988,True,0.0,1.0,0.9441953234094265,12,False,0.0,0.0,-0.16,-0.03,0.0,0.0,-0.19,20260813,double_search_pressure,0,20350813,20360813,40,240,144
10,v2_double_search_pressure_r0,deepfake_account_takeover|1.47|0.53|0.85|0.05|0.44|0.63|0.61,deepfake_account_takeover,-0.16580038945459072,0.8726336287083722,True,0.0,1.0,0.9435326775074202,12,False,0.0,0.0,-0.16,-0.03,0.0,0.0,-0.19,20260813,double_search_pressure,0,20350813,20360813,40,240,144
11,v2_double_search_pressure_r0,adaptive_card_testing|1.47|1.4|0.27|0.21|0.25|0.31|0.65,adaptive_card_testing,-0.187697269691037,0.9878803667949316,True,0.0,1.0,0.8756176306383515,12,False,0.0,0.0,-0.16,-0.03,0.0,0.0,-0.19,20260813,double_search_pressure,0,20350813,20360813,40,240,144
12,v2_double_search_pressure_r0,synthetic_identity_bustout|0.74|0.48|0.05|0.18|0.48|0.89|0.91,synthetic_identity_bustout,-0.18359763405791166,0.9663033371469034,True,0.0,1.0,0.9093640816129543,12,False,0.0,0.0,-0.16,-0.03,0.0,0.0,-0.19,20260813,double_search_pressure,0,20350813,20360813,40,240,144
13,v2_double_search_pressure_r0,adaptive_card_testing|1.14|1.98|0.26|0.07|0.98|0.86|0.78,adaptive_card_testing,-0.18979038126510928,0.9988967435005751,True,0.0,1.0,0.8906803672155772,12,False,0.0,0.0,-0.16,-0.03,0.0,0.0,-0.19,20260813,double_search_pressure,0,20350813,20360813,40,240,144
14,v2_double_search_pressure_r0,fake_merchant_collusion|0.57|1.42|0.62|0.24|0.79|0.39|0.65,fake_merchant_collusion,-0.1883942043542065,0.9915484439695079,True,0.0,1.0,0.8973854510606708,12,False,0.0,0.0,-0.16,-0.03,0.0,0.0,-0.19,20260813,double_search_pressure,0,20350813,20360813,40,240,144
15,v2_double_search_pressure_r0,agentic_intent_hijack|0.7|1.6|0.2|0.05|0.63|0.77|0.55,agentic_intent_hijack,-0.17053588271797512,0.8975572774630269,True,0.0,1.0,0.9220411124110736,12,False,0.0,0.0,-0.16,-0.03,0.0,0.0,-0.19,20260813,double_search_pressure,0,20350813,20360813,40,240,144
16,v2_double_search_pressure_r0,deepfake_account_takeover|1.89|1.67|0.57|0.64|0.45|0.77|0.7,deepfake_account_takeover,-0.16580797688495552,0.8726735625523975,True,0.0,1.0,0.9375923752298722,12,False,0.0,0.0,-0.16,-0.03,0.0,0.0,-0.19,20260813,double_search_pressure,0,20350813,20360813,40,240,144
17,v2_double_search_pressure_r0,ai_app_scam_mule|0.47|1.26|0.11|0.83|0.2|0.84|0.62,ai_app_scam_mule,-0.1698412401419096,0.8939012639047874,True,0.0,1.0,0.9291316096612968,12,False,0.0,0.0,-0.16,-0.03,0.0,0.0,-0.19,20260813,double_search_pressure,0,20350813,20360813,40,240,144
18,v2_double_search_pressure_r0,deepfake_account_takeover|0.65|0.7|0.84|0.78|0.93|0.68|0.78,deepfake_account_takeover,-0.16376660035615906,0.8619294755587319,True,0.0,1.0,0.9436398931162827,12,False,0.0,0.0,-0.16,-0.03,0.0,0.0,-0.19,20260813,double_search_pressure,0,20350813,20360813,40,240,144
19,v2_double_search_pressure_r0,synthetic_identity_bustout|0.56|0.96|0.57|0.09|0.27|0.68|0.71,synthetic_identity_bustout,-0.17717190087849446,0.9324836888341813,True,0.0,1.0,0.9216643643304608,12,False,0.0,0.0,-0.16,-0.03,0.0,0.0,-0.19,20260813,double_search_pressure,0,20350813,20360813,40,240,144
20,v2_double_search_pressure_r0,fake_merchant_collusion|1.84|1.13|0.53|0.55|0.71|0.62|0.93,fake_merchant_collusion,-0.1860119484124602,0.979010254802422,True,0.0,1.0,0.9152748534418134,12,False,0.0,0.0,-0.16,-0.03,0.0,0.0,-0.19,20260813,double_search_pressure,0,20350813,20360813,40,240,144
21,v2_double_search_pressure_r0,synthetic_identity_bustout|0.91|0.77|0.05|0.68|0.46|0.89|0.64,synthetic_identity_bustout,-0.18491216896417284,0.9732219419166992,True,0.0,1.0,0.9175545703321046,12,False,0.0,0.0,-0.16,-0.03,0.0,0.0,-0.19,20260813,double_search_pressure,0,20350813,20360813,40,240,144
22,v2_double_search_pressure_r0,ai_app_scam_mule|1.16|1.07|0.08|0.72|0.73|0.56|0.85,ai_app_scam_mule,-0.17299406846605894,0.9104950971897838,True,0.0,1.0,0.9366727070368402,12,False,0.0,0.0,-0.16,-0.03,0.0,0.0,-0.19,20260813,double_search_pressure,0,20350813,20360813,40,240,144
23,v2_double_search_pressure_r0,adaptive_card_testing|0.6|0.67|0.58|0.12|0.47|0.82|0.68,adaptive_card_testing,-0.1793496382052888,0.943945464238362,True,0.0,1.0,0.9154120220350325,12,False,0.0,0.0,-0.16,-0.03,0.0,0.0,-0.19,20260813,double_search_pressure,0,20350813,20360813,40,240,144
24,v2_double_search_pressure_r0,synthetic_identity_bustout|2.0|0.93|0.41|0.3|0.5|0.57|0.92,synthetic_identity_bustout,-0.1836807523324453,0.9667408017497121,True,0.0,1.0,0.9137063202870294,12,False,0.0,0.0,-0.16,-0.03,0.0,0.0,-0.19,20260813,double_search_pressure,0,20350813,20360813,40,240,144
25,v2_double_search_pressure_r0,agentic_intent_hijack|1.36|0.51|0.24|0.36|0.8|0.93|0.61,agentic_intent_hijack,-0.1719690055472427,0.9051000291960142,True,0.0,1.0,0.9460237578573557,12,False,0.0,0.0,-0.16,-0.03,0.0,0.0,-0.19,20260813,double_search_pressure,0,20350813,20360813,40,240,144
26,v2_double_search_pressure_r0,deepfake_account_takeover|0.91|1.32|0.8|0.78|0.36|0.98|0.92,deepfake_account_takeover,-0.1670768755382153,0.8793519765169225,True,0.0,1.0,0.9357438388393726,12,False,0.0,0.0,-0.16,-0.03,0.0,0.0,-0.19,20260813,double_search_pressure,0,20350813,20360813,40,240,144
27,v2_double_search_pressure_r0,ai_app_scam_mule|0.88|1.1|0.74|0.46|0.26|0.82|0.75,ai_app_scam_mule,-0.16892045390283192,0.8890550205412207,True,0.0,1.0,0.932592605171211,12,False,0.0,0.0,-0.16,-0.03,0.0,0.0,-0.19,20260813,double_search_pressure,0,20350813,20360813,40,240,144
28,v2_double_search_pressure_r0,deepfake_account_takeover|0.83|1.62|0.82|0.67|0.89|0.43|0.84,deepfake_account_takeover,-0.17019052855002348,0.895739623947492,True,0.0,1.0,0.9401829317047928,12,False,0.0,0.0,-0.16,-0.03,0.0,0.0,-0.19,20260813,double_search_pressure,0,20350813,20360813,40,240,144
29,v2_double_search_pressure_r0,synthetic_identity_bustout|0.68|1.03|0.57|0.44|0.9|0.86|0.83,synthetic_identity_bustout,-0.18567763702390788,0.9772507211784626,True,0.0,1.0,0.9238230708058435,12,False,0.0,0.0,-0.16,-0.03,0.0,0.0,-0.19,20260813,double_search_pressure,0,20350813,20360813,40,240,144
30,v2_double_search_pressure_r0,ai_app_scam_mule|1.57|1.61|0.21|0.61|0.63|0.85|0.48,ai_app_scam_mule,-0.16717371450258217,0.8798616552767483,True,0.0,1.0,0.9473667766086953,12,False,0.0,0.0,-0.16,-0.03,0.0,0.0,-0.19,20260813,double_search_pressure,0,20350813,20360813,40,240,144
31,v2_double_search_pressure_r0,deepfake_account_takeover|1.47|0.53|0.85|0.05|0.44|0.63|0.61,deepfake_account_takeover,-0.17055038945459072,0.8976336287083722,True,0.0,1.0,0.9449219890079683,12,False,0.0,0.0,-0.16,-0.03,0.0,0.0,-0.19,20260813,double_search_pressure,0,20350813,20360813,40,240,144
32,v2_double_search_pressure_r0,fake_merchant_collusion|0.86|1.02|0.07|0.05|0.98|0.81|0.57,fake_merchant_collusion,-0.18768258766882062,0.9878030929937928,True,0.0,1.0,0.9048745888124475,12,False,0.0,0.0,-0.16,-0.03,0.0,0.0,-0.19,20260813,double_search_pressure,0,20350813,20360813,40,240,144
33,v2_double_search_pressure_r0,agentic_intent_hijack|1.43|1.5|0.23|0.05|0.7|0.59|0.95,agentic_intent_hijack,-0.17303248281784506,0.9106972779886582,True,0.0,1.0,0.9203131184741995,12,False,0.0,0.0,-0.16,-0.03,0.0,0.0,-0.19,20260813,double_search_pressure,0,20350813,20360813,40,240,144
34,v2_double_search_pressure_r0,adaptive_card_testing|1.47|1.4|0.27|0.21|0.25|0.31|0.65,adaptive_card_testing,-0.17772226969103702,0.9353803667949318,True,0.0,1.0,0.8690811889309664,12,False,0.0,0.0,-0.16,-0.03,0.0,0.0,-0.19,20260813,double_search_pressure,0,20350813,20360813,40,240,144
35,v2_double_search_pressure_r0,ai_app_scam_mule|1.25|0.5|0.05|0.86|0.32|0.71|0.86,ai_app_scam_mule,-0.16757673484023808,0.8819828149486215,True,0.0,1.0,0.9418464562905534,12,False,0.0,0.0,-0.16,-0.03,0.0,0.0,-0.19,20260813,double_search_pressure,0,20350813,20360813,40,240,144
36,v2_double_search_pressure_r0,agentic_intent_hijack|0.63|0.58|0.43|0.52|0.85|0.42|0.74,agentic_intent_hijack,-0.17422647965810148,0.9169814718847447,True,0.0,1.0,0.9384635829200422,12,False,0.0,0.0,-0.16,-0.03,0.0,0.0,-0.19,20260813,double_search_pressure,0,20350813,20360813,40,240,144
37,v2_double_search_pressure_r0,fake_merchant_collusion|1.84|1.13|0.53|0.55|0.71|0.62|0.93,fake_merchant_collusion,-0.18791194841246017,0.989010254802422,True,0.0,1.0,0.9014986376709598,12,False,0.0,0.0,-0.16,-0.03,0.0,0.0,-0.19,20260813,double_search_pressure,0,20350813,20360813,40,240,144
38,v2_double_search_pressure_r0,deepfake_account_takeover|0.57|1.24|0.52|0.7|0.49|0.7|0.41,deepfake_account_takeover,-0.16826877892847017,0.8856251522551061,True,0.0,1.0,0.9375648947053324,12,False,0.0,0.0,-0.16,-0.03,0.0,0.0,-0.19,20260813,double_search_pressure,0,20350813,20360813,40,240,144
39,v2_double_search_pressure_r0,fake_merchant_collusion|0.5|1.35|0.05|0.42|0.6|0.98|0.98,fake_merchant_collusion,-0.1879305576693882,0.9891081982599379,True,0.0,1.0,0.8881928460223443,12,False,0.0,0.0,-0.16,-0.03,0.0,0.0,-0.19,20260813,double_search_pressure,0,20350813,20360813,40,240,144
40,v2_double_search_pressure_r0,deepfake_account_takeover|0.83|1.62|0.82|0.67|0.89|0.43|0.84,deepfake_account_takeover,-0.17114052855002349,0.9007396239474921,True,0.0,1.0,0.9395458772681233,12,False,0.0,0.0,-0.16,-0.03,0.0,0.0,-0.19,20260813,double_search_pressure,0,20350813,20360813,40,240,144
41,v2_double_search_pressure_r0,ai_app_scam_mule|0.88|1.1|0.74|0.46|0.26|0.82|0.75,ai_app_scam_mule,-0.17165454609716804,0.9034449794587792,True,0.0,1.0,0.9339086410163756,12,False,0.0,0.0,-0.16,-0.03,0.0,0.0,-0.19,20260813,double_search_pressure,0,20350813,20360813,40,240,144
42,v2_double_search_pressure_r0,adaptive_card_testing|1.14|1.98|0.26|0.07|0.98|0.86|0.78,adaptive_card_testing,-0.18979038126510928,0.9988967435005751,True,0.0,1.0,0.8685563194836333,12,False,0.0,0.0,-0.16,-0.03,0.0,0.0,-0.19,20260813,double_search_pressure,0,20350813,20360813,40,240,144
43,v2_double_search_pressure_r0,synthetic_identity_bustout|0.68|1.03|0.57|0.44|0.9|0.86|0.83,synthetic_identity_bustout,-0.1876723629760921,0.9877492788215374,True,0.0,1.0,0.9201962388015876,12,False,0.0,0.0,-0.16,-0.03,0.0,0.0,-0.19,20260813,double_search_pressure,0,20350813,20360813,40,240,144
44,v2_double_search_pressure_r0,deepfake_account_takeover|1.47|0.53|0.85|0.05|0.44|0.63|0.61,deepfake_account_takeover,-0.16200038945459072,0.8526336287083722,True,0.0,1.0,0.9409251816785682,12,False,0.0,0.0,-0.16,-0.03,0.0,0.0,-0.19,20260813,double_search_pressure,0,20350813,20360813,40,240,144
45,v2_double_search_pressure_r0,ai_app_scam_mule|0.81|1.02|0.35|0.55|0.34|0.33|0.58,ai_app_scam_mule,-0.16403352953173075,0.8633343659564776,True,0.0,1.0,0.9370278504232026,12,False,0.0,0.0,-0.16,-0.03,0.0,0.0,-0.19,20260813,double_search_pressure,0,20350813,20360813,40,240,144
46,v2_double_search_pressure_r0,agentic_intent_hijack|1.37|1.15|0.63|0.05|0.75|0.92|0.98,agentic_intent_hijack,-0.1707242183661235,0.8985485177164395,True,0.0,1.0,0.9289355865195783,12,False,0.0,0.0,-0.16,-0.03,0.0,0.0,-0.19,20260813,double_search_pressure,0,20350813,20360813,40,240,144
47,v2_double_search_pressure_r0,fake_merchant_collusion|1.04|1.01|0.05|0.15|0.96|0.37|0.9,fake_merchant_collusion,-0.18897996613108697,0.9946314006899315,True,0.0,1.0,0.8999309246270956,12,False,0.0,0.0,-0.16,-0.03,0.0,0.0,-0.19,20260813,double_search_pressure,0,20350813,20360813,40,240,144
48,v2_double_search_pressure_r0,ai_app_scam_mule|1.25|0.5|0.05|0.86|0.32|0.71|0.86,ai_app_scam_mule,-0.1609267348402381,0.8469828149486215,True,0.0,1.0,0.9407164000073328,12,False,0.0,0.0,-0.16,-0.03,0.0,0.0,-0.19,20260813,double_search_pressure,0,20350813,20360813,40,240,144
49,v2_double_search_pressure_r0,ai_app_scam_mule|1.57|1.61|0.21|0.61|0.63|0.85|0.48,ai_app_scam_mule,-0.1657487145025822,0.8723616552767484,True,0.0,1.0,0.9409567751659752,12,False,0.0,0.0,-0.16,-0.03,0.0,0.0,-0.19,20260813,double_search_pressure,0,20350813,20360813,40,240,144
50,v2_double_search_pressure_r0,deepfake_account_takeover|1.1|1.58|0.54|0.82|0.29|0.75|0.77,deepfake_account_takeover,-0.16655950360953167,0.8766289663659561,True,0.0,1.0,0.9416695177124241,12,False,0.0,0.0,-0.16,-0.03,0.0,0.0,-0.19,20260813,double_search_pressure,0,20350813,20360813,40,240,144
51,v2_double_search_pressure_r0,adaptive_card_testing|0.45|0.97|0.1|0.16|0.31|0.59|0.65,adaptive_card_testing,-0.18330935664845327,0.9647860876234382,True,0.0,1.0,0.8941371370963148,12,False,0.0,0.0,-0.16,-0.03,0.0,0.0,-0.19,20260813,double_search_pressure,0,20350813,20360813,40,240,144
52,v2_double_search_pressure_r0,agentic_intent_hijack|0.77|1.04|0.38|0.72|0.98|0.58|0.6,agentic_intent_hijack,-0.16993678100318785,0.894404110543094,True,0.0,1.0,0.9355265630149745,12,False,0.0,0.0,-0.16,-0.03,0.0,0.0,-0.19,20260813,double_search_pressure,0,20350813,20360813,40,240,144
53,v2_double_search_pressure_r0,deepfake_account_takeover|0.65|0.7|0.84|0.78|0.93|0.68|0.78,deepfake_account_takeover,-0.16566660035615907,0.8719294755587319,True,0.0,1.0,0.9443913602975745,12,False,0.0,0.0,-0.16,-0.03,0.0,0.0,-0.19,20260813,double_search_pressure,0,20350813,20360813,40,240,144
54,v2_double_search_pressure_r0,fake_merchant_collusion|1.84|1.13|0.53|0.55|0.71|0.62|0.93,fake_merchant_collusion,-0.18411194841246017,0.969010254802422,True,0.0,1.0,0.9266605724420399,12,False,0.0,0.0,-0.16,-0.03,0.0,0.0,-0.19,20260813,double_search_pressure,0,20350813,20360813,40,240,144
55,v2_double_search_pressure_r0,fake_merchant_collusion|0.57|1.42|0.62|0.24|0.79|0.39|0.65,fake_merchant_collusion,-0.18970579564579348,0.9984515560304921,True,0.0,1.0,0.9014396376547467,12,False,0.0,0.0,-0.16,-0.03,0.0,0.0,-0.19,20260813,double_search_pressure,0,20350813,20360813,40,240,144
56,v2_double_search_pressure_r0,synthetic_identity_bustout|2.0|0.93|0.41|0.3|0.5|0.57|0.92,synthetic_identity_bustout,-0.1817807523324453,0.9567408017497121,True,0.0,1.0,0.9107114049220103,12,False,0.0,0.0,-0.16,-0.03,0.0,0.0,-0.19,20260813,double_search_pressure,0,20350813,20360813,40,240,144
57,v2_double_search_pressure_r0,deepfake_account_takeover|0.83|1.62|0.82|0.67|0.89|0.43|0.84,deepfake_account_takeover,-0.1673405285500235,0.8807396239474921,True,0.0,1.0,0.9443376971148804,12,False,0.0,0.0,-0.16,-0.03,0.0,0.0,-0.19,20260813,double_search_pressure,0,20350813,20360813,40,240,144
58,v2_double_search_pressure_r0,ai_app_scam_mule|1.0|1.36|0.7|0.72|0.34|0.98|0.61,ai_app_scam_mule,-0.17475418417576977,0.9197588640829988,True,0.0,1.0,0.9415964125446203,12,False,0.0,0.0,-0.16,-0.03,0.0,0.0,-0.19,20260813,double_search_pressure,0,20350813,20360813,40,240,144
59,v2_double_search_pressure_r0,ai_app_scam_mule|1.16|1.07|0.08|0.72|0.73|0.56|0.85,ai_app_scam_mule,-0.17109406846605893,0.9004950971897838,True,0.0,1.0,0.9373211238441673,12,False,0.0,0.0,-0.16,-0.03,0.0,0.0,-0.19,20260813,double_search_pressure,0,20350813,20360813,40,240,144
60,v2_double_search_pressure_r0,deepfake_account_takeover|1.47|0.53|0.85|0.05|0.44|0.63|0.61,deepfake_account_takeover,-0.16247538945459072,0.8551336287083722,True,0.0,1.0,0.9411750896775968,12,False,0.0,0.0,-0.16,-0.03,0.0,0.0,-0.19,20260813,double_search_pressure,0,20350813,20360813,40,240,144
61,v2_double_search_pressure_r0,synthetic_identity_bustout|0.67|1.36|0.05|0.05|0.28|0.75|0.68,synthetic_identity_bustout,-0.1803176,0.94904,True,0.0,1.0,0.886099438986601,12,False,0.0,0.0,-0.16,-0.03,0.0,0.0,-0.19,20260813,double_search_pressure,0,20350813,20360813,40,240,144
62,v2_double_search_pressure_r0,adaptive_card_testing|1.47|1.4|0.27|0.21|0.25|0.31|0.65,adaptive_card_testing,-0.181997269691037,0.9578803667949316,True,0.0,1.0,0.8794729078116991,12,False,0.0,0.0,-0.16,-0.03,0.0,0.0,-0.19,20260813,double_search_pressure,0,20350813,20360813,40,240,144
63,v2_double_search_pressure_r0,fake_merchant_collusion|0.5|1.35|0.05|0.42|0.6|0.98|0.98,fake_merchant_collusion,-0.1879305576693882,0.9891081982599379,True,0.0,1.0,0.8927910506859064,12,False,0.0,0.0,-0.16,-0.03,0.0,0.0,-0.19,20260813,double_search_pressure,0,20350813,20360813,40,240,144
64,v2_double_search_pressure_r0,deepfake_account_takeover|0.57|1.24|0.52|0.7|0.49|0.7|0.41,deepfake_account_takeover,-0.17206877892847017,0.9056251522551061,True,0.0,1.0,0.9414843917380852,12,False,0.0,0.0,-0.16,-0.03,0.0,0.0,-0.19,20260813,double_search_pressure,0,20350813,20360813,40,240,144
65,v2_double_search_pressure_r0,agentic_intent_hijack|1.43|1.5|0.23|0.05|0.7|0.59|0.95,agentic_intent_hijack,-0.17208248281784502,0.9056972779886581,True,0.0,1.0,0.9260607160191227,12,False,0.0,0.0,-0.16,-0.03,0.0,0.0,-0.19,20260813,double_search_pressure,0,20350813,20360813,40,240,144
66,v2_double_search_pressure_r0,fake_merchant_collusion|0.86|1.02|0.07|0.05|0.98|0.81|0.57,fake_merchant_collusion,-0.18994241233117937,0.9996969070062072,True,0.0,1.0,0.9094106225751126,12,False,0.0,0.0,-0.16,-0.03,0.0,0.0,-0.19,20260813,double_search_pressure,0,20350813,20360813,40,240,144
67,v2_double_search_pressure_r0,deepfake_account_takeover|0.55|0.77|0.96|0.47|0.78|0.98|0.87,deepfake_account_takeover,-0.17398289219070906,0.9156994325826793,True,0.0,1.0,0.9456103287615077,12,False,0.0,0.0,-0.16,-0.03,0.0,0.0,-0.19,20260813,double_search_pressure,0,20350813,20360813,40,240,144
68,v2_double_search_pressure_r0,fake_merchant_collusion|0.57|1.42|0.62|0.24|0.79|0.39|0.65,fake_merchant_collusion,-0.1887557956457935,0.9934515560304922,True,0.0,1.0,0.8947719925428336,12,False,0.0,0.0,-0.16,-0.03,0.0,0.0,-0.19,20260813,double_search_pressure,0,20350813,20360813,40,240,144
69,v2_double_search_pressure_r0,synthetic_identity_bustout|0.91|0.77|0.05|0.68|0.46|0.89|0.64,synthetic_identity_bustout,-0.18253716896417282,0.9607219419166991,True,0.0,1.0,0.9091542394012485,12,False,0.0,0.0,-0.16,-0.03,0.0,0.0,-0.19,20260813,double_search_pressure,0,20350813,20360813,40,240,144
70,v2_double_search_pressure_r0,agentic_intent_hijack|0.63|0.58|0.43|0.52|0.85|0.42|0.74,agentic_intent_hijack,-0.1715735203418985,0.9030185281152552,True,0.0,1.0,0.9357780058197612,12,False,0.0,0.0,-0.16,-0.03,0.0,0.0,-0.19,20260813,double_search_pressure,0,20350813,20360813,40,240,144
71,v2_double_search_pressure_r0,ai_app_scam_mule|1.25|0.5|0.05|0.86|0.32|0.71|0.86,ai_app_scam_mule,-0.16377673484023808,0.8619828149486215,True,0.0,1.0,0.9367325573769202,12,False,0.0,0.0,-0.16,-0.03,0.0,0.0,-0.19,20260813,double_search_pressure,0,20350813,20360813,40,240,144
72,v2_double_search_pressure_r0,adaptive_card_testing|1.14|1.98|0.26|0.07|0.98|0.86|0.78,adaptive_card_testing,-0.18694038126510926,0.983896743500575,True,0.0,1.0,0.8763418448521635,12,False,0.0,0.0,-0.16,-0.03,0.0,0.0,-0.19,20260813,double_search_pressure,0,20350813,20360813,40,240,144
73,v2_double_search_pressure_r0,deepfake_account_takeover|0.57|1.24|0.52|0.7|0.49|0.7|0.41,deepfake_account_takeover,-0.17254377892847017,0.9081251522551061,True,0.0,1.0,0.938606468352849,12,False,0.0,0.0,-0.16,-0.03,0.0,0.0,-0.19,20260813,double_search_pressure,0,20350813,20360813,40,240,144
74,v2_double_search_pressure_r0,deepfake_account_takeover|1.1|1.58|0.54|0.82|0.29|0.75|0.77,deepfake_account_takeover,-0.16798450360953165,0.8841289663659561,True,0.0,1.0,0.9420175984726099,12,False,0.0,0.0,-0.16,-0.03,0.0,0.0,-0.19,20260813,double_search_pressure,0,20350813,20360813,40,240,144
75,v2_double_search_pressure_r0,deepfake_account_takeover|1.47|0.53|0.85|0.05|0.44|0.63|0.61,deepfake_account_takeover,-0.16627538945459072,0.8751336287083722,True,0.0,1.0,0.9363396904491035,12,False,0.0,0.0,-0.16,-0.03,0.0,0.0,-0.19,20260813,double_search_pressure,0,20350813,20360813,40,240,144
76,v2_double_search_pressure_r0,agentic_intent_hijack|1.36|0.51|0.24|0.36|0.8|0.93|0.61,agentic_intent_hijack,-0.1724440055472427,0.9076000291960142,True,0.0,1.0,0.9275926215209686,12,False,0.0,0.0,-0.16,-0.03,0.0,0.0,-0.19,20260813,double_search_pressure,0,20350813,20360813,40,240,144
77,v2_double_search_pressure_r0,deepfake_account_takeover|0.65|0.7|0.84|0.78|0.93|0.68|0.78,deepfake_account_takeover,-0.16519160035615904,0.8694294755587318,True,0.0,1.0,0.9498722000256029,12,False,0.0,0.0,-0.16,-0.03,0.0,0.0,-0.19,20260813,double_search_pressure,0,20350813,20360813,40,240,144
78,v2_double_search_pressure_r0,synthetic_identity_bustout|0.77|0.67|0.36|0.21|0.91|0.98|0.66,synthetic_identity_bustout,-0.18376170121375004,0.9671668484934213,True,0.0,1.0,0.9100741975976424,12,False,0.0,0.0,-0.16,-0.03,0.0,0.0,-0.19,20260813,double_search_pressure,0,20350813,20360813,40,240,144
79,v2_double_search_pressure_r0,fake_merchant_collusion|1.84|1.13|0.53|0.55|0.71|0.62|0.93,fake_merchant_collusion,-0.18648694841246016,0.9815102548024219,True,0.0,1.0,0.9134266415191985,12,False,0.0,0.0,-0.16,-0.03,0.0,0.0,-0.19,20260813,double_search_pressure,0,20350813,20360813,40,240,144
80,v2_double_search_pressure_r0,ai_app_scam_mule|0.81|1.02|0.35|0.55|0.34|0.33|0.58,ai_app_scam_mule,-0.17084147046826925,0.8991656340435223,True,0.0,1.0,0.9343873536467102,12,False,0.0,0.0,-0.16,-0.03,0.0,0.0,-0.19,20260813,double_search_pressure,0,20350813,20360813,40,240,144
81,v2_double_search_pressure_r0,adaptive_card_testing|1.37|0.53|0.24|0.05|0.32|0.88|0.49,adaptive_card_testing,-0.18051949493465488,0.9501026049192363,True,0.0,1.0,0.8959955248505961,12,False,0.0,0.0,-0.16,-0.03,0.0,0.0,-0.19,20260813,double_search_pressure,0,20350813,20360813,40,240,144
82,v2_double_search_pressure_r0,fake_merchant_collusion|0.5|1.35|0.05|0.42|0.6|0.98|0.98,fake_merchant_collusion,-0.18508055766938822,0.974108198259938,True,0.0,1.0,0.8879394776884998,12,False,0.0,0.0,-0.16,-0.03,0.0,0.0,-0.19,20260813,double_search_pressure,0,20350813,20360813,40,240,144
83,v2_double_search_pressure_r0,agentic_intent_hijack|0.7|1.6|0.2|0.05|0.63|0.77|0.55,agentic_intent_hijack,-0.1724358827179751,0.907557277463027,True,0.0,1.0,0.922496689981893,12,False,0.0,0.0,-0.16,-0.03,0.0,0.0,-0.19,20260813,double_search_pressure,0,20350813,20360813,40,240,144
84,v2_double_search_pressure_r0,ai_app_scam_mule|1.57|1.61|0.21|0.61|0.63|0.85|0.48,ai_app_scam_mule,-0.17287371450258218,0.9098616552767483,True,0.0,1.0,0.9398940538275596,12,False,0.0,0.0,-0.16,-0.03,0.0,0.0,-0.19,20260813,double_search_pressure,0,20350813,20360813,40,240,144
85,v2_double_search_pressure_r0,deepfake_account_takeover|0.57|1.24|0.52|0.7|0.49|0.7|0.41,deepfake_account_takeover,-0.17230622107152982,0.9068748477448938,True,0.0,1.0,0.936331866076173,12,False,0.0,0.0,-0.16,-0.03,0.0,0.0,-0.19,20260813,double_search_pressure,0,20350813,20360813,40,240,144
86,v2_double_search_pressure_r0,fake_merchant_collusion|1.04|1.01|0.05|0.15|0.96|0.37|0.9,fake_merchant_collusion,-0.18817003386891304,0.9903685993100686,True,0.0,1.0,0.9097241693796146,12,False,0.0,0.0,-0.16,-0.03,0.0,0.0,-0.19,20260813,double_search_pressure,0,20350813,20360813,40,240,144
87,v2_double_search_pressure_r0,agentic_intent_hijack|0.77|1.04|0.38|0.72|0.98|0.58|0.6,agentic_intent_hijack,-0.17373678100318787,0.914404110543094,True,0.0,1.0,0.9364436642636603,12,False,0.0,0.0,-0.16,-0.03,0.0,0.0,-0.19,20260813,double_search_pressure,0,20350813,20360813,40,240,144
88,v2_double_search_pressure_r0,synthetic_identity_bustout|0.56|0.96|0.57|0.09|0.27|0.68|0.71,synthetic_identity_bustout,-0.18239690087849444,0.9599836888341813,True,0.0,1.0,0.8926389999352864,12,False,0.0,0.0,-0.16,-0.03,0.0,0.0,-0.19,20260813,double_search_pressure,0,20350813,20360813,40,240,144
89,v2_double_search_pressure_r0,deepfake_account_takeover|1.89|1.67|0.57|0.64|0.45|0.77|0.7,deepfake_account_takeover,-0.16533297688495552,0.8701735625523974,True,0.0,1.0,0.9382506191732368,12,False,0.0,0.0,-0.16,-0.03,0.0,0.0,-0.19,20260813,double_search_pressure,0,20350813,20360813,40,240,144
90,v2_double_search_pressure_r0,deepfake_account_takeover|0.55|0.77|0.96|0.47|0.78|0.98|0.87,deepfake_account_takeover,-0.17255789219070905,0.9081994325826792,True,0.0,1.0,0.9469606561133116,12,False,0.0,0.0,-0.16,-0.03,0.0,0.0,-0.19,20260813,double_search_pressure,0,20350813,20360813,40,240,144
91,v2_double_search_pressure_r0,deepfake_account_takeover|0.75|0.46|0.59|0.44|0.54|0.44|0.7,deepfake_account_takeover,-0.17357901468865072,0.9135737615192143,True,0.0,1.0,0.9428507250292654,12,False,0.0,0.0,-0.16,-0.03,0.0,0.0,-0.19,20260813,double_search_pressure,0,20350813,20360813,40,240,144
92,v2_double_search_pressure_r0,deepfake_account_takeover|0.83|1.62|0.82|0.67|0.89|0.43|0.84,deepfake_account_takeover,-0.1678155285500235,0.883239623947492,True,0.0,1.0,0.9377282590252478,12,False,0.0,0.0,-0.16,-0.03,0.0,0.0,-0.19,20260813,double_search_pressure,0,20350813,20360813,40,240,144
93,v2_double_search_pressure_r0,adaptive_card_testing|0.45|0.97|0.1|0.16|0.31|0.59|0.65,adaptive_card_testing,-0.18045935664845325,0.9497860876234381,True,0.0,1.0,0.8925234360900732,12,False,0.0,0.0,-0.16,-0.03,0.0,0.0,-0.19,20260813,double_search_pressure,0,20350813,20360813,40,240,144
94,v2_double_search_pressure_r0,agentic_intent_hijack|0.77|1.04|0.38|0.72|0.98|0.58|0.6,agentic_intent_hijack,-0.16898678100318784,0.8894041105430939,True,0.0,1.0,0.9293132210496942,12,False,0.0,0.0,-0.16,-0.03,0.0,0.0,-0.19,20260813,double_search_pressure,0,20350813,20360813,40,240,144
95,v2_double_search_pressure_r0,ai_app_scam_mule|1.0|1.36|0.7|0.72|0.34|0.98|0.61,ai_app_scam_mule,-0.17475418417576977,0.9197588640829988,True,0.0,1.0,0.9387214720474372,12,False,0.0,0.0,-0.16,-0.03,0.0,0.0,-0.19,20260813,double_search_pressure,0,20350813,20360813,40,240,144
96,v2_double_search_pressure_r0,agentic_intent_hijack|1.43|1.5|0.23|0.05|0.7|0.59|0.95,agentic_intent_hijack,-0.17113248281784502,0.900697277988658,True,0.0,1.0,0.9211560743820711,12,False,0.0,0.0,-0.16,-0.03,0.0,0.0,-0.19,20260813,double_search_pressure,0,20350813,20360813,40,240,144
97,v2_double_search_pressure_r0,adaptive_card_testing|1.14|1.98|0.26|0.07|0.98|0.86|0.78,adaptive_card_testing,-0.18741538126510926,0.986396743500575,True,0.0,1.0,0.8750648172761851,12,False,0.0,0.0,-0.16,-0.03,0.0,0.0,-0.19,20260813,double_search_pressure,0,20350813,20360813,40,240,144
98,v2_double_search_pressure_r0,fake_merchant_collusion|0.86|1.02|0.07|0.05|0.98|0.81|0.57,fake_merchant_collusion,-0.18994241233117937,0.9996969070062072,True,0.0,1.0,0.918093445272646,12,False,0.0,0.0,-0.16,-0.03,0.0,0.0,-0.19,20260813,double_search_pressure,0,20350813,20360813,40,240,144
99,v2_double_search_pressure_r0,deepfake_account_takeover|0.83|1.62|0.82|0.67|0.89|0.43|0.84,deepfake_account_takeover,-0.16639052855002348,0.8757396239474919,True,0.0,1.0,0.94309651624287,12,False,0.0,0.0,-0.16,-0.03,0.0,0.0,-0.19,20260813,double_search_pressure,0,20350813,20360813,40,240,144
100,v2_double_search_pressure_r0,deepfake_account_takeover|1.1|1.58|0.54|0.82|0.29|0.75|0.77,deepfake_account_takeover,-0.16560950360953164,0.871628966365956,True,0.0,1.0,0.9417987472217492,12,False,0.0,0.0,-0.16,-0.03,0.0,0.0,-0.19,20260813,double_search_pressure,0,20350813,20360813,40,240,144
101,v2_double_search_pressure_r0,ai_app_scam_mule|1.25|0.5|0.05|0.86|0.32|0.71|0.86,ai_app_scam_mule,-0.1618767348402381,0.8519828149486215,True,0.0,1.0,0.9436536366902099,12,False,0.0,0.0,-0.16,-0.03,0.0,0.0,-0.19,20260813,double_search_pressure,0,20350813,20360813,40,240,144
102,v2_double_search_pressure_r0,agentic_intent_hijack|1.37|1.15|0.63|0.05|0.75|0.92|0.98,agentic_intent_hijack,-0.16787421836612354,0.8835485177164396,True,0.0,1.0,0.9318298529320869,12,False,0.0,0.0,-0.16,-0.03,0.0,0.0,-0.19,20260813,double_search_pressure,0,20350813,20360813,40,240,144
103,v2_double_search_pressure_r0,synthetic_identity_bustout|0.74|0.48|0.05|0.18|0.48|0.89|0.91,synthetic_identity_bustout,-0.18692263405791165,0.9838033371469035,True,0.0,1.0,0.9057394356445632,12,False,0.0,0.0,-0.16,-0.03,0.0,0.0,-0.19,20260813,double_search_pressure,0,20350813,20360813,40,240,144
104,v2_double_search_pressure_r0,agentic_intent_hijack|0.77|1.04|0.38|0.72|0.98|0.58|0.6,agentic_intent_hijack,-0.17088678100318783,0.8994041105430939,True,0.0,1.0,0.9425029850414196,12,False,0.0,0.0,-0.16,-0.03,0.0,0.0,-0.19,20260813,double_search_pressure,0,20350813,20360813,40,240,144
105,v2_double_search_pressure_r0,deepfake_account_takeover|0.91|1.32|0.8|0.78|0.36|0.98|0.92,deepfake_account_takeover,-0.17372687553821528,0.9143519765169226,True,0.0,1.0,0.935249725870159,12,False,0.0,0.0,-0.16,-0.03,0.0,0.0,-0.19,20260813,double_search_pressure,0,20350813,20360813,40,240,144
106,v2_double_search_pressure_r0,deepfake_account_takeover|1.47|0.53|0.85|0.05|0.44|0.63|0.61,deepfake_account_takeover,-0.1648503894545907,0.8676336287083721,True,0.0,1.0,0.9414891455511861,12,False,0.0,0.0,-0.16,-0.03,0.0,0.0,-0.19,20260813,double_search_pressure,0,20350813,20360813,40,240,144
107,v2_double_search_pressure_r0,adaptive_card_testing|0.95|0.74|0.72|0.22|0.46|0.67|0.58,adaptive_card_testing,-0.1848950641795198,0.9731319167343148,True,0.0,1.0,0.9245748985321057,12,False,0.0,0.0,-0.16,-0.03,0.0,0.0,-0.19,20260813,double_search_pressure,0,20350813,20360813,40,240,144
108,v2_double_search_pressure_r0,deepfake_account_takeover|0.83|1.62|0.82|0.67|0.89|0.43|0.84,deepfake_account_takeover,-0.1692405285500235,0.8907396239474921,True,0.0,1.0,0.941779025668665,12,False,0.0,0.0,-0.16,-0.03,0.0,0.0,-0.19,20260813,double_search_pressure,0,20350813,20360813,40,240,144
109,v2_double_search_pressure_r0,synthetic_identity_bustout|1.37|2.1|0.27|0.05|0.45|0.92|0.72,synthetic_identity_bustout,-0.17873205219589078,0.9406950115573198,True,0.0,1.0,0.8911545204974177,12,False,0.0,0.0,-0.16,-0.03,0.0,0.0,-0.19,20260813,double_search_pressure,0,20350813,20360813,40,240,144
110,v2_double_search_pressure_r0,fake_merchant_collusion|1.84|1.13|0.53|0.55|0.71|0.62|0.93,fake_merchant_collusion,-0.18923805158753984,0.9959897451975781,True,0.0,1.0,0.9119778545195506,12,False,0.0,0.0,-0.16,-0.03,0.0,0.0,-0.19,20260813,double_search_pressure,0,20350813,20360813,40,240,144
111,v2_double_search_pressure_r0,ai_app_scam_mule|1.57|1.61|0.21|0.61|0.63|0.85|0.48,ai_app_scam_mule,-0.1714487145025822,0.9023616552767484,True,0.0,1.0,0.9446708335201207,12,False,0.0,0.0,-0.16,-0.03,0.0,0.0,-0.19,20260813,double_search_pressure,0,20350813,20360813,40,240,144
112,v2_double_search_pressure_r0,agentic_intent_hijack|1.43|1.5|0.23|0.05|0.7|0.59|0.95,agentic_intent_hijack,-0.173032482817845,0.910697277988658,True,0.0,1.0,0.9244363797935159,12,False,0.0,0.0,-0.16,-0.03,0.0,0.0,-0.19,20260813,double_search_pressure,0,20350813,20360813,40,240,144
113,v2_double_search_pressure_r0,fake_merchant_collusion|0.5|1.35|0.05|0.42|0.6|0.98|0.98,fake_merchant_collusion,-0.18555555766938822,0.9766081982599379,True,0.0,1.0,0.9017118121625115,12,False,0.0,0.0,-0.16,-0.03,0.0,0.0,-0.19,20260813,double_search_pressure,0,20350813,20360813,40,240,144
114,v2_double_search_pressure_r0,deepfake_account_takeover|0.55|0.77|0.96|0.47|0.78|0.98|0.87,deepfake_account_takeover,-0.1746671078092909,0.9193005674173205,True,0.0,1.0,0.9427177623890858,12,False,0.0,0.0,-0.16,-0.03,0.0,0.0,-0.19,20260813,double_search_pressure,0,20350813,20360813,40,240,144
115,v2_double_search_pressure_r0,ai_app_scam_mule|0.47|1.26|0.11|0.83|0.2|0.84|0.62,ai_app_scam_mule,-0.16794124014190961,0.8839012639047874,True,0.0,1.0,0.9277095106329863,12,False,0.0,0.0,-0.16,-0.03,0.0,0.0,-0.19,20260813,double_search_pressure,0,20350813,20360813,40,240,144
116,v2_double_search_pressure_r0,deepfake_account_takeover|1.1|1.58|0.54|0.82|0.29|0.75|0.77,deepfake_account_takeover,-0.16465950360953163,0.866628966365956,True,0.0,1.0,0.9426039811445365,12,False,0.0,0.0,-0.16,-0.03,0.0,0.0,-0.19,20260813,double_search_pressure,0,20350813,20360813,40,240,144
117,v2_double_search_pressure_r0,deepfake_account_takeover|1.08|0.67|0.54|0.09|0.63|0.91|0.74,deepfake_account_takeover,-0.1741977628849479,0.91683033097341,True,0.0,1.0,0.9370859735554546,12,False,0.0,0.0,-0.16,-0.03,0.0,0.0,-0.19,20260813,double_search_pressure,0,20350813,20360813,40,240,144
118,v2_double_search_pressure_r0,fake_merchant_collusion|0.57|1.42|0.62|0.24|0.79|0.39|0.65,fake_merchant_collusion,-0.18934420435420649,0.9965484439695078,True,0.0,1.0,0.9095926050753386,12,False,0.0,0.0,-0.16,-0.03,0.0,0.0,-0.19,20260813,double_search_pressure,0,20350813,20360813,40,240,144
119,v2_double_search_pressure_r0,deepfake_account_takeover|0.83|1.62|0.82|0.67|0.89|0.43|0.84,deepfake_account_takeover,-0.16686552855002348,0.878239623947492,True,0.0,1.0,0.9498372253738901,12,False,0.0,0.0,-0.16,-0.03,0.0,0.0,-0.19,20260813,double_search_pressure,0,20350813,20360813,40,240,144
120,v2_double_search_pressure_r0,synthetic_identity_bustout|0.91|0.77|0.05|0.68|0.46|0.89|0.64,synthetic_identity_bustout,-0.18253716896417282,0.9607219419166991,True,0.0,1.0,0.9211265442448919,12,False,0.0,0.0,-0.16,-0.03,0.0,0.0,-0.19,20260813,double_search_pressure,0,20350813,20360813,40,240,144
121,v2_double_search_pressure_r0,adaptive_card_testing|1.47|1.4|0.27|0.21|0.25|0.31|0.65,adaptive_card_testing,-0.18484726969103704,0.9728803667949317,True,0.0,1.0,0.873631674029422,12,False,0.0,0.0,-0.16,-0.03,0.0,0.0,-0.19,20260813,double_search_pressure,0,20350813,20360813,40,240,144
122,v2_double_search_pressure_r0,agentic_intent_hijack|0.63|0.58|0.43|0.52|0.85|0.42|0.74,agentic_intent_hijack,-0.1694764796581015,0.8919814718847447,True,0.0,1.0,0.9304001987698491,12,False,0.0,0.0,-0.16,-0.03,0.0,0.0,-0.19,20260813,double_search_pressure,0,20350813,20360813,40,240,144
123,v2_double_search_pressure_r0,ai_app_scam_mule|1.16|1.07|0.08|0.72|0.73|0.56|0.85,ai_app_scam_mule,-0.17470593153394104,0.919504902810216,True,0.0,1.0,0.9358285899639912,12,False,0.0,0.0,-0.16,-0.03,0.0,0.0,-0.19,20260813,double_search_pressure,0,20350813,20360813,40,240,144
124,v2_double_search_pressure_r0,agentic_intent_hijack|0.7|1.6|0.2|0.05|0.63|0.77|0.55,agentic_intent_hijack,-0.17053588271797512,0.8975572774630269,True,0.0,1.0,0.9103456667314189,12,False,0.0,0.0,-0.16,-0.03,0.0,0.0,-0.19,20260813,double_search_pressure,0,20350813,20360813,40,240,144
125,v2_double_search_pressure_r0,deepfake_account_takeover|1.19|0.8|0.38|0.24|0.5|0.55|0.57,deepfake_account_takeover,-0.16798559875917185,0.8841347303114307,True,0.0,1.0,0.9382515434590429,12,False,0.0,0.0,-0.16,-0.03,0.0,0.0,-0.19,20260813,double_search_pressure,0,20350813,20360813,40,240,144
126,v2_double_search_pressure_r0,adaptive_card_testing|1.14|1.98|0.26|0.07|0.98|0.86|0.78,adaptive_card_testing,0.2467689410964728,0.9888967435005751,True,8.936488550668647,0.9166666666666666,0.8237499964954812,12,True,0.017872977101337294,0.20833333333333343,-0.14666666666666667,-0.03,0.2,0.0,0.24953964376800405,20260813,double_search_pressure,0,20350813,20360813,40,240,144
127,v2_double_search_pressure_r0,adaptive_card_testing|1.14|1.98|0.26|0.07|0.98|0.86|0.78,adaptive_card_testing,-0.18925961873489075,0.996103256499425,True,0.0,1.0,0.8952834015089395,12,False,0.0,0.0,-0.16,-0.03,0.0,0.0,-0.19,20260813,double_search_pressure,0,20350813,20360813,40,240,144
128,v2_double_search_pressure_r0,adaptive_card_testing|1.14|1.98|0.26|0.07|0.98|0.86|0.78,adaptive_card_testing,-0.18925961873489075,0.996103256499425,True,0.0,1.0,0.8556958697339409,12,False,0.0,0.0,-0.16,-0.03,0.0,0.0,-0.19,20260813,double_search_pressure,0,20350813,20360813,40,240,144
129,v2_double_search_pressure_r0,adaptive_card_testing|0.45|0.97|0.1|0.16|0.31|0.59|0.65,adaptive_card_testing,-0.18520935664845323,0.974786087623438,True,0.0,1.0,0.8852852912538279,12,False,0.0,0.0,-0.16,-0.03,0.0,0.0,-0.19,20260813,double_search_pressure,0,20350813,20360813,40,240,144
130,v2_double_search_pressure_r0,synthetic_identity_bustout|1.37|2.1|0.27|0.05|0.45|0.92|0.72,synthetic_identity_bustout,-0.18300705219589075,0.9631950115573198,True,0.0,1.0,0.8963787881195393,12,False,0.0,0.0,-0.16,-0.03,0.0,0.0,-0.19,20260813,double_search_pressure,0,20350813,20360813,40,240,144
131,v2_double_search_pressure_r0,fake_merchant_collusion|1.04|1.01|0.05|0.15|0.96|0.37|0.9,fake_merchant_collusion,-0.18627003386891303,0.9803685993100686,True,0.0,1.0,0.9293632705665007,12,False,0.0,0.0,-0.16,-0.03,0.0,0.0,-0.19,20260813,double_search_pressure,0,20350813,20360813,40,240,144
132,v2_double_search_pressure_r0,adaptive_card_testing|1.37|0.53|0.24|0.05|0.32|0.88|0.49,adaptive_card_testing,-0.18004449493465488,0.9476026049192362,True,0.0,1.0,0.9042141567435459,12,False,0.0,0.0,-0.16,-0.03,0.0,0.0,-0.19,20260813,double_search_pressure,0,20350813,20360813,40,240,144
133,v2_double_search_pressure_r0,agentic_intent_hijack|1.37|1.15|0.63|0.05|0.75|0.92|0.98,agentic_intent_hijack,-0.1711992183661235,0.9010485177164396,True,0.0,1.0,0.9150647412420088,12,False,0.0,0.0,-0.16,-0.03,0.0,0.0,-0.19,20260813,double_search_pressure,0,20350813,20360813,40,240,144
134,v2_double_search_pressure_r0,ai_app_scam_mule|1.57|1.61|0.21|0.61|0.63|0.85|0.48,ai_app_scam_mule,-0.17334871450258219,0.9123616552767484,True,0.0,1.0,0.9373671985498739,12,False,0.0,0.0,-0.16,-0.03,0.0,0.0,-0.19,20260813,double_search_pressure,0,20350813,20360813,40,240,144
135,v2_double_search_pressure_r0,deepfake_account_takeover|0.55|0.77|0.96|0.47|0.78|0.98|0.87,deepfake_account_takeover,-0.17018289219070906,0.8956994325826793,True,0.0,1.0,0.9400007102490955,12,False,0.0,0.0,-0.16,-0.03,0.0,0.0,-0.19,20260813,double_search_pressure,0,20350813,20360813,40,240,144
136,v2_double_search_pressure_r0,adaptive_card_testing|1.14|1.98|0.26|0.07|0.98|0.86|0.78,adaptive_card_testing,-0.18979038126510928,0.9988967435005751,True,0.0,1.0,0.8490678668375886,12,False,0.0,0.0,-0.16,-0.03,0.0,0.0,-0.19,20260813,double_search_pressure,0,20350813,20360813,40,240,144
137,v2_double_search_pressure_r0,fake_merchant_collusion|0.5|1.35|0.05|0.42|0.6|0.98|0.98,fake_merchant_collusion,-0.18508055766938822,0.974108198259938,True,0.0,1.0,0.902188884638487,12,False,0.0,0.0,-0.16,-0.03,0.0,0.0,-0.19,20260813,double_search_pressure,0,20350813,20360813,40,240,144
138,v2_double_search_pressure_r0,adaptive_card_testing|1.47|1.4|0.27|0.21|0.25|0.31|0.65,adaptive_card_testing,-0.18104726969103702,0.9528803667949317,True,0.0,1.0,0.8910007244561626,12,False,0.0,0.0,-0.16,-0.03,0.0,0.0,-0.19,20260813,double_search_pressure,0,20350813,20360813,40,240,144
139,v2_double_search_pressure_r0,ai_app_scam_mule|0.88|1.1|0.74|0.46|0.26|0.82|0.75,ai_app_scam_mule,-0.1698704539028319,0.8940550205412205,True,0.0,1.0,0.928846195413621,12,False,0.0,0.0,-0.16,-0.03,0.0,0.0,-0.19,20260813,double_search_pressure,0,20350813,20360813,40,240,144
140,v2_double_search_pressure_r0,synthetic_identity_bustout|0.77|0.67|0.36|0.21|0.91|0.98|0.66,synthetic_identity_bustout,-0.18281170121375004,0.9621668484934213,True,0.0,1.0,0.9207626413795403,12,False,0.0,0.0,-0.16,-0.03,0.0,0.0,-0.19,20260813,double_search_pressure,0,20350813,20360813,40,240,144
141,v2_double_search_pressure_r0,agentic_intent_hijack|0.7|1.6|0.2|0.05|0.63|0.77|0.55,agentic_intent_hijack,-0.1686358827179751,0.8875572774630269,True,0.0,1.0,0.916610599458974,12,False,0.0,0.0,-0.16,-0.03,0.0,0.0,-0.19,20260813,double_search_pressure,0,20350813,20360813,40,240,144
142,v2_double_search_pressure_r0,deepfake_account_takeover|1.89|1.67|0.57|0.64|0.45|0.77|0.7,deepfake_account_takeover,-0.1696079768849555,0.8926735625523974,True,0.0,1.0,0.9392464271149729,12,False,0.0,0.0,-0.16,-0.03,0.0,0.0,-0.19,20260813,double_search_pressure,0,20350813,20360813,40,240,144
143,v2_double_search_pressure_r0,adaptive_card_testing|0.45|0.97|0.1|0.16|0.31|0.59|0.65,adaptive_card_testing,-0.18093435664845323,0.952286087623438,True,0.0,1.0,0.8712722165513895,12,False,0.0,0.0,-0.16,-0.03,0.0,0.0,-0.19,20260813,double_search_pressure,0,20350813,20360813,40,240,144
0,v2_independent_pool_r0,fake_merchant_collusion|1.87|1.23|0.52|0.05|0.98|0.89|0.9,fake_merchant_collusion,-0.18484312323679203,0.972858543351537,True,0.0,1.0,0.933819365317555,12,False,0.0,0.0,-0.16,-0.03,0.0,0.0,-0.19,20260814,independent_pool,0,20310814,20320814,20,120,72
1,v2_independent_pool_r0,deepfake_account_takeover|0.52|1.66|0.73|0.68|0.56|0.86|0.68,deepfake_account_takeover,-0.17390489433579254,0.9152889175568029,True,0.0,1.0,0.9437917644517463,12,False,0.0,0.0,-0.16,-0.03,0.0,0.0,-0.19,20260814,independent_pool,0,20310814,20320814,20,120,72
2,v2_independent_pool_r0,agentic_intent_hijack|1.73|0.51|0.05|0.24|0.77|0.86|0.9,agentic_intent_hijack,-0.1719767393422515,0.905140733380271,True,0.0,1.0,0.932765171399672,12,False,0.0,0.0,-0.16,-0.03,0.0,0.0,-0.19,20260814,independent_pool,0,20310814,20320814,20,120,72
3,v2_independent_pool_r0,ai_app_scam_mule|2.2|1.31|0.05|0.8|0.22|0.39|0.76,ai_app_scam_mule,-0.1645262215042934,0.8659274816015443,True,0.0,1.0,0.9392303001212974,12,False,0.0,0.0,-0.16,-0.03,0.0,0.0,-0.19,20260814,independent_pool,0,20310814,20320814,20,120,72
4,v2_independent_pool_r0,synthetic_identity_bustout|0.46|0.76|0.05|0.14|0.16|0.98|0.8,synthetic_identity_bustout,-0.1807459281002867,0.9512943584225615,True,0.0,1.0,0.8884867041195573,12,False,0.0,0.0,-0.16,-0.03,0.0,0.0,-0.19,20260814,independent_pool,0,20310814,20320814,20,120,72
5,v2_independent_pool_r0,synthetic_identity_bustout|1.77|1.29|0.74|0.1|0.42|0.73|0.43,synthetic_identity_bustout,-0.18228646341205898,0.9594024390108368,True,0.0,1.0,0.9130544434858096,12,False,0.0,0.0,-0.16,-0.03,0.0,0.0,-0.19,20260814,independent_pool,0,20310814,20320814,20,120,72
6,v2_independent_pool_r0,adaptive_card_testing|0.7|1.69|0.31|0.05|0.47|0.51|0.51,adaptive_card_testing,-0.18063464977450325,0.9507086830237013,True,0.0,1.0,0.872685777663591,12,False,0.0,0.0,-0.16,-0.03,0.0,0.0,-0.19,20260814,independent_pool,0,20310814,20320814,20,120,72
7,v2_independent_pool_r0,deepfake_account_takeover|0.96|0.56|0.91|0.4|0.37|0.72|0.7,deepfake_account_takeover,-0.17221797381087245,0.906410388478276,True,0.0,1.0,0.9448797278579151,12,False,0.0,0.0,-0.16,-0.03,0.0,0.0,-0.19,20260814,independent_pool,0,20310814,20320814,20,120,72
8,v2_independent_pool_r0,fake_merchant_collusion|0.48|0.69|0.23|0.22|0.93|0.84|0.83,fake_merchant_collusion,-0.18825472795567907,0.9908143576614687,True,0.0,1.0,0.9239602325102904,12,False,0.0,0.0,-0.16,-0.03,0.0,0.0,-0.19,20260814,independent_pool,0,20310814,20320814,20,120,72
9,v2_independent_pool_r0,ai_app_scam_mule|0.75|0.68|0.05|0.98|0.25|0.92|0.59,ai_app_scam_mule,-0.16522856,0.869624,True,0.0,1.0,0.9395836712318145,12,False,0.0,0.0,-0.16,-0.03,0.0,0.0,-0.19,20260814,independent_pool,0,20310814,20320814,20,120,72
10,v2_independent_pool_r0,agentic_intent_hijack|1.06|1.37|0.08|0.18|0.14|0.87|0.72,agentic_intent_hijack,-0.16169962821881012,0.8510506748358427,True,0.0,1.0,0.9245034055583655,12,False,0.0,0.0,-0.16,-0.03,0.0,0.0,-0.19,20260814,independent_pool,0,20310814,20320814,20,120,72
11,v2_independent_pool_r0,adaptive_card_testing|2.2|0.99|0.12|0.05|0.3|0.81|0.61,adaptive_card_testing,-0.18570611962331746,0.9774006295964077,True,0.0,1.0,0.874270636148384,12,False,0.0,0.0,-0.16,-0.03,0.0,0.0,-0.19,20260814,independent_pool,0,20310814,20320814,20,120,72
12,v2_independent_pool_r0,synthetic_identity_bustout|0.87|1.16|0.1|0.05|0.98|0.56|0.81,synthetic_identity_bustout,-0.18975836599007778,0.998728242053041,True,0.0,1.0,0.9294425615176237,12,False,0.0,0.0,-0.16,-0.03,0.0,0.0,-0.19,20260814,independent_pool,0,20310814,20320814,20,120,72
13,v2_independent_pool_r0,deepfake_account_takeover|2.12|1.19|0.31|0.42|0.36|0.84|0.59,deepfake_account_takeover,-0.1631991231987038,0.8589427536773885,True,0.0,1.0,0.9383036991025512,12,False,0.0,0.0,-0.16,-0.03,0.0,0.0,-0.19,20260814,independent_pool,0,20310814,20320814,20,120,72
14,v2_independent_pool_r0,fake_merchant_collusion|1.43|0.91|0.22|0.05|0.65|0.28|0.96,fake_merchant_collusion,-0.18353394833846007,0.9659681491497898,True,0.0,1.0,0.8983205036533577,12,False,0.0,0.0,-0.16,-0.03,0.0,0.0,-0.19,20260814,independent_pool,0,20310814,20320814,20,120,72
15,v2_independent_pool_r0,ai_app_scam_mule|0.97|1.28|0.46|0.61|0.98|0.58|0.77,ai_app_scam_mule,-0.17104024247279642,0.9002118024884022,True,0.0,1.0,0.9458909376233294,12,False,0.0,0.0,-0.16,-0.03,0.0,0.0,-0.19,20260814,independent_pool,0,20310814,20320814,20,120,72
16,v2_independent_pool_r0,agentic_intent_hijack|0.81|0.74|0.1|0.6|0.87|0.95|0.56,agentic_intent_hijack,-0.17442375176782593,0.9180197461464523,True,0.0,1.0,0.93479210064916,12,False,0.0,0.0,-0.16,-0.03,0.0,0.0,-0.19,20260814,independent_pool,0,20310814,20320814,20,120,72
17,v2_independent_pool_r0,deepfake_account_takeover|1.53|1.14|0.98|0.05|0.42|0.98|0.7,deepfake_account_takeover,-0.16095355999999997,0.8471239999999999,True,0.0,1.0,0.9389092278490053,12,False,0.0,0.0,-0.16,-0.03,0.0,0.0,-0.19,20260814,independent_pool,0,20310814,20320814,20,120,72
18,v2_independent_pool_r0,fake_merchant_collusion|1.87|1.23|0.52|0.05|0.98|0.89|0.9,fake_merchant_collusion,-0.188643123236792,0.9928585433515369,True,0.0,1.0,0.9285731700827542,12,False,0.0,0.0,-0.16,-0.03,0.0,0.0,-0.19,20260814,independent_pool,0,20310814,20320814,20,120,72
19,v2_independent_pool_r0,agentic_intent_hijack|0.67|0.66|0.33|0.1|0.74|0.49|0.93,agentic_intent_hijack,-0.1699285691565353,0.8943608902975542,True,0.0,1.0,0.9181967061103915,12,False,0.0,0.0,-0.16,-0.03,0.0,0.0,-0.19,20260814,independent_pool,0,20310814,20320814,20,120,72
20,v2_independent_pool_r0,deepfake_account_takeover|1.12|0.69|0.72|0.66|0.05|0.57|0.78,deepfake_account_takeover,-0.1687491458130218,0.8881533990159042,True,0.0,1.0,0.9370857374896168,12,False,0.0,0.0,-0.16,-0.03,0.0,0.0,-0.19,20260814,independent_pool,0,20310814,20320814,20,120,72
21,v2_independent_pool_r0,adaptive_card_testing|0.53|0.89|0.55|0.05|0.43|0.86|0.73,adaptive_card_testing,-0.1807095198279796,0.9511027359367347,True,0.0,1.0,0.8889452938266763,12,False,0.0,0.0,-0.16,-0.03,0.0,0.0,-0.19,20260814,independent_pool,0,20310814,20320814,20,120,72
22,v2_independent_pool_r0,synthetic_identity_bustout|1.77|1.29|0.74|0.1|0.42|0.73|0.43,synthetic_identity_bustout,-0.18276146341205898,0.9619024390108367,True,0.0,1.0,0.9147267264780886,12,False,0.0,0.0,-0.16,-0.03,0.0,0.0,-0.19,20260814,independent_pool,0,20310814,20320814,20,120,72
23,v2_independent_pool_r0,ai_app_scam_mule|1.21|2.1|0.05|0.66|0.59|0.52|0.89,ai_app_scam_mule,-0.16281210864208567,0.8569058349583456,True,0.0,1.0,0.9375702855207387,12,False,0.0,0.0,-0.16,-0.03,0.0,0.0,-0.19,20260814,independent_pool,0,20310814,20320814,20,120,72
24,v2_independent_pool_r0,deepfake_account_takeover|0.61|0.6|0.2|0.34|0.51|0.98|0.58,deepfake_account_takeover,-0.16883425448081865,0.8886013393727298,True,0.0,1.0,0.9398592631351522,12,False,0.0,0.0,-0.16,-0.03,0.0,0.0,-0.19,20260814,independent_pool,0,20310814,20320814,20,120,72
25,v2_independent_pool_r0,ai_app_scam_mule|1.35|0.69|0.5|0.75|0.17|0.83|0.56,ai_app_scam_mule,-0.16645860504853782,0.8760979213080938,True,0.0,1.0,0.9380634185289193,12,False,0.0,0.0,-0.16,-0.03,0.0,0.0,-0.19,20260814,independent_pool,0,20310814,20320814,20,120,72
26,v2_independent_pool_r0,deepfake_account_takeover|0.52|1.66|0.73|0.68|0.56|0.86|0.68,deepfake_account_takeover,-0.16535489433579256,0.8702889175568029,True,0.0,1.0,0.9373103295640527,12,False,0.0,0.0,-0.16,-0.03,0.0,0.0,-0.19,20260814,independent_pool,0,20310814,20320814,20,120,72
27,v2_independent_pool_r0,synthetic_identity_bustout|0.46|0.76|0.05|0.14|0.16|0.98|0.8,synthetic_identity_bustout,-0.1816959281002867,0.9562943584225616,True,0.0,1.0,0.9074330330435735,12,False,0.0,0.0,-0.16,-0.03,0.0,0.0,-0.19,20260814,independent_pool,0,20310814,20320814,20,120,72
28,v2_independent_pool_r0,agentic_intent_hijack|1.06|1.37|0.08|0.18|0.14|0.87|0.72,agentic_intent_hijack,-0.16169962821881012,0.8510506748358427,True,0.0,1.0,0.9169436786714352,12,False,0.0,0.0,-0.16,-0.03,0.0,0.0,-0.19,20260814,independent_pool,0,20310814,20320814,20,120,72
29,v2_independent_pool_r0,fake_merchant_collusion|2.14|1.12|0.05|0.31|0.82|0.72|0.68,fake_merchant_collusion,-0.18158440045541827,0.9557073708179908,True,0.0,1.0,0.913232025846629,12,False,0.0,0.0,-0.16,-0.03,0.0,0.0,-0.19,20260814,independent_pool,0,20310814,20320814,20,120,72
30,v2_independent_pool_r0,adaptive_card_testing|1.21|0.72|0.05|0.11|0.3|0.36|0.54,adaptive_card_testing,-0.18579068692065565,0.9778457206350297,True,0.0,1.0,0.8876344297134522,12,False,0.0,0.0,-0.16,-0.03,0.0,0.0,-0.19,20260814,independent_pool,0,20310814,20320814,20,120,72
31,v2_independent_pool_r0,deepfake_account_takeover|0.47|1.29|0.79|0.34|0.26|0.47|0.62,deepfake_account_takeover,-0.16889746816699464,0.8889340429841822,True,0.0,1.0,0.9288537597073317,12,False,0.0,0.0,-0.16,-0.03,0.0,0.0,-0.19,20260814,independent_pool,0,20310814,20320814,20,120,72
32,v2_independent_pool_r0,agentic_intent_hijack|0.81|0.74|0.1|0.6|0.87|0.95|0.56,agentic_intent_hijack,-0.17422624823217406,0.9169802538535476,True,0.0,1.0,0.9426798397584628,12,False,0.0,0.0,-0.16,-0.03,0.0,0.0,-0.19,20260814,independent_pool,0,20310814,20320814,20,120,72
33,v2_independent_pool_r0,deepfake_account_takeover|1.53|1.14|0.98|0.05|0.42|0.98|0.7,deepfake_account_takeover,-0.16760355999999998,0.8821239999999999,True,0.0,1.0,0.9408331768999192,12,False,0.0,0.0,-0.16,-0.03,0.0,0.0,-0.19,20260814,independent_pool,0,20310814,20320814,20,120,72
34,v2_independent_pool_r0,synthetic_identity_bustout|0.87|1.16|0.1|0.05|0.98|0.56|0.81,synthetic_identity_bustout,-0.1878666340099222,0.9887717579469589,True,0.0,1.0,0.9220565597636144,12,False,0.0,0.0,-0.16,-0.03,0.0,0.0,-0.19,20260814,independent_pool,0,20310814,20320814,20,120,72
35,v2_independent_pool_r0,deepfake_account_takeover|0.7|0.87|0.93|0.8|0.49|0.59|0.62,deepfake_account_takeover,-0.17052481332078073,0.8974990174777933,True,0.0,1.0,0.9375547466868607,12,False,0.0,0.0,-0.16,-0.03,0.0,0.0,-0.19,20260814,independent_pool,0,20310814,20320814,20,120,72
36,v2_independent_pool_r0,deepfake_account_takeover|0.61|0.6|0.2|0.34|0.51|0.98|0.58,deepfake_account_takeover,-0.17215925448081865,0.9061013393727297,True,0.0,1.0,0.9411949438987411,12,False,0.0,0.0,-0.16,-0.03,0.0,0.0,-0.19,20260814,independent_pool,0,20310814,20320814,20,120,72
37,v2_independent_pool_r0,ai_app_scam_mule|0.97|1.28|0.46|0.61|0.98|0.58|0.77,ai_app_scam_mule,-0.1705652424727964,0.8977118024884021,True,0.0,1.0,0.9500057335760177,12,False,0.0,0.0,-0.16,-0.03,0.0,0.0,-0.19,20260814,independent_pool,0,20310814,20320814,20,120,72
38,v2_independent_pool_r0,agentic_intent_hijack|1.73|0.51|0.05|0.24|0.77|0.86|0.9,agentic_intent_hijack,-0.1705517393422515,0.8976407333802711,True,0.0,1.0,0.9388905868602575,12,False,0.0,0.0,-0.16,-0.03,0.0,0.0,-0.19,20260814,independent_pool,0,20310814,20320814,20,120,72
39,v2_independent_pool_r0,ai_app_scam_mule|0.75|0.68|0.05|0.98|0.25|0.92|0.59,ai_app_scam_mule,-0.16617855999999998,0.8746239999999998,True,0.0,1.0,0.9399385105570195,12,False,0.0,0.0,-0.16,-0.03,0.0,0.0,-0.19,20260814,independent_pool,0,20310814,20320814,20,120,72
40,v2_independent_pool_r0,fake_merchant_collusion|0.48|0.69|0.23|0.22|0.93|0.84|0.83,fake_merchant_collusion,-0.18587972795567909,0.9783143576614688,True,0.0,1.0,0.9121679679482037,12,False,0.0,0.0,-0.16,-0.03,0.0,0.0,-0.19,20260814,independent_pool,0,20310814,20320814,20,120,72
41,v2_independent_pool_r0,deepfake_account_takeover|1.12|0.69|0.72|0.66|0.05|0.57|0.78,deepfake_account_takeover,-0.1644741458130218,0.8656533990159042,True,0.0,1.0,0.9363231453009427,12,False,0.0,0.0,-0.16,-0.03,0.0,0.0,-0.19,20260814,independent_pool,0,20310814,20320814,20,120,72
42,v2_independent_pool_r0,adaptive_card_testing|1.7|0.88|0.28|0.27|0.22|0.82|0.81,adaptive_card_testing,-0.1810202050184831,0.952737921149911,True,0.0,1.0,0.8830500025917084,12,False,0.0,0.0,-0.16,-0.03,0.0,0.0,-0.19,20260814,independent_pool,0,20310814,20320814,20,120,72
43,v2_independent_pool_r0,agentic_intent_hijack|0.67|0.66|0.33|0.1|0.74|0.49|0.93,agentic_intent_hijack,-0.1699285691565353,0.8943608902975542,True,0.0,1.0,0.9213299182700633,12,False,0.0,0.0,-0.16,-0.03,0.0,0.0,-0.19,20260814,independent_pool,0,20310814,20320814,20,120,72
44,v2_independent_pool_r0,synthetic_identity_bustout|0.46|0.76|0.05|0.14|0.16|0.98|0.8,synthetic_identity_bustout,-0.1783709281002867,0.9387943584225616,True,0.0,1.0,0.902608229310383,12,False,0.0,0.0,-0.16,-0.03,0.0,0.0,-0.19,20260814,independent_pool,0,20310814,20320814,20,120,72
45,v2_independent_pool_r0,ai_app_scam_mule|1.21|2.1|0.05|0.66|0.59|0.52|0.89,ai_app_scam_mule,-0.17088710864208567,0.8994058349583456,True,0.0,1.0,0.9337403173690016,12,False,0.0,0.0,-0.16,-0.03,0.0,0.0,-0.19,20260814,independent_pool,0,20310814,20320814,20,120,72
46,v2_independent_pool_r0,agentic_intent_hijack|1.06|1.37|0.08|0.18|0.14|0.87|0.72,agentic_intent_hijack,-0.16122462821881015,0.8485506748358428,True,0.0,1.0,0.9155583649635067,12,False,0.0,0.0,-0.16,-0.03,0.0,0.0,-0.19,20260814,independent_pool,0,20310814,20320814,20,120,72
47,v2_independent_pool_r0,synthetic_identity_bustout|1.77|1.29|0.74|0.1|0.42|0.73|0.43,synthetic_identity_bustout,-0.17611146341205897,0.9269024390108367,True,0.0,1.0,0.9185233554468848,12,False,0.0,0.0,-0.16,-0.03,0.0,0.0,-0.19,20260814,independent_pool,0,20310814,20320814,20,120,72
48,v2_independent_pool_r0,fake_merchant_collusion|1.43|0.91|0.22|0.05|0.65|0.28|0.96,fake_merchant_collusion,-0.18258394833846006,0.9609681491497898,True,0.0,1.0,0.9202367809860177,12,False,0.0,0.0,-0.16,-0.03,0.0,0.0,-0.19,20260814,independent_pool,0,20310814,20320814,20,120,72
49,v2_independent_pool_r0,ai_app_scam_mule|1.35|0.69|0.5|0.75|0.17|0.83|0.56,ai_app_scam_mule,-0.16693360504853785,0.8785979213080939,True,0.0,1.0,0.9427121530887294,12,False,0.0,0.0,-0.16,-0.03,0.0,0.0,-0.19,20260814,independent_pool,0,20310814,20320814,20,120,72
50,v2_independent_pool_r0,adaptive_card_testing|1.08|1.26|0.52|0.2|0.2|0.52|0.3,adaptive_card_testing,-0.18097743085708085,0.9525127939846361,True,0.0,1.0,0.8694530342867716,12,False,0.0,0.0,-0.16,-0.03,0.0,0.0,-0.19,20260814,independent_pool,0,20310814,20320814,20,120,72
51,v2_independent_pool_r0,deepfake_account_takeover|1.53|1.14|0.98|0.05|0.42|0.98|0.7,deepfake_account_takeover,-0.16570355999999997,0.8721239999999999,True,0.0,1.0,0.939405332140904,12,False,0.0,0.0,-0.16,-0.03,0.0,0.0,-0.19,20260814,independent_pool,0,20310814,20320814,20,120,72
52,v2_independent_pool_r0,deepfake_account_takeover|0.7|0.87|0.93|0.8|0.49|0.59|0.62,deepfake_account_takeover,-0.17052518667921923,0.8975009825222064,True,0.0,1.0,0.938652312693587,12,False,0.0,0.0,-0.16,-0.03,0.0,0.0,-0.19,20260814,independent_pool,0,20310814,20320814,20,120,72
53,v2_independent_pool_r0,agentic_intent_hijack|0.81|0.74|0.1|0.6|0.87|0.95|0.56,agentic_intent_hijack,-0.16539875176782592,0.8705197461464522,True,0.0,1.0,0.9381253080403549,12,False,0.0,0.0,-0.16,-0.03,0.0,0.0,-0.19,20260814,independent_pool,0,20310814,20320814,20,120,72
54,v2_independent_pool_r0,ai_app_scam_mule|2.2|1.31|0.05|0.8|0.22|0.39|0.76,ai_app_scam_mule,-0.16120122150429342,0.8484274816015442,True,0.0,1.0,0.9388621206443085,12,False,0.0,0.0,-0.16,-0.03,0.0,0.0,-0.19,20260814,independent_pool,0,20310814,20320814,20,120,72
55,v2_independent_pool_r0,agentic_intent_hijack|0.67|0.66|0.33|0.1|0.74|0.49|0.93,agentic_intent_hijack,-0.17040356915653532,0.8968608902975543,True,0.0,1.0,0.940942951570834,12,False,0.0,0.0,-0.16,-0.03,0.0,0.0,-0.19,20260814,independent_pool,0,20310814,20320814,20,120,72
56,v2_independent_pool_r0,deepfake_account_takeover|0.61|0.6|0.2|0.34|0.51|0.98|0.58,deepfake_account_takeover,-0.16835925448081865,0.8861013393727297,True,0.0,1.0,0.9315985556435792,12,False,0.0,0.0,-0.16,-0.03,0.0,0.0,-0.19,20260814,independent_pool,0,20310814,20320814,20,120,72
57,v2_independent_pool_r0,fake_merchant_collusion|1.49|1.81|0.05|0.26|0.67|0.67|0.81,fake_merchant_collusion,-0.18452665095772824,0.9711928997775171,True,0.0,1.0,0.9136542420566972,12,False,0.0,0.0,-0.16,-0.03,0.0,0.0,-0.19,20260814,independent_pool,0,20310814,20320814,20,120,72
58,v2_independent_pool_r0,agentic_intent_hijack|1.73|0.51|0.05|0.24|0.77|0.86|0.9,agentic_intent_hijack,-0.1719767393422515,0.905140733380271,True,0.0,1.0,0.9370405034565098,12,False,0.0,0.0,-0.16,-0.03,0.0,0.0,-0.19,20260814,independent_pool,0,20310814,20320814,20,120,72
59,v2_independent_pool_r0,adaptive_card_testing|0.53|0.89|0.55|0.05|0.43|0.86|0.73,adaptive_card_testing,-0.1754845198279796,0.9236027359367347,True,0.0,1.0,0.8979818888997827,12,False,0.0,0.0,-0.16,-0.03,0.0,0.0,-0.19,20260814,independent_pool,0,20310814,20320814,20,120,72
60,v2_independent_pool_r0,deepfake_account_takeover|1.12|0.69|0.72|0.66|0.05|0.57|0.78,deepfake_account_takeover,-0.1715991458130218,0.9031533990159042,True,0.0,1.0,0.9347684400621015,12,False,0.0,0.0,-0.16,-0.03,0.0,0.0,-0.19,20260814,independent_pool,0,20310814,20320814,20,120,72
61,v2_independent_pool_r0,synthetic_identity_bustout|0.87|1.16|0.1|0.05|0.98|0.56|0.81,synthetic_identity_bustout,-0.18169163400992222,0.9562717579469591,True,0.0,1.0,0.9253776375826929,12,False,0.0,0.0,-0.16,-0.03,0.0,0.0,-0.19,20260814,independent_pool,0,20310814,20320814,20,120,72
62,v2_independent_pool_r0,ai_app_scam_mule|1.35|0.69|0.5|0.75|0.17|0.83|0.56,ai_app_scam_mule,-0.16788360504853783,0.8835979213080939,True,0.0,1.0,0.9395364734643185,12,False,0.0,0.0,-0.16,-0.03,0.0,0.0,-0.19,20260814,independent_pool,0,20310814,20320814,20,120,72
63,v2_independent_pool_r0,agentic_intent_hijack|1.06|1.37|0.08|0.18|0.14|0.87|0.72,agentic_intent_hijack,-0.16264962821881013,0.8560506748358427,True,0.0,1.0,0.9141599183952684,12,False,0.0,0.0,-0.16,-0.03,0.0,0.0,-0.19,20260814,independent_pool,0,20310814,20320814,20,120,72
64,v2_independent_pool_r0,adaptive_card_testing|1.21|0.72|0.05|0.11|0.3|0.36|0.54,adaptive_card_testing,-0.18294068692065563,0.9628457206350296,True,0.0,1.0,0.8863882506153015,12,False,0.0,0.0,-0.16,-0.03,0.0,0.0,-0.19,20260814,independent_pool,0,20310814,20320814,20,120,72
65,v2_independent_pool_r0,deepfake_account_takeover|2.12|1.19|0.31|0.42|0.36|0.84|0.59,deepfake_account_takeover,-0.16129912319870382,0.8489427536773886,True,0.0,1.0,0.9392182408968414,12,False,0.0,0.0,-0.16,-0.03,0.0,0.0,-0.19,20260814,independent_pool,0,20310814,20320814,20,120,72
66,v2_independent_pool_r0,agentic_intent_hijack|1.4|0.78|0.48|0.05|0.31|0.52|0.74,agentic_intent_hijack,-0.16822667664892282,0.8854035613101201,True,0.0,1.0,0.9325531728931341,12,False,0.0,0.0,-0.16,-0.03,0.0,0.0,-0.19,20260814,independent_pool,0,20310814,20320814,20,120,72
67,v2_independent_pool_r0,deepfake_account_takeover|0.47|1.29|0.79|0.34|0.26|0.47|0.62,deepfake_account_takeover,-0.16937246816699464,0.8914340429841823,True,0.0,1.0,0.9369150764292309,12,False,0.0,0.0,-0.16,-0.03,0.0,0.0,-0.19,20260814,independent_pool,0,20310814,20320814,20,120,72
68,v2_independent_pool_r0,ai_app_scam_mule|0.9|0.79|0.26|0.37|0.47|0.79|0.59,ai_app_scam_mule,-0.1637961853378175,0.8620851859885132,True,0.0,1.0,0.9368561593386482,12,False,0.0,0.0,-0.16,-0.03,0.0,0.0,-0.19,20260814,independent_pool,0,20310814,20320814,20,120,72
69,v2_independent_pool_r0,agentic_intent_hijack|0.81|0.74|0.1|0.6|0.87|0.95|0.56,agentic_intent_hijack,-0.1715737517678259,0.9030197461464522,True,0.0,1.0,0.9381461759814161,12,False,0.0,0.0,-0.16,-0.03,0.0,0.0,-0.19,20260814,independent_pool,0,20310814,20320814,20,120,72
70,v2_independent_pool_r0,synthetic_identity_bustout|1.77|1.29|0.74|0.1|0.42|0.73|0.43,synthetic_identity_bustout,-0.18276146341205896,0.9619024390108366,True,0.0,1.0,0.9079074971180233,12,False,0.0,0.0,-0.16,-0.03,0.0,0.0,-0.19,20260814,independent_pool,0,20310814,20320814,20,120,72
71,v2_independent_pool_r0,fake_merchant_collusion|0.63|0.82|0.23|0.24|0.98|0.6|0.6,fake_merchant_collusion,-0.18718629365682352,0.9851910192464395,True,0.0,1.0,0.9198667886077256,12,False,0.0,0.0,-0.16,-0.03,0.0,0.0,-0.19,20260814,independent_pool,0,20310814,20320814,20,120,72
0,v2_independent_pool_r1,deepfake_account_takeover|1.37|0.77|0.95|0.59|0.72|0.98|0.72,deepfake_account_takeover,-0.168360800558566,0.8861094766240316,True,0.0,1.0,0.9436767427493185,12,False,0.0,0.0,-0.16,-0.03,0.0,0.0,-0.19,20260814,independent_pool,1,20311823,20321827,20,120,72
1,v2_independent_pool_r1,synthetic_identity_bustout|0.74|2.1|0.25|0.14|0.59|0.98|0.73,synthetic_identity_bustout,-0.17842943412355083,0.9391022848607938,True,0.0,1.0,0.9048304791868916,12,False,0.0,0.0,-0.16,-0.03,0.0,0.0,-0.19,20260814,independent_pool,1,20311823,20321827,20,120,72
2,v2_independent_pool_r1,fake_merchant_collusion|2.2|0.94|0.05|0.48|0.98|0.78|0.69,fake_merchant_collusion,-0.1829271423798745,0.9627744335782868,True,0.0,1.0,0.932251943884944,12,False,0.0,0.0,-0.16,-0.03,0.0,0.0,-0.19,20260814,independent_pool,1,20311823,20321827,20,120,72
3,v2_independent_pool_r1,ai_app_scam_mule|0.53|0.7|0.17|0.76|0.27|0.57|0.75,ai_app_scam_mule,-0.16633911412715333,0.8754690217218596,True,0.0,1.0,0.9394747381697933,12,False,0.0,0.0,-0.16,-0.03,0.0,0.0,-0.19,20260814,independent_pool,1,20311823,20321827,20,120,72
4,v2_independent_pool_r1,adaptive_card_testing|0.45|0.75|0.28|0.1|0.55|0.73|0.68,adaptive_card_testing,-0.17381321074087402,0.9148063723203896,True,0.0,1.0,0.9049935345620669,12,False,0.0,0.0,-0.16,-0.03,0.0,0.0,-0.19,20260814,independent_pool,1,20311823,20321827,20,120,72
5,v2_independent_pool_r1,agentic_intent_hijack|2.2|0.99|0.46|0.05|0.76|0.78|0.75,agentic_intent_hijack,-0.16750996578360608,0.8816313988610847,True,0.0,1.0,0.9312948658630198,12,False,0.0,0.0,-0.16,-0.03,0.0,0.0,-0.19,20260814,independent_pool,1,20311823,20321827,20,120,72
6,v2_independent_pool_r1,deepfake_account_takeover|2.17|0.87|0.12|0.92|0.38|0.42|0.76,deepfake_account_takeover,-0.16113731126075725,0.8480911118987223,True,0.0,1.0,0.9417708728069125,12,False,0.0,0.0,-0.16,-0.03,0.0,0.0,-0.19,20260814,independent_pool,1,20311823,20321827,20,120,72
7,v2_independent_pool_r1,synthetic_identity_bustout|1.55|0.6|0.51|0.15|0.38|0.75|0.83,synthetic_identity_bustout,-0.18305164770160579,0.9634297247452936,True,0.0,1.0,0.9097283690532896,12,False,0.0,0.0,-0.16,-0.03,0.0,0.0,-0.19,20260814,independent_pool,1,20311823,20321827,20,120,72
8,v2_independent_pool_r1,deepfake_account_takeover|0.51|1.19|0.92|0.52|0.52|0.8|0.67,deepfake_account_takeover,-0.1735559434284602,0.913452333834001,True,0.0,1.0,0.9354024899040193,12,False,0.0,0.0,-0.16,-0.03,0.0,0.0,-0.19,20260814,independent_pool,1,20311823,20321827,20,120,72
9,v2_independent_pool_r1,adaptive_card_testing|1.37|1.07|0.58|0.16|0.07|0.81|0.58,adaptive_card_testing,-0.18322051813074144,0.9643185164775865,True,0.0,1.0,0.8693201521599119,12,False,0.0,0.0,-0.16,-0.03,0.0,0.0,-0.19,20260814,independent_pool,1,20311823,20321827,20,120,72
10,v2_independent_pool_r1,ai_app_scam_mule|1.63|1.07|0.56|0.73|0.43|0.82|0.48,ai_app_scam_mule,-0.16811482069116915,0.8848148457429955,True,0.0,1.0,0.9433584096749584,12,False,0.0,0.0,-0.16,-0.03,0.0,0.0,-0.19,20260814,independent_pool,1,20311823,20321827,20,120,72
11,v2_independent_pool_r1,agentic_intent_hijack|0.88|1.5|0.05|0.05|0.98|0.98|0.71,agentic_intent_hijack,-0.17450739999999998,0.9184599999999998,True,0.0,1.0,0.936881743169713,12,False,0.0,0.0,-0.16,-0.03,0.0,0.0,-0.19,20260814,independent_pool,1,20311823,20321827,20,120,72
12,v2_independent_pool_r1,fake_merchant_collusion|0.57|1.0|0.4|0.21|0.69|0.5|0.72,fake_merchant_collusion,-0.18717621738887794,0.9851379862572522,True,0.0,1.0,0.9159135270975537,12,False,0.0,0.0,-0.16,-0.03,0.0,0.0,-0.19,20260814,independent_pool,1,20311823,20321827,20,120,72
13,v2_independent_pool_r1,synthetic_identity_bustout|1.41|0.62|0.07|0.05|0.53|0.97|0.58,synthetic_identity_bustout,-0.17964837820319982,0.9455177800168412,True,0.0,1.0,0.9239841337657008,12,False,0.0,0.0,-0.16,-0.03,0.0,0.0,-0.19,20260814,independent_pool,1,20311823,20321827,20,120,72
14,v2_independent_pool_r1,ai_app_scam_mule|0.9|1.04|0.07|0.98|0.08|0.79|0.77,ai_app_scam_mule,-0.16427855999999996,0.8646239999999998,True,0.0,1.0,0.937896709223712,12,False,0.0,0.0,-0.16,-0.03,0.0,0.0,-0.19,20260814,independent_pool,1,20311823,20321827,20,120,72
15,v2_independent_pool_r1,fake_merchant_collusion|2.11|1.28|0.24|0.06|0.92|0.46|0.6,fake_merchant_collusion,-0.18625194045126228,0.9802733707961173,True,0.0,1.0,0.9190532629569951,12,False,0.0,0.0,-0.16,-0.03,0.0,0.0,-0.19,20260814,independent_pool,1,20311823,20321827,20,120,72
16,v2_independent_pool_r1,deepfake_account_takeover|1.3|0.89|0.76|0.28|0.31|0.98|0.45,deepfake_account_takeover,-0.16399664610315717,0.8631402426481957,True,0.0,1.0,0.9438097621332772,12,False,0.0,0.0,-0.16,-0.03,0.0,0.0,-0.19,20260814,independent_pool,1,20311823,20321827,20,120,72
17,v2_independent_pool_r1,synthetic_identity_bustout|0.74|2.1|0.25|0.14|0.59|0.98|0.73,synthetic_identity_bustout,-0.18507943412355082,0.9741022848607939,True,0.0,1.0,0.9024287898785452,12,False,0.0,0.0,-0.16,-0.03,0.0,0.0,-0.19,20260814,independent_pool,1,20311823,20321827,20,120,72
18,v2_independent_pool_r1,adaptive_card_testing|0.92|1.13|0.56|0.4|0.7|0.46|0.56,adaptive_card_testing,-0.18755613968551021,0.987137577292159,True,0.0,1.0,0.9012165650082603,12,False,0.0,0.0,-0.16,-0.03,0.0,0.0,-0.19,20260814,independent_pool,1,20311823,20321827,20,120,72
19,v2_independent_pool_r1,deepfake_account_takeover|2.17|0.87|0.12|0.92|0.38|0.42|0.76,deepfake_account_takeover,-0.16018731126075725,0.8430911118987223,True,0.0,1.0,0.9424491055932731,12,False,0.0,0.0,-0.16,-0.03,0.0,0.0,-0.19,20260814,independent_pool,1,20311823,20321827,20,120,72
20,v2_independent_pool_r1,ai_app_scam_mule|1.54|1.18|0.21|0.35|0.62|0.85|0.86,ai_app_scam_mule,-0.17204008416146468,0.9054741271656036,True,0.0,1.0,0.9336248691725969,12,False,0.0,0.0,-0.16,-0.03,0.0,0.0,-0.19,20260814,independent_pool,1,20311823,20321827,20,120,72
21,v2_independent_pool_r1,fake_merchant_collusion|2.2|0.78|0.6|0.43|0.69|0.98|0.78,fake_merchant_collusion,-0.18582877272230164,0.9780461722226401,True,0.0,1.0,0.9173475301589707,12,False,0.0,0.0,-0.16,-0.03,0.0,0.0,-0.19,20260814,independent_pool,1,20311823,20321827,20,120,72
22,v2_independent_pool_r1,agentic_intent_hijack|0.55|0.95|0.12|0.07|0.53|0.83|0.64,agentic_intent_hijack,-0.16859672963669883,0.8873512086142044,True,0.0,1.0,0.926584080402268,12,False,0.0,0.0,-0.16,-0.03,0.0,0.0,-0.19,20260814,independent_pool,1,20311823,20321827,20,120,72
23,v2_independent_pool_r1,synthetic_identity_bustout|1.33|1.4|0.37|0.11|0.25|0.42|0.7,synthetic_identity_bustout,-0.1813986673367883,0.9547298280883595,True,0.0,1.0,0.9027217631276683,12,False,0.0,0.0,-0.16,-0.03,0.0,0.0,-0.19,20260814,independent_pool,1,20311823,20321827,20,120,72
24,v2_independent_pool_r1,adaptive_card_testing|1.15|1.56|0.05|0.12|0.37|0.77|0.56,adaptive_card_testing,-0.18471870528792464,0.9722037120417086,True,0.0,1.0,0.8617124911006515,12,False,0.0,0.0,-0.16,-0.03,0.0,0.0,-0.19,20260814,independent_pool,1,20311823,20321827,20,120,72
25,v2_independent_pool_r1,synthetic_identity_bustout|1.41|0.62|0.07|0.05|0.53|0.97|0.58,synthetic_identity_bustout,-0.1853483782031998,0.9755177800168411,True,0.0,1.0,0.9038926067311234,12,False,0.0,0.0,-0.16,-0.03,0.0,0.0,-0.19,20260814,independent_pool,1,20311823,20321827,20,120,72
26,v2_independent_pool_r1,deepfake_account_takeover|1.3|0.89|0.76|0.28|0.31|0.98|0.45,deepfake_account_takeover,-0.1658966461031572,0.8731402426481958,True,0.0,1.0,0.9377231833899166,12,False,0.0,0.0,-0.16,-0.03,0.0,0.0,-0.19,20260814,independent_pool,1,20311823,20321827,20,120,72
27,v2_independent_pool_r1,ai_app_scam_mule|1.63|1.07|0.56|0.73|0.43|0.82|0.48,ai_app_scam_mule,-0.16296017930883083,0.8576851542570043,True,0.0,1.0,0.9419509789400289,12,False,0.0,0.0,-0.16,-0.03,0.0,0.0,-0.19,20260814,independent_pool,1,20311823,20321827,20,120,72
28,v2_independent_pool_r1,deepfake_account_takeover|2.17|0.87|0.12|0.92|0.38|0.42|0.76,deepfake_account_takeover,-0.15971231126075724,0.8405911118987224,True,0.0,1.0,0.9437026512406564,12,False,0.0,0.0,-0.16,-0.03,0.0,0.0,-0.19,20260814,independent_pool,1,20311823,20321827,20,120,72
29,v2_independent_pool_r1,agentic_intent_hijack|1.21|0.64|0.48|0.37|0.82|0.69|0.81,agentic_intent_hijack,-0.16914369468737825,0.8902299720388329,True,0.0,1.0,0.9316272970546405,12,False,0.0,0.0,-0.16,-0.03,0.0,0.0,-0.19,20260814,independent_pool,1,20311823,20321827,20,120,72
30,v2_independent_pool_r1,deepfake_account_takeover|1.37|0.77|0.95|0.59|0.72|0.98|0.72,deepfake_account_takeover,-0.173585800558566,0.9136094766240317,True,0.0,1.0,0.9425629814449102,12,False,0.0,0.0,-0.16,-0.03,0.0,0.0,-0.19,20260814,independent_pool,1,20311823,20321827,20,120,72
31,v2_independent_pool_r1,ai_app_scam_mule|1.54|1.18|0.21|0.35|0.62|0.85|0.86,ai_app_scam_mule,-0.1663400841614647,0.8754741271656037,True,0.0,1.0,0.9378097898196049,12,False,0.0,0.0,-0.16,-0.03,0.0,0.0,-0.19,20260814,independent_pool,1,20311823,20321827,20,120,72
32,v2_independent_pool_r1,adaptive_card_testing|1.37|1.07|0.58|0.16|0.07|0.81|0.58,adaptive_card_testing,-0.1803705181307414,0.9493185164775864,True,0.0,1.0,0.8861849121886759,12,False,0.0,0.0,-0.16,-0.03,0.0,0.0,-0.19,20260814,independent_pool,1,20311823,20321827,20,120,72
33,v2_independent_pool_r1,ai_app_scam_mule|0.9|1.04|0.07|0.98|0.08|0.79|0.77,ai_app_scam_mule,-0.16522856,0.869624,True,0.0,1.0,0.9341665307294654,12,False,0.0,0.0,-0.16,-0.03,0.0,0.0,-0.19,20260814,independent_pool,1,20311823,20321827,20,120,72
34,v2_independent_pool_r1,fake_merchant_collusion|2.2|0.78|0.6|0.43|0.69|0.98|0.78,fake_merchant_collusion,-0.1875212272776984,0.98695382777736,True,0.0,1.0,0.9071511870640925,12,False,0.0,0.0,-0.16,-0.03,0.0,0.0,-0.19,20260814,independent_pool,1,20311823,20321827,20,120,72
35,v2_independent_pool_r1,agentic_intent_hijack|1.26|1.44|0.43|0.06|0.87|0.78|0.98,agentic_intent_hijack,-0.17356625376232526,0.9135065987490802,True,0.0,1.0,0.9248273259194137,12,False,0.0,0.0,-0.16,-0.03,0.0,0.0,-0.19,20260814,independent_pool,1,20311823,20321827,20,120,72
36,v2_independent_pool_r1,synthetic_identity_bustout|1.33|1.4|0.37|0.11|0.25|0.42|0.7,synthetic_identity_bustout,-0.1813986673367883,0.9547298280883595,True,0.0,1.0,0.8975093137554343,12,False,0.0,0.0,-0.16,-0.03,0.0,0.0,-0.19,20260814,independent_pool,1,20311823,20321827,20,120,72
37,v2_independent_pool_r1,adaptive_card_testing|0.88|1.22|0.08|0.22|0.78|0.85|0.47,adaptive_card_testing,-0.18732717912467228,0.9859325217088015,True,0.0,1.0,0.8882335381429177,12,False,0.0,0.0,-0.16,-0.03,0.0,0.0,-0.19,20260814,independent_pool,1,20311823,20321827,20,120,72
38,v2_independent_pool_r1,deepfake_account_takeover|0.51|1.19|0.92|0.52|0.52|0.8|0.67,deepfake_account_takeover,-0.1716559434284602,0.903452333834001,True,0.0,1.0,0.9331718554854128,12,False,0.0,0.0,-0.16,-0.03,0.0,0.0,-0.19,20260814,independent_pool,1,20311823,20321827,20,120,72
39,v2_independent_pool_r1,fake_merchant_collusion|1.5|1.57|0.24|0.21|0.98|0.85|0.96,fake_merchant_collusion,-0.18811617584507645,0.9900851360267182,True,0.0,1.0,0.9143228374670023,12,False,0.0,0.0,-0.16,-0.03,0.0,0.0,-0.19,20260814,independent_pool,1,20311823,20321827,20,120,72
40,v2_independent_pool_r1,deepfake_account_takeover|2.17|0.87|0.12|0.92|0.38|0.42|0.76,deepfake_account_takeover,-0.16446231126075725,0.8655911118987223,True,0.0,1.0,0.9421712310377597,12,False,0.0,0.0,-0.16,-0.03,0.0,0.0,-0.19,20260814,independent_pool,1,20311823,20321827,20,120,72
41,v2_independent_pool_r1,ai_app_scam_mule|1.54|1.18|0.21|0.35|0.62|0.85|0.86,ai_app_scam_mule,-0.17204008416146468,0.9054741271656036,True,0.0,1.0,0.9365986136557432,12,False,0.0,0.0,-0.16,-0.03,0.0,0.0,-0.19,20260814,independent_pool,1,20311823,20321827,20,120,72
42,v2_independent_pool_r1,agentic_intent_hijack|1.01|1.64|0.3|0.06|0.57|0.98|0.67,agentic_intent_hijack,-0.1655835001785683,0.871492106202991,True,0.0,1.0,0.9262722722729286,12,False,0.0,0.0,-0.16,-0.03,0.0,0.0,-0.19,20260814,independent_pool,1,20311823,20321827,20,120,72
43,v2_independent_pool_r1,ai_app_scam_mule|1.5|0.84|0.16|0.67|0.53|0.94|0.44,ai_app_scam_mule,-0.16697726133322321,0.8788276912274906,True,0.0,1.0,0.9452231116348071,12,False,0.0,0.0,-0.16,-0.03,0.0,0.0,-0.19,20260814,independent_pool,1,20311823,20321827,20,120,72
44,v2_independent_pool_r1,synthetic_identity_bustout|0.74|2.1|0.25|0.14|0.59|0.98|0.73,synthetic_identity_bustout,-0.1836544341235508,0.9666022848607938,True,0.0,1.0,0.9055321886577813,12,False,0.0,0.0,-0.16,-0.03,0.0,0.0,-0.19,20260814,independent_pool,1,20311823,20321827,20,120,72
45,v2_independent_pool_r1,ai_app_scam_mule|0.76|0.97|0.6|0.98|0.26|0.64|0.83,ai_app_scam_mule,-0.16855356,0.8871239999999999,True,0.0,1.0,0.9386133300724606,12,False,0.0,0.0,-0.16,-0.03,0.0,0.0,-0.19,20260814,independent_pool,1,20311823,20321827,20,120,72
46,v2_independent_pool_r1,deepfake_account_takeover|1.37|0.77|0.95|0.59|0.72|0.98|0.72,deepfake_account_takeover,-0.173585800558566,0.9136094766240317,True,0.0,1.0,0.9512448785794941,12,False,0.0,0.0,-0.16,-0.03,0.0,0.0,-0.19,20260814,independent_pool,1,20311823,20321827,20,120,72
47,v2_independent_pool_r1,adaptive_card_testing|1.37|1.07|0.58|0.16|0.07|0.81|0.58,adaptive_card_testing,-0.17609551813074145,0.9268185164775865,True,0.0,1.0,0.8901177884545627,12,False,0.0,0.0,-0.16,-0.03,0.0,0.0,-0.19,20260814,independent_pool,1,20311823,20321827,20,120,72
48,v2_independent_pool_r1,synthetic_identity_bustout|1.41|0.62|0.07|0.05|0.53|0.97|0.58,synthetic_identity_bustout,-0.18582337820319983,0.9780177800168411,True,0.0,1.0,0.9115355198871954,12,False,0.0,0.0,-0.16,-0.03,0.0,0.0,-0.19,20260814,independent_pool,1,20311823,20321827,20,120,72
49,v2_independent_pool_r1,fake_merchant_collusion|0.57|1.0|0.4|0.21|0.69|0.5|0.72,fake_merchant_collusion,-0.18527621738887792,0.9751379862572522,True,0.0,1.0,0.9079206669349427,12,False,0.0,0.0,-0.16,-0.03,0.0,0.0,-0.19,20260814,independent_pool,1,20311823,20321827,20,120,72
50,v2_independent_pool_r1,deepfake_account_takeover|2.17|0.87|0.12|0.92|0.38|0.42|0.76,deepfake_account_takeover,-0.16921231126075725,0.8905911118987223,True,0.0,1.0,0.9432438988504951,12,False,0.0,0.0,-0.16,-0.03,0.0,0.0,-0.19,20260814,independent_pool,1,20311823,20321827,20,120,72
51,v2_independent_pool_r1,deepfake_account_takeover|1.3|0.89|0.76|0.28|0.31|0.98|0.45,deepfake_account_takeover,-0.16399664610315717,0.8631402426481957,True,0.0,1.0,0.9387695304387492,12,False,0.0,0.0,-0.16,-0.03,0.0,0.0,-0.19,20260814,independent_pool,1,20311823,20321827,20,120,72
52,v2_independent_pool_r1,ai_app_scam_mule|1.54|1.18|0.21|0.35|0.62|0.85|0.86,ai_app_scam_mule,-0.1706150841614647,0.8979741271656037,True,0.0,1.0,0.9383725347772914,12,False,0.0,0.0,-0.16,-0.03,0.0,0.0,-0.19,20260814,independent_pool,1,20311823,20321827,20,120,72
53,v2_independent_pool_r1,ai_app_scam_mule|0.9|1.04|0.07|0.98|0.08|0.79|0.77,ai_app_scam_mule,-0.16522856,0.869624,True,0.0,1.0,0.9404896829614428,12,False,0.0,0.0,-0.16,-0.03,0.0,0.0,-0.19,20260814,independent_pool,1,20311823,20321827,20,120,72
54,v2_independent_pool_r1,adaptive_card_testing|0.45|0.75|0.28|0.1|0.55|0.73|0.68,adaptive_card_testing,-0.18141321074087402,0.9548063723203896,True,0.0,1.0,0.8921005727818937,12,False,0.0,0.0,-0.16,-0.03,0.0,0.0,-0.19,20260814,independent_pool,1,20311823,20321827,20,120,72
55,v2_independent_pool_r1,agentic_intent_hijack|1.21|0.64|0.48|0.37|0.82|0.69|0.81,agentic_intent_hijack,-0.17190630531262172,0.9047700279611669,True,0.0,1.0,0.9408828223505217,12,False,0.0,0.0,-0.16,-0.03,0.0,0.0,-0.19,20260814,independent_pool,1,20311823,20321827,20,120,72
56,v2_independent_pool_r1,synthetic_identity_bustout|0.74|2.1|0.25|0.14|0.59|0.98|0.73,synthetic_identity_bustout,-0.17842943412355083,0.9391022848607938,True,0.0,1.0,0.9063999712090722,12,False,0.0,0.0,-0.16,-0.03,0.0,0.0,-0.19,20260814,independent_pool,1,20311823,20321827,20,120,72
57,v2_independent_pool_r1,ai_app_scam_mule|1.5|0.84|0.16|0.67|0.53|0.94|0.44,ai_app_scam_mule,-0.1650772613332232,0.8688276912274906,True,0.0,1.0,0.9421854048274271,12,False,0.0,0.0,-0.16,-0.03,0.0,0.0,-0.19,20260814,independent_pool,1,20311823,20321827,20,120,72
58,v2_independent_pool_r1,deepfake_account_takeover|1.49|1.39|0.57|0.54|0.76|0.86|0.75,deepfake_account_takeover,-0.16673205005208958,0.8775371055373136,True,0.0,1.0,0.9425128475847852,12,False,0.0,0.0,-0.16,-0.03,0.0,0.0,-0.19,20260814,independent_pool,1,20311823,20321827,20,120,72
59,v2_independent_pool_r1,adaptive_card_testing|0.88|1.22|0.08|0.22|0.78|0.85|0.47,adaptive_card_testing,-0.18637717912467228,0.9809325217088014,True,0.0,1.0,0.8973393443381686,12,False,0.0,0.0,-0.16,-0.03,0.0,0.0,-0.19,20260814,independent_pool,1,20311823,20321827,20,120,72
60,v2_independent_pool_r1,fake_merchant_collusion|1.07|1.38|0.05|0.25|0.68|0.94|0.81,fake_merchant_collusion,-0.189905057102851,0.999500300541321,True,0.0,1.0,0.903086547382904,12,False,0.0,0.0,-0.16,-0.03,0.0,0.0,-0.19,20260814,independent_pool,1,20311823,20321827,20,120,72
61,v2_independent_pool_r1,synthetic_identity_bustout|1.41|0.62|0.07|0.05|0.53|0.97|0.58,synthetic_identity_bustout,-0.18107337820319983,0.9530177800168411,True,0.0,1.0,0.9161731344184751,12,False,0.0,0.0,-0.16,-0.03,0.0,0.0,-0.19,20260814,independent_pool,1,20311823,20321827,20,120,72
62,v2_independent_pool_r1,ai_app_scam_mule|1.54|1.18|0.21|0.35|0.62|0.85|0.86,ai_app_scam_mule,-0.1704349158385353,0.8970258728343963,True,0.0,1.0,0.9373563429550912,12,False,0.0,0.0,-0.16,-0.03,0.0,0.0,-0.19,20260814,independent_pool,1,20311823,20321827,20,120,72
63,v2_independent_pool_r1,agentic_intent_hijack|0.88|1.5|0.05|0.05|0.98|0.98|0.71,agentic_intent_hijack,-0.17450739999999998,0.9184599999999998,True,0.0,1.0,0.9313399593155269,12,False,0.0,0.0,-0.16,-0.03,0.0,0.0,-0.19,20260814,independent_pool,1,20311823,20321827,20,120,72
64,v2_independent_pool_r1,deepfake_account_takeover|1.37|0.77|0.95|0.59|0.72|0.98|0.72,deepfake_account_takeover,-0.16551080055856604,0.8711094766240317,True,0.0,1.0,0.946302562519464,12,False,0.0,0.0,-0.16,-0.03,0.0,0.0,-0.19,20260814,independent_pool,1,20311823,20321827,20,120,72
65,v2_independent_pool_r1,deepfake_account_takeover|2.17|0.87|0.12|0.92|0.38|0.42|0.76,deepfake_account_takeover,-0.16588731126075726,0.8730911118987223,True,0.0,1.0,0.9408656978185048,12,False,0.0,0.0,-0.16,-0.03,0.0,0.0,-0.19,20260814,independent_pool,1,20311823,20321827,20,120,72
66,v2_independent_pool_r1,fake_merchant_collusion|2.11|1.28|0.24|0.06|0.92|0.46|0.6,fake_merchant_collusion,-0.1875730595487377,0.9872266292038827,True,0.0,1.0,0.9157508343194253,12,False,0.0,0.0,-0.16,-0.03,0.0,0.0,-0.19,20260814,independent_pool,1,20311823,20321827,20,120,72
67,v2_independent_pool_r1,ai_app_scam_mule|1.63|1.07|0.56|0.73|0.43|0.82|0.48,ai_app_scam_mule,-0.16478982069116915,0.8673148457429956,True,0.0,1.0,0.9431716805269977,12,False,0.0,0.0,-0.16,-0.03,0.0,0.0,-0.19,20260814,independent_pool,1,20311823,20321827,20,120,72
68,v2_independent_pool_r1,adaptive_card_testing|2.2|1.04|0.45|0.05|0.49|0.59|0.55,adaptive_card_testing,-0.18758192126318612,0.9872732698062427,True,0.0,1.0,0.8863177153527397,12,False,0.0,0.0,-0.16,-0.03,0.0,0.0,-0.19,20260814,independent_pool,1,20311823,20321827,20,120,72
69,v2_independent_pool_r1,deepfake_account_takeover|1.3|0.89|0.76|0.28|0.31|0.98|0.45,deepfake_account_takeover,-0.15924664610315717,0.8381402426481956,True,0.0,1.0,0.939904725947034,12,False,0.0,0.0,-0.16,-0.03,0.0,0.0,-0.19,20260814,independent_pool,1,20311823,20321827,20,120,72
70,v2_independent_pool_r1,synthetic_identity_bustout|0.51|1.26|0.08|0.05|0.71|0.58|0.64,synthetic_identity_bustout,-0.1899945676340619,0.9999714086003257,True,0.0,1.0,0.889375125072665,12,False,0.0,0.0,-0.16,-0.03,0.0,0.0,-0.19,20260814,independent_pool,1,20311823,20321827,20,120,72
71,v2_independent_pool_r1,ai_app_scam_mule|0.76|0.81|0.35|0.67|0.05|0.97|0.73,ai_app_scam_mule,-0.1668808606932199,0.8783203194379994,True,0.0,1.0,0.9317452286498785,12,False,0.0,0.0,-0.16,-0.03,0.0,0.0,-0.19,20260814,independent_pool,1,20311823,20321827,20,120,72
0,v2_independent_pool_r2,deepfake_account_takeover|1.52|0.53|0.55|0.84|0.48|0.87|0.89,deepfake_account_takeover,-0.16880639736416025,0.8884547229692645,True,0.0,1.0,0.943560429566234,12,False,0.0,0.0,-0.16,-0.03,0.0,0.0,-0.19,20260814,independent_pool,2,20312832,20322840,20,120,72
1,v2_independent_pool_r2,fake_merchant_collusion|0.72|1.89|0.41|0.34|0.9|0.98|0.86,fake_merchant_collusion,-0.18919290522155255,0.9957521327450134,True,0.0,1.0,0.9044573945165638,12,False,0.0,0.0,-0.16,-0.03,0.0,0.0,-0.19,20260814,independent_pool,2,20312832,20322840,20,120,72
2,v2_independent_pool_r2,ai_app_scam_mule|1.79|1.75|0.14|0.98|0.2|0.73|0.66,ai_app_scam_mule,-0.16047856,0.8446239999999999,True,0.0,1.0,0.9420035738219793,12,False,0.0,0.0,-0.16,-0.03,0.0,0.0,-0.19,20260814,independent_pool,2,20312832,20322840,20,120,72
3,v2_independent_pool_r2,agentic_intent_hijack|1.22|0.5|0.22|0.05|0.69|0.81|0.82,agentic_intent_hijack,-0.16841852451964365,0.8864132869454928,True,0.0,1.0,0.9315275039716826,12,False,0.0,0.0,-0.16,-0.03,0.0,0.0,-0.19,20260814,independent_pool,2,20312832,20322840,20,120,72
4,v2_independent_pool_r2,adaptive_card_testing|0.52|1.06|0.15|0.12|0.54|0.74|0.52,adaptive_card_testing,-0.1820481821193756,0.9581483269440821,True,0.0,1.0,0.87033172007781,12,False,0.0,0.0,-0.16,-0.03,0.0,0.0,-0.19,20260814,independent_pool,2,20312832,20322840,20,120,72
5,v2_independent_pool_r2,fake_merchant_collusion|2.12|1.43|0.22|0.05|0.98|0.53|0.93,fake_merchant_collusion,-0.18833278424367908,0.9912251802298899,True,0.0,1.0,0.9184255524151003,12,False,0.0,0.0,-0.16,-0.03,0.0,0.0,-0.19,20260814,independent_pool,2,20312832,20322840,20,120,72
6,v2_independent_pool_r2,deepfake_account_takeover|0.69|1.13|0.98|0.27|0.46|0.76|0.71,deepfake_account_takeover,-0.17472856,0.919624,True,0.0,1.0,0.9359262904527945,12,False,0.0,0.0,-0.16,-0.03,0.0,0.0,-0.19,20260814,independent_pool,2,20312832,20322840,20,120,72
7,v2_independent_pool_r2,ai_app_scam_mule|0.6|1.14|0.05|0.98|0.41|0.34|0.67,ai_app_scam_mule,-0.16950356,0.8921239999999999,True,0.0,1.0,0.933051779808074,12,False,0.0,0.0,-0.16,-0.03,0.0,0.0,-0.19,20260814,independent_pool,2,20312832,20322840,20,120,72
8,v2_independent_pool_r2,synthetic_identity_bustout|0.91|0.96|0.08|0.05|0.19|0.8|0.95,synthetic_identity_bustout,-0.17995441283982966,0.9471284886306824,True,0.0,1.0,0.8986267004676954,12,False,0.0,0.0,-0.16,-0.03,0.0,0.0,-0.19,20260814,independent_pool,2,20312832,20322840,20,120,72
9,v2_independent_pool_r2,agentic_intent_hijack|1.59|1.21|0.79|0.15|0.51|0.48|0.81,agentic_intent_hijack,-0.1650845078311917,0.8688658306904825,True,0.0,1.0,0.9294657101742079,12,False,0.0,0.0,-0.16,-0.03,0.0,0.0,-0.19,20260814,independent_pool,2,20312832,20322840,20,120,72
10,v2_independent_pool_r2,adaptive_card_testing|1.74|1.06|0.31|0.13|0.09|0.47|0.5,adaptive_card_testing,-0.17965376419146456,0.9455461273234977,True,0.0,1.0,0.8734194889074337,12,False,0.0,0.0,-0.16,-0.03,0.0,0.0,-0.19,20260814,independent_pool,2,20312832,20322840,20,120,72
11,v2_independent_pool_r2,ai_app_scam_mule|0.86|0.75|0.7|0.64|0.53|0.98|0.75,ai_app_scam_mule,-0.17160060979094766,0.9031611041628824,True,0.0,1.0,0.9322967864942062,12,False,0.0,0.0,-0.16,-0.03,0.0,0.0,-0.19,20260814,independent_pool,2,20312832,20322840,20,120,72
12,v2_independent_pool_r2,deepfake_account_takeover|1.52|0.53|0.55|0.84|0.48|0.87|0.89,deepfake_account_takeover,-0.16690639736416027,0.8784547229692645,True,0.0,1.0,0.9417308299830728,12,False,0.0,0.0,-0.16,-0.03,0.0,0.0,-0.19,20260814,independent_pool,2,20312832,20322840,20,120,72
13,v2_independent_pool_r2,synthetic_identity_bustout|0.65|1.15|0.57|0.23|0.82|0.52|0.7,synthetic_identity_bustout,-0.18518329228756353,0.9746489067766502,True,0.0,1.0,0.9181820201888612,12,False,0.0,0.0,-0.16,-0.03,0.0,0.0,-0.19,20260814,independent_pool,2,20312832,20322840,20,120,72
14,v2_independent_pool_r2,fake_merchant_collusion|1.7|0.88|0.05|0.29|0.81|0.96|0.48,fake_merchant_collusion,-0.18419765922730955,0.9694613643542608,True,0.0,1.0,0.9177855768502033,12,False,0.0,0.0,-0.16,-0.03,0.0,0.0,-0.19,20260814,independent_pool,2,20312832,20322840,20,120,72
15,v2_independent_pool_r2,deepfake_account_takeover|1.24|2.04|0.61|0.4|0.28|0.72|0.76,deepfake_account_takeover,-0.15571865920172612,0.8195718905354006,True,0.0,1.0,0.9381308689933645,12,False,0.0,0.0,-0.16,-0.03,0.0,0.0,-0.19,20260814,independent_pool,2,20312832,20322840,20,120,72
16,v2_independent_pool_r2,agentic_intent_hijack|1.72|1.67|0.14|0.26|0.65|0.82|0.74,agentic_intent_hijack,-0.16653048576102064,0.876476240847477,True,0.0,1.0,0.9296955761179859,12,False,0.0,0.0,-0.16,-0.03,0.0,0.0,-0.19,20260814,independent_pool,2,20312832,20322840,20,120,72
17,v2_independent_pool_r2,fake_merchant_collusion|0.49|1.2|0.33|0.05|0.53|0.84|0.82,fake_merchant_collusion,-0.18606850072443745,0.9793078985496708,True,0.0,1.0,0.896809704627466,12,False,0.0,0.0,-0.16,-0.03,0.0,0.0,-0.19,20260814,independent_pool,2,20312832,20322840,20,120,72
18,v2_independent_pool_r2,ai_app_scam_mule|1.48|1.19|0.62|0.98|0.05|0.82|0.53,ai_app_scam_mule,-0.16902856,0.889624,True,0.0,1.0,0.9413155173493245,12,False,0.0,0.0,-0.16,-0.03,0.0,0.0,-0.19,20260814,independent_pool,2,20312832,20322840,20,120,72
19,v2_independent_pool_r2,deepfake_account_takeover|0.65|0.79|0.68|0.91|0.36|0.67|0.58,deepfake_account_takeover,-0.17455867757040647,0.9187298819495078,True,0.0,1.0,0.9423728303490214,12,False,0.0,0.0,-0.16,-0.03,0.0,0.0,-0.19,20260814,independent_pool,2,20312832,20322840,20,120,72
20,v2_independent_pool_r2,adaptive_card_testing|1.62|1.05|0.61|0.3|0.54|0.65|0.71,adaptive_card_testing,-0.18754957761415436,0.9871030400744967,True,0.0,1.0,0.8980179637168932,12,False,0.0,0.0,-0.16,-0.03,0.0,0.0,-0.19,20260814,independent_pool,2,20312832,20322840,20,120,72
21,v2_independent_pool_r2,ai_app_scam_mule|0.6|1.14|0.05|0.98|0.41|0.34|0.67,ai_app_scam_mule,-0.16855356,0.8871239999999999,True,0.0,1.0,0.9389086671491459,12,False,0.0,0.0,-0.16,-0.03,0.0,0.0,-0.19,20260814,independent_pool,2,20312832,20322840,20,120,72
22,v2_independent_pool_r2,synthetic_identity_bustout|0.89|1.58|0.05|0.05|0.85|0.62|0.74,synthetic_identity_bustout,-0.1850676,0.97404,True,0.0,1.0,0.9239240139842253,12,False,0.0,0.0,-0.16,-0.03,0.0,0.0,-0.19,20260814,independent_pool,2,20312832,20322840,20,120,72
23,v2_independent_pool_r2,deepfake_account_takeover|0.74|1.57|0.61|0.1|0.36|0.98|0.83,deepfake_account_takeover,-0.16855227322332453,0.8871172274911817,True,0.0,1.0,0.9384921827897826,12,False,0.0,0.0,-0.16,-0.03,0.0,0.0,-0.19,20260814,independent_pool,2,20312832,20322840,20,120,72
24,v2_independent_pool_r2,agentic_intent_hijack|1.59|1.21|0.79|0.15|0.51|0.48|0.81,agentic_intent_hijack,-0.16935950783119166,0.8913658306904824,True,0.0,1.0,0.9305433600734188,12,False,0.0,0.0,-0.16,-0.03,0.0,0.0,-0.19,20260814,independent_pool,2,20312832,20322840,20,120,72
25,v2_independent_pool_r2,ai_app_scam_mule|0.79|0.68|0.42|0.35|0.33|0.98|0.83,ai_app_scam_mule,-0.17075639318820499,0.8987178588852893,True,0.0,1.0,0.9374534421229036,12,False,0.0,0.0,-0.16,-0.03,0.0,0.0,-0.19,20260814,independent_pool,2,20312832,20322840,20,120,72
26,v2_independent_pool_r2,agentic_intent_hijack|0.56|1.18|0.22|0.22|0.47|0.84|0.79,agentic_intent_hijack,-0.17120892622660208,0.9010996117189582,True,0.0,1.0,0.9138445072238772,12,False,0.0,0.0,-0.16,-0.03,0.0,0.0,-0.19,20260814,independent_pool,2,20312832,20322840,20,120,72
27,v2_independent_pool_r2,agentic_intent_hijack|1.41|0.93|0.42|0.09|0.71|0.65|0.34,agentic_intent_hijack,-0.16742445589879124,0.8811813468357433,True,0.0,1.0,0.9348639942956006,12,False,0.0,0.0,-0.16,-0.03,0.0,0.0,-0.19,20260814,independent_pool,2,20312832,20322840,20,120,72
28,v2_independent_pool_r2,synthetic_identity_bustout|1.42|0.69|0.14|0.44|0.69|0.97|0.88,synthetic_identity_bustout,-0.18151569053321942,0.9553457396485232,True,0.0,1.0,0.9262742738744206,12,False,0.0,0.0,-0.16,-0.03,0.0,0.0,-0.19,20260814,independent_pool,2,20312832,20322840,20,120,72
29,v2_independent_pool_r2,fake_merchant_collusion|2.12|1.43|0.22|0.05|0.98|0.53|0.93,fake_merchant_collusion,-0.1883422157563209,0.99127481977011,True,0.0,1.0,0.9147853082066343,12,False,0.0,0.0,-0.16,-0.03,0.0,0.0,-0.19,20260814,independent_pool,2,20312832,20322840,20,120,72
30,v2_independent_pool_r2,deepfake_account_takeover|0.65|0.79|0.68|0.91|0.36|0.67|0.58,deepfake_account_takeover,-0.17265867757040648,0.9087298819495078,True,0.0,1.0,0.9412197359532558,12,False,0.0,0.0,-0.16,-0.03,0.0,0.0,-0.19,20260814,independent_pool,2,20312832,20322840,20,120,72
31,v2_independent_pool_r2,adaptive_card_testing|0.68|0.54|0.41|0.18|0.37|0.73|0.72,adaptive_card_testing,-0.18663548218900378,0.9822920115210725,True,0.0,1.0,0.8894265562578326,12,False,0.0,0.0,-0.16,-0.03,0.0,0.0,-0.19,20260814,independent_pool,2,20312832,20322840,20,120,72
32,v2_independent_pool_r2,ai_app_scam_mule|1.48|1.19|0.62|0.98|0.05|0.82|0.53,ai_app_scam_mule,-0.17282856,0.909624,True,0.0,1.0,0.9377411679258009,12,False,0.0,0.0,-0.16,-0.03,0.0,0.0,-0.19,20260814,independent_pool,2,20312832,20322840,20,120,72
33,v2_independent_pool_r2,fake_merchant_collusion|0.45|0.91|0.05|0.14|0.98|0.69|0.63,fake_merchant_collusion,-0.1892122843040567,0.995854127916088,True,0.0,1.0,0.8995926398618733,12,False,0.0,0.0,-0.16,-0.03,0.0,0.0,-0.19,20260814,independent_pool,2,20312832,20322840,20,120,72
34,v2_independent_pool_r2,ai_app_scam_mule|1.17|1.74|0.07|0.9|0.65|0.61|0.86,ai_app_scam_mule,-0.16856400665809151,0.8871789824110079,True,0.0,1.0,0.9428110118923833,12,False,0.0,0.0,-0.16,-0.03,0.0,0.0,-0.19,20260814,independent_pool,2,20312832,20322840,20,120,72
35,v2_independent_pool_r2,deepfake_account_takeover|1.53|0.55|0.49|0.24|0.53|0.92|0.74,deepfake_account_takeover,-0.17000821043821868,0.894780054937993,True,0.0,1.0,0.9412158176944065,12,False,0.0,0.0,-0.16,-0.03,0.0,0.0,-0.19,20260814,independent_pool,2,20312832,20322840,20,120,72
36,v2_independent_pool_r2,synthetic_identity_bustout|0.91|0.96|0.08|0.05|0.19|0.8|0.95,synthetic_identity_bustout,-0.17757941283982967,0.9346284886306825,True,0.0,1.0,0.9032016064544858,12,False,0.0,0.0,-0.16,-0.03,0.0,0.0,-0.19,20260814,independent_pool,2,20312832,20322840,20,120,72
37,v2_independent_pool_r2,synthetic_identity_bustout|0.65|1.15|0.57|0.23|0.82|0.52|0.7,synthetic_identity_bustout,-0.18565829228756353,0.9771489067766501,True,0.0,1.0,0.9142808712696228,12,False,0.0,0.0,-0.16,-0.03,0.0,0.0,-0.19,20260814,independent_pool,2,20312832,20322840,20,120,72
38,v2_independent_pool_r2,deepfake_account_takeover|0.74|1.57|0.61|0.1|0.36|0.98|0.83,deepfake_account_takeover,-0.16712727322332452,0.8796172274911817,True,0.0,1.0,0.9377105312300454,12,False,0.0,0.0,-0.16,-0.03,0.0,0.0,-0.19,20260814,independent_pool,2,20312832,20322840,20,120,72
39,v2_independent_pool_r2,deepfake_account_takeover|0.61|1.21|0.62|0.8|0.4|0.49|0.75,deepfake_account_takeover,-0.17393408266767962,0.9154425403562085,True,0.0,1.0,0.9363673715272918,12,False,0.0,0.0,-0.16,-0.03,0.0,0.0,-0.19,20260814,independent_pool,2,20312832,20322840,20,120,72
40,v2_independent_pool_r2,adaptive_card_testing|0.63|0.97|0.2|0.05|0.64|0.73|0.36,adaptive_card_testing,-0.18051577344613323,0.9500830181375433,True,0.0,1.0,0.8950038554531181,12,False,0.0,0.0,-0.16,-0.03,0.0,0.0,-0.19,20260814,independent_pool,2,20312832,20322840,20,120,72
41,v2_independent_pool_r2,agentic_intent_hijack|0.56|1.18|0.22|0.22|0.47|0.84|0.79,agentic_intent_hijack,-0.1683589262266021,0.8860996117189583,True,0.0,1.0,0.9237892920245017,12,False,0.0,0.0,-0.16,-0.03,0.0,0.0,-0.19,20260814,independent_pool,2,20312832,20322840,20,120,72
42,v2_independent_pool_r2,ai_app_scam_mule|0.86|0.75|0.7|0.64|0.53|0.98|0.75,ai_app_scam_mule,-0.17255060979094763,0.9081611041628823,True,0.0,1.0,0.9363472833913832,12,False,0.0,0.0,-0.16,-0.03,0.0,0.0,-0.19,20260814,independent_pool,2,20312832,20322840,20,120,72
43,v2_independent_pool_r2,deepfake_account_takeover|1.52|0.53|0.55|0.84|0.48|0.87|0.89,deepfake_account_takeover,-0.16500639736416023,0.8684547229692644,True,0.0,1.0,0.9417486221704364,12,False,0.0,0.0,-0.16,-0.03,0.0,0.0,-0.19,20260814,independent_pool,2,20312832,20322840,20,120,72
44,v2_independent_pool_r2,agentic_intent_hijack|1.59|1.21|0.79|0.15|0.51|0.48|0.81,agentic_intent_hijack,-0.16745950783119168,0.8813658306904826,True,0.0,1.0,0.9293958366383649,12,False,0.0,0.0,-0.16,-0.03,0.0,0.0,-0.19,20260814,independent_pool,2,20312832,20322840,20,120,72
45,v2_independent_pool_r2,ai_app_scam_mule|0.6|1.14|0.05|0.98|0.41|0.34|0.67,ai_app_scam_mule,-0.16712855999999998,0.879624,True,0.0,1.0,0.9373455381632202,12,False,0.0,0.0,-0.16,-0.03,0.0,0.0,-0.19,20260814,independent_pool,2,20312832,20322840,20,120,72
46,v2_independent_pool_r2,ai_app_scam_mule|1.48|1.19|0.62|0.98|0.05|0.82|0.53,ai_app_scam_mule,-0.17187855999999999,0.9046239999999999,True,0.0,1.0,0.9417947517458355,12,False,0.0,0.0,-0.16,-0.03,0.0,0.0,-0.19,20260814,independent_pool,2,20312832,20322840,20,120,72
47,v2_independent_pool_r2,adaptive_card_testing|1.74|1.06|0.31|0.13|0.09|0.47|0.5,adaptive_card_testing,-0.18155376419146457,0.9555461273234978,True,0.0,1.0,0.8650687073347632,12,False,0.0,0.0,-0.16,-0.03,0.0,0.0,-0.19,20260814,independent_pool,2,20312832,20322840,20,120,72
48,v2_independent_pool_r2,agentic_intent_hijack|1.41|0.93|0.42|0.09|0.71|0.65|0.34,agentic_intent_hijack,-0.17027445589879125,0.8961813468357435,True,0.0,1.0,0.9274415089623659,12,False,0.0,0.0,-0.16,-0.03,0.0,0.0,-0.19,20260814,independent_pool,2,20312832,20322840,20,120,72
49,v2_independent_pool_r2,ai_app_scam_mule|0.79|0.68|0.42|0.35|0.33|0.98|0.83,ai_app_scam_mule,-0.17170639318820496,0.9037178588852892,True,0.0,1.0,0.9295904736857136,12,False,0.0,0.0,-0.16,-0.03,0.0,0.0,-0.19,20260814,independent_pool,2,20312832,20322840,20,120,72
50,v2_independent_pool_r2,fake_merchant_collusion|0.99|0.79|0.27|0.07|0.51|0.58|0.6,fake_merchant_collusion,-0.1858786508454016,0.9783086886600083,True,0.0,1.0,0.8846710996432848,12,False,0.0,0.0,-0.16,-0.03,0.0,0.0,-0.19,20260814,independent_pool,2,20312832,20322840,20,120,72
51,v2_independent_pool_r2,synthetic_identity_bustout|0.65|1.15|0.57|0.23|0.82|0.52|0.7,synthetic_identity_bustout,-0.1881667077124365,0.9903510932233499,True,0.0,1.0,0.9122160855638652,12,False,0.0,0.0,-0.16,-0.03,0.0,0.0,-0.19,20260814,independent_pool,2,20312832,20322840,20,120,72
52,v2_independent_pool_r2,ai_app_scam_mule|2.11|1.35|0.16|0.84|0.15|0.98|0.71,ai_app_scam_mule,-0.16168652495639171,0.8509817102967985,True,0.0,1.0,0.9427567649703888,12,False,0.0,0.0,-0.16,-0.03,0.0,0.0,-0.19,20260814,independent_pool,2,20312832,20322840,20,120,72
53,v2_independent_pool_r2,deepfake_account_takeover|1.24|2.04|0.61|0.4|0.28|0.72|0.76,deepfake_account_takeover,-0.16949365920172613,0.8920718905354006,True,0.0,1.0,0.9311931770876921,12,False,0.0,0.0,-0.16,-0.03,0.0,0.0,-0.19,20260814,independent_pool,2,20312832,20322840,20,120,72
54,v2_independent_pool_r2,fake_merchant_collusion|1.7|0.88|0.05|0.29|0.81|0.96|0.48,fake_merchant_collusion,-0.18277265922730956,0.9619613643542608,True,0.0,1.0,0.9233182544140338,12,False,0.0,0.0,-0.16,-0.03,0.0,0.0,-0.19,20260814,independent_pool,2,20312832,20322840,20,120,72
55,v2_independent_pool_r2,deepfake_account_takeover|1.52|0.53|0.55|0.84|0.48|0.87|0.89,deepfake_account_takeover,-0.17224360263583974,0.9065452770307354,True,0.0,1.0,0.9438032879955996,12,False,0.0,0.0,-0.16,-0.03,0.0,0.0,-0.19,20260814,independent_pool,2,20312832,20322840,20,120,72
56,v2_independent_pool_r2,synthetic_identity_bustout|0.91|0.96|0.08|0.05|0.19|0.8|0.95,synthetic_identity_bustout,-0.17900441283982965,0.9421284886306824,True,0.0,1.0,0.8926231506411154,12,False,0.0,0.0,-0.16,-0.03,0.0,0.0,-0.19,20260814,independent_pool,2,20312832,20322840,20,120,72
57,v2_independent_pool_r2,agentic_intent_hijack|1.22|0.5|0.22|0.05|0.69|0.81|0.82,agentic_intent_hijack,-0.17031852451964363,0.8964132869454928,True,0.0,1.0,0.9353966564992825,12,False,0.0,0.0,-0.16,-0.03,0.0,0.0,-0.19,20260814,independent_pool,2,20312832,20322840,20,120,72
58,v2_independent_pool_r2,fake_merchant_collusion|0.72|1.89|0.41|0.34|0.9|0.98|0.86,fake_merchant_collusion,-0.18729290522155254,0.9857521327450134,True,0.0,1.0,0.9176170069711628,12,False,0.0,0.0,-0.16,-0.03,0.0,0.0,-0.19,20260814,independent_pool,2,20312832,20322840,20,120,72
59,v2_independent_pool_r2,ai_app_scam_mule|0.6|1.14|0.05|0.98|0.41|0.34|0.67,ai_app_scam_mule,-0.16475356,0.8671239999999999,True,0.0,1.0,0.9429071952513014,12,False,0.0,0.0,-0.16,-0.03,0.0,0.0,-0.19,20260814,independent_pool,2,20312832,20322840,20,120,72
60,v2_independent_pool_r2,ai_app_scam_mule|1.48|1.19|0.62|0.98|0.05|0.82|0.53,ai_app_scam_mule,-0.16617856,0.874624,True,0.0,1.0,0.9363625875961817,12,False,0.0,0.0,-0.16,-0.03,0.0,0.0,-0.19,20260814,independent_pool,2,20312832,20322840,20,120,72
61,v2_independent_pool_r2,fake_merchant_collusion|2.12|1.43|0.22|0.05|0.98|0.53|0.93,fake_merchant_collusion,-0.18928278424367911,0.99622518022989,True,0.0,1.0,0.925021778600828,12,False,0.0,0.0,-0.16,-0.03,0.0,0.0,-0.19,20260814,independent_pool,2,20312832,20322840,20,120,72
62,v2_independent_pool_r2,adaptive_card_testing|0.68|1.34|0.05|0.22|0.56|0.85|0.64,adaptive_card_testing,-0.18643763056639115,0.9812506871915323,True,0.0,1.0,0.8776884579264679,12,False,0.0,0.0,-0.16,-0.03,0.0,0.0,-0.19,20260814,independent_pool,2,20312832,20322840,20,120,72
63,v2_independent_pool_r2,ai_app_scam_mule|1.17|1.74|0.07|0.9|0.65|0.61|0.86,ai_app_scam_mule,-0.1671390066580915,0.8796789824110078,True,0.0,1.0,0.9442656048340811,12,False,0.0,0.0,-0.16,-0.03,0.0,0.0,-0.19,20260814,independent_pool,2,20312832,20322840,20,120,72
64,v2_independent_pool_r2,ai_app_scam_mule|0.79|0.68|0.42|0.35|0.33|0.98|0.83,ai_app_scam_mule,-0.16553139318820495,0.8712178588852892,True,0.0,1.0,0.9359983504260013,12,False,0.0,0.0,-0.16,-0.03,0.0,0.0,-0.19,20260814,independent_pool,2,20312832,20322840,20,120,72
65,v2_independent_pool_r2,agentic_intent_hijack|1.59|1.21|0.79|0.15|0.51|0.48|0.81,agentic_intent_hijack,-0.16603450783119167,0.8738658306904825,True,0.0,1.0,0.9296966779721009,12,False,0.0,0.0,-0.16,-0.03,0.0,0.0,-0.19,20260814,independent_pool,2,20312832,20322840,20,120,72
66,v2_independent_pool_r2,deepfake_account_takeover|0.74|1.57|0.61|0.1|0.36|0.98|0.83,deepfake_account_takeover,-0.16665227322332452,0.8771172274911816,True,0.0,1.0,0.9294547641091423,12,False,0.0,0.0,-0.16,-0.03,0.0,0.0,-0.19,20260814,independent_pool,2,20312832,20322840,20,120,72
67,v2_independent_pool_r2,synthetic_identity_bustout|1.42|0.69|0.14|0.44|0.69|0.97|0.88,synthetic_identity_bustout,-0.1880343094667806,0.9896542603514767,True,0.0,1.0,0.9241524185818163,12,False,0.0,0.0,-0.16,-0.03,0.0,0.0,-0.19,20260814,independent_pool,2,20312832,20322840,20,120,72
68,v2_independent_pool_r2,ai_app_scam_mule|1.48|1.19|0.62|0.98|0.05|0.82|0.53,ai_app_scam_mule,-0.15810355999999998,0.8321239999999999,True,0.0,1.0,0.941636727209691,12,False,0.0,0.0,-0.16,-0.03,0.0,0.0,-0.19,20260814,independent_pool,2,20312832,20322840,20,120,72
69,v2_independent_pool_r2,agentic_intent_hijack|1.41|0.93|0.42|0.09|0.71|0.65|0.34,agentic_intent_hijack,-0.17359945589879125,0.9136813468357434,True,0.0,1.0,0.9327754699824284,12,False,0.0,0.0,-0.16,-0.03,0.0,0.0,-0.19,20260814,independent_pool,2,20312832,20322840,20,120,72
70,v2_independent_pool_r2,adaptive_card_testing|1.74|1.06|0.31|0.13|0.09|0.47|0.5,adaptive_card_testing,-0.18060376419146457,0.9505461273234976,True,0.0,1.0,0.8813966785566171,12,False,0.0,0.0,-0.16,-0.03,0.0,0.0,-0.19,20260814,independent_pool,2,20312832,20322840,20,120,72
71,v2_independent_pool_r2,ai_app_scam_mule|0.6|1.14|0.05|0.98|0.41|0.34|0.67,ai_app_scam_mule,-0.16807856,0.8846239999999999,True,0.0,1.0,0.9376253052182166,12,False,0.0,0.0,-0.16,-0.03,0.0,0.0,-0.19,20260814,independent_pool,2,20312832,20322840,20,120,72
0,v2_double_search_pressure_r0,deepfake_account_takeover|1.29|0.48|0.78|0.45|0.83|0.98|0.63,deepfake_account_takeover,-0.16451722968844462,0.8658801562549716,True,0.0,1.0,0.9464003915391105,12,False,0.0,0.0,-0.16,-0.03,0.0,0.0,-0.19,20260814,double_search_pressure,0,20350814,20360814,40,240,144
1,v2_double_search_pressure_r0,ai_app_scam_mule|0.66|1.81|0.25|0.98|0.5|0.98|0.69,ai_app_scam_mule,-0.16807856,0.884624,True,0.0,1.0,0.9451902514008905,12,False,0.0,0.0,-0.16,-0.03,0.0,0.0,-0.19,20260814,double_search_pressure,0,20350814,20360814,40,240,144
2,v2_double_search_pressure_r0,fake_merchant_collusion|2.2|0.75|0.48|0.07|0.98|0.48|0.98,fake_merchant_collusion,-0.18472906630890773,0.9722582437310933,True,0.0,1.0,0.9342096684161394,12,False,0.0,0.0,-0.16,-0.03,0.0,0.0,-0.19,20260814,double_search_pressure,0,20350814,20360814,40,240,144
3,v2_double_search_pressure_r0,synthetic_identity_bustout|0.73|1.87|0.05|0.06|0.98|0.92|0.67,synthetic_identity_bustout,-0.185513054454448,0.9763844971286736,True,0.0,1.0,0.9273044191503422,12,False,0.0,0.0,-0.16,-0.03,0.0,0.0,-0.19,20260814,double_search_pressure,0,20350814,20360814,40,240,144
4,v2_double_search_pressure_r0,agentic_intent_hijack|0.65|0.57|0.16|0.32|0.73|0.31|0.77,agentic_intent_hijack,-0.17478258534817145,0.9199083439377445,True,0.0,1.0,0.9350134511988067,12,False,0.0,0.0,-0.16,-0.03,0.0,0.0,-0.19,20260814,double_search_pressure,0,20350814,20360814,40,240,144
5,v2_double_search_pressure_r0,adaptive_card_testing|2.11|0.79|0.5|0.05|0.27|0.97|0.63,adaptive_card_testing,-0.17751709071405156,0.9343004774423767,True,0.0,1.0,0.9116676852823639,12,False,0.0,0.0,-0.16,-0.03,0.0,0.0,-0.19,20260814,double_search_pressure,0,20350814,20360814,40,240,144
6,v2_double_search_pressure_r0,deepfake_account_takeover|0.92|1.23|0.93|0.18|0.22|0.68|0.89,deepfake_account_takeover,-0.16059553853707348,0.845239676510913,True,0.0,1.0,0.9376458073534062,12,False,0.0,0.0,-0.16,-0.03,0.0,0.0,-0.19,20260814,double_search_pressure,0,20350814,20360814,40,240,144
7,v2_double_search_pressure_r0,agentic_intent_hijack|2.02|1.7|0.25|0.17|0.78|0.51|0.88,agentic_intent_hijack,-0.17321969496895054,0.9116826050997396,True,0.0,1.0,0.9319562257918935,12,False,0.0,0.0,-0.16,-0.03,0.0,0.0,-0.19,20260814,double_search_pressure,0,20350814,20360814,40,240,144
8,v2_double_search_pressure_r0,synthetic_identity_bustout|1.5|0.62|0.21|0.05|0.19|0.98|0.97,synthetic_identity_bustout,-0.178026158878584,0.9369797835714947,True,0.0,1.0,0.9102481748664365,12,False,0.0,0.0,-0.16,-0.03,0.0,0.0,-0.19,20260814,double_search_pressure,0,20350814,20360814,40,240,144
9,v2_double_search_pressure_r0,fake_merchant_collusion|0.5|1.23|0.21|0.64|0.98|0.89|0.73,fake_merchant_collusion,-0.1889803242134677,0.9946332853340405,True,0.0,1.0,0.9142850460766366,12,False,0.0,0.0,-0.16,-0.03,0.0,0.0,-0.19,20260814,double_search_pressure,0,20350814,20360814,40,240,144
10,v2_double_search_pressure_r0,deepfake_account_takeover|1.65|1.52|0.56|0.98|0.7|0.79|0.64,deepfake_account_takeover,-0.16869643999999998,0.8878759999999999,True,0.0,1.0,0.9419244022171581,12,False,0.0,0.0,-0.16,-0.03,0.0,0.0,-0.19,20260814,double_search_pressure,0,20350814,20360814,40,240,144
11,v2_double_search_pressure_r0,ai_app_scam_mule|1.67|0.47|0.31|0.53|0.32|0.8|0.61,ai_app_scam_mule,-0.16526664717927594,0.8698244588382944,True,0.0,1.0,0.9381548520447837,12,False,0.0,0.0,-0.16,-0.03,0.0,0.0,-0.19,20260814,double_search_pressure,0,20350814,20360814,40,240,144
12,v2_double_search_pressure_r0,adaptive_card_testing|0.76|1.9|0.05|0.31|0.54|0.53|0.57,adaptive_card_testing,-0.1820201792711024,0.9580009435321178,True,0.0,1.0,0.8822797837875486,12,False,0.0,0.0,-0.16,-0.03,0.0,0.0,-0.19,20260814,double_search_pressure,0,20350814,20360814,40,240,144
13,v2_double_search_pressure_r0,agentic_intent_hijack|1.11|1.92|0.25|0.2|0.33|0.9|0.81,agentic_intent_hijack,-0.17089557464779176,0.8994503928831146,True,0.0,1.0,0.9038561781523314,12,False,0.0,0.0,-0.16,-0.03,0.0,0.0,-0.19,20260814,double_search_pressure,0,20350814,20360814,40,240,144
14,v2_double_search_pressure_r0,synthetic_identity_bustout|0.97|0.95|0.05|0.12|0.05|0.38|0.79,synthetic_identity_bustout,-0.17949534279544038,0.9447123305023177,True,0.0,1.0,0.9184309475940898,12,False,0.0,0.0,-0.16,-0.03,0.0,0.0,-0.19,20260814,double_search_pressure,0,20350814,20360814,40,240,144
15,v2_double_search_pressure_r0,fake_merchant_collusion|0.65|1.01|0.09|0.05|0.51|0.98|0.97,fake_merchant_collusion,-0.18321907580672572,0.9643109252985564,True,0.0,1.0,0.9097791810084385,12,False,0.0,0.0,-0.16,-0.03,0.0,0.0,-0.19,20260814,double_search_pressure,0,20350814,20360814,40,240,144
16,v2_double_search_pressure_r0,deepfake_account_takeover|1.01|0.67|0.63|0.98|0.23|0.56|0.79,deepfake_account_takeover,-0.17282856,0.909624,True,0.0,1.0,0.9415194057527089,12,False,0.0,0.0,-0.16,-0.03,0.0,0.0,-0.19,20260814,double_search_pressure,0,20350814,20360814,40,240,144
17,v2_double_search_pressure_r0,synthetic_identity_bustout|0.59|0.8|0.65|0.07|0.45|0.74|0.71,synthetic_identity_bustout,-0.18236451047265617,0.9598132130139798,True,0.0,1.0,0.9047794433693367,12,False,0.0,0.0,-0.16,-0.03,0.0,0.0,-0.19,20260814,double_search_pressure,0,20350814,20360814,40,240,144
18,v2_double_search_pressure_r0,adaptive_card_testing|0.93|0.45|0.26|0.11|0.64|0.65|0.37,adaptive_card_testing,-0.1868791330412655,0.9835743844277132,True,0.0,1.0,0.9081091026056843,12,False,0.0,0.0,-0.16,-0.03,0.0,0.0,-0.19,20260814,double_search_pressure,0,20350814,20360814,40,240,144
19,v2_double_search_pressure_r0,ai_app_scam_mule|2.2|0.87|0.05|0.52|0.69|0.93|0.53,ai_app_scam_mule,-0.1649192351841531,0.8679959746534374,True,0.0,1.0,0.9455450450936437,12,False,0.0,0.0,-0.16,-0.03,0.0,0.0,-0.19,20260814,double_search_pressure,0,20350814,20360814,40,240,144
20,v2_double_search_pressure_r0,ai_app_scam_mule|0.9|0.93|0.21|0.98|0.43|0.39|0.84,ai_app_scam_mule,-0.16902856,0.889624,True,0.0,1.0,0.9402835926186467,12,False,0.0,0.0,-0.16,-0.03,0.0,0.0,-0.19,20260814,double_search_pressure,0,20350814,20360814,40,240,144
21,v2_double_search_pressure_r0,agentic_intent_hijack|0.93|1.0|0.8|0.42|0.73|0.93|0.98,agentic_intent_hijack,-0.17117433921481676,0.900917574814825,True,0.0,1.0,0.9303602704780306,12,False,0.0,0.0,-0.16,-0.03,0.0,0.0,-0.19,20260814,double_search_pressure,0,20350814,20360814,40,240,144
22,v2_double_search_pressure_r0,deepfake_account_takeover|0.62|0.6|0.52|0.38|0.77|0.98|0.67,deepfake_account_takeover,-0.16683077272314423,0.8780566985428643,True,0.0,1.0,0.9413572254041441,12,False,0.0,0.0,-0.16,-0.03,0.0,0.0,-0.19,20260814,double_search_pressure,0,20350814,20360814,40,240,144
23,v2_double_search_pressure_r0,adaptive_card_testing|1.72|0.83|0.69|0.05|0.73|0.32|0.73,adaptive_card_testing,-0.18570403251679823,0.9773896448252539,True,0.0,1.0,0.9135461898580176,12,False,0.0,0.0,-0.16,-0.03,0.0,0.0,-0.19,20260814,double_search_pressure,0,20350814,20360814,40,240,144
24,v2_double_search_pressure_r0,deepfake_account_takeover|0.92|1.23|0.93|0.18|0.22|0.68|0.89,deepfake_account_takeover,-0.16914553853707345,0.890239676510913,True,0.0,1.0,0.930042720251176,12,False,0.0,0.0,-0.16,-0.03,0.0,0.0,-0.19,20260814,double_search_pressure,0,20350814,20360814,40,240,144
25,v2_double_search_pressure_r0,deepfake_account_takeover|1.65|1.52|0.56|0.98|0.7|0.79|0.64,deepfake_account_takeover,-0.16869643999999998,0.8878759999999999,True,0.0,1.0,0.9464217761530858,12,False,0.0,0.0,-0.16,-0.03,0.0,0.0,-0.19,20260814,double_search_pressure,0,20350814,20360814,40,240,144
26,v2_double_search_pressure_r0,fake_merchant_collusion|2.2|0.75|0.48|0.07|0.98|0.48|0.98,fake_merchant_collusion,-0.18852906630890773,0.9922582437310933,True,0.0,1.0,0.9146471821295444,12,False,0.0,0.0,-0.16,-0.03,0.0,0.0,-0.19,20260814,double_search_pressure,0,20350814,20360814,40,240,144
27,v2_double_search_pressure_r0,synthetic_identity_bustout|0.73|1.87|0.05|0.06|0.98|0.92|0.67,synthetic_identity_bustout,-0.18836305445444798,0.9913844971286736,True,0.0,1.0,0.9247497046557857,12,False,0.0,0.0,-0.16,-0.03,0.0,0.0,-0.19,20260814,double_search_pressure,0,20350814,20360814,40,240,144
28,v2_double_search_pressure_r0,ai_app_scam_mule|0.82|1.74|0.56|0.56|0.31|0.97|0.69,ai_app_scam_mule,-0.16774634926628915,0.8828755224541535,True,0.0,1.0,0.9303461152856923,12,False,0.0,0.0,-0.16,-0.03,0.0,0.0,-0.19,20260814,double_search_pressure,0,20350814,20360814,40,240,144
29,v2_double_search_pressure_r0,agentic_intent_hijack|0.68|0.9|0.13|0.06|0.17|0.63|0.97,agentic_intent_hijack,-0.16367827067423676,0.861464582495983,True,0.0,1.0,0.9069281185123163,12,False,0.0,0.0,-0.16,-0.03,0.0,0.0,-0.19,20260814,double_search_pressure,0,20350814,20360814,40,240,144
30,v2_double_search_pressure_r0,adaptive_card_testing|1.02|1.39|0.05|0.23|0.14|0.81|0.68,adaptive_card_testing,-0.17962431585221733,0.9453911360643017,True,0.0,1.0,0.8514785415234335,12,False,0.0,0.0,-0.16,-0.03,0.0,0.0,-0.19,20260814,double_search_pressure,0,20350814,20360814,40,240,144
31,v2_double_search_pressure_r0,agentic_intent_hijack|2.2|1.24|0.35|0.44|0.32|0.9|0.84,agentic_intent_hijack,-0.16634036271887376,0.8754755932572303,True,0.0,1.0,0.937754470761896,12,False,0.0,0.0,-0.16,-0.03,0.0,0.0,-0.19,20260814,double_search_pressure,0,20350814,20360814,40,240,144
32,v2_double_search_pressure_r0,deepfake_account_takeover|1.01|0.67|0.63|0.98|0.23|0.56|0.79,deepfake_account_takeover,-0.17140355999999998,0.9021239999999999,True,0.0,1.0,0.9406402185180865,12,False,0.0,0.0,-0.16,-0.03,0.0,0.0,-0.19,20260814,double_search_pressure,0,20350814,20360814,40,240,144
33,v2_double_search_pressure_r0,deepfake_account_takeover|1.23|0.88|0.72|0.12|0.07|0.98|0.64,deepfake_account_takeover,-0.1610767434427745,0.8477723339093395,True,0.0,1.0,0.9367517352782606,12,False,0.0,0.0,-0.16,-0.03,0.0,0.0,-0.19,20260814,double_search_pressure,0,20350814,20360814,40,240,144
34,v2_double_search_pressure_r0,adaptive_card_testing|0.84|1.67|0.74|0.27|0.57|0.68|0.61,adaptive_card_testing,-0.18375017711103525,0.9671061953212382,True,0.0,1.0,0.8750462965801669,12,False,0.0,0.0,-0.16,-0.03,0.0,0.0,-0.19,20260814,double_search_pressure,0,20350814,20360814,40,240,144
35,v2_double_search_pressure_r0,fake_merchant_collusion|0.5|1.23|0.21|0.64|0.98|0.89|0.73,fake_merchant_collusion,-0.1870803242134677,0.9846332853340405,True,0.0,1.0,0.9274907239607573,12,False,0.0,0.0,-0.16,-0.03,0.0,0.0,-0.19,20260814,double_search_pressure,0,20350814,20360814,40,240,144
36,v2_double_search_pressure_r0,synthetic_identity_bustout|1.32|0.7|0.43|0.19|0.44|0.68|0.42,synthetic_identity_bustout,-0.18114591924768444,0.9533995749878129,True,0.0,1.0,0.909259442004564,12,False,0.0,0.0,-0.16,-0.03,0.0,0.0,-0.19,20260814,double_search_pressure,0,20350814,20360814,40,240,144
37,v2_double_search_pressure_r0,agentic_intent_hijack|0.62|0.71|0.56|0.07|0.94|0.77|0.84,agentic_intent_hijack,-0.17280458227991838,0.9094978014732547,True,0.0,1.0,0.9298044382868595,12,False,0.0,0.0,-0.16,-0.03,0.0,0.0,-0.19,20260814,double_search_pressure,0,20350814,20360814,40,240,144
38,v2_double_search_pressure_r0,ai_app_scam_mule|0.9|0.93|0.21|0.98|0.43|0.39|0.84,ai_app_scam_mule,-0.16760355999999998,0.8821239999999999,True,0.0,1.0,0.939449863303249,12,False,0.0,0.0,-0.16,-0.03,0.0,0.0,-0.19,20260814,double_search_pressure,0,20350814,20360814,40,240,144
39,v2_double_search_pressure_r0,deepfake_account_takeover|0.92|1.23|0.93|0.18|0.22|0.68|0.89,deepfake_account_takeover,-0.17057053853707346,0.8977396765109129,True,0.0,1.0,0.9345711524818001,12,False,0.0,0.0,-0.16,-0.03,0.0,0.0,-0.19,20260814,double_search_pressure,0,20350814,20360814,40,240,144
40,v2_double_search_pressure_r0,synthetic_identity_bustout|1.5|0.62|0.21|0.05|0.19|0.98|0.97,synthetic_identity_bustout,-0.171851158878584,0.9044797835714946,True,0.0,1.0,0.9222922373032069,12,False,0.0,0.0,-0.16,-0.03,0.0,0.0,-0.19,20260814,double_search_pressure,0,20350814,20360814,40,240,144
41,v2_double_search_pressure_r0,agentic_intent_hijack|2.2|1.24|0.35|0.44|0.32|0.9|0.84,agentic_intent_hijack,-0.16586536271887375,0.8729755932572303,True,0.0,1.0,0.9271211783824603,12,False,0.0,0.0,-0.16,-0.03,0.0,0.0,-0.19,20260814,double_search_pressure,0,20350814,20360814,40,240,144
42,v2_double_search_pressure_r0,deepfake_account_takeover|1.29|0.48|0.78|0.45|0.83|0.98|0.63,deepfake_account_takeover,-0.1716422296884446,0.9033801562549715,True,0.0,1.0,0.9436742899289404,12,False,0.0,0.0,-0.16,-0.03,0.0,0.0,-0.19,20260814,double_search_pressure,0,20350814,20360814,40,240,144
43,v2_double_search_pressure_r0,adaptive_card_testing|1.02|1.07|0.66|0.21|0.05|0.61|0.56,adaptive_card_testing,-0.18033834440256485,0.9491491810661308,True,0.0,1.0,0.8798163975750396,12,False,0.0,0.0,-0.16,-0.03,0.0,0.0,-0.19,20260814,double_search_pressure,0,20350814,20360814,40,240,144
44,v2_double_search_pressure_r0,agentic_intent_hijack|0.65|0.57|0.16|0.32|0.73|0.31|0.77,agentic_intent_hijack,-0.17288258534817144,0.9099083439377444,True,0.0,1.0,0.9355025263716875,12,False,0.0,0.0,-0.16,-0.03,0.0,0.0,-0.19,20260814,double_search_pressure,0,20350814,20360814,40,240,144
45,v2_double_search_pressure_r0,agentic_intent_hijack|0.93|1.0|0.8|0.42|0.73|0.93|0.98,agentic_intent_hijack,-0.17367566078518323,0.9140824251851749,True,0.0,1.0,0.9309114108031212,12,False,0.0,0.0,-0.16,-0.03,0.0,0.0,-0.19,20260814,double_search_pressure,0,20350814,20360814,40,240,144
46,v2_double_search_pressure_r0,fake_merchant_collusion|0.65|1.01|0.09|0.05|0.51|0.98|0.97,fake_merchant_collusion,-0.18701907580672572,0.9843109252985565,True,0.0,1.0,0.8955048945472986,12,False,0.0,0.0,-0.16,-0.03,0.0,0.0,-0.19,20260814,double_search_pressure,0,20350814,20360814,40,240,144
47,v2_double_search_pressure_r0,ai_app_scam_mule|2.2|0.87|0.05|0.52|0.69|0.93|0.53,ai_app_scam_mule,-0.1634942351841531,0.8604959746534373,True,0.0,1.0,0.943802673880922,12,False,0.0,0.0,-0.16,-0.03,0.0,0.0,-0.19,20260814,double_search_pressure,0,20350814,20360814,40,240,144
48,v2_double_search_pressure_r0,fake_merchant_collusion|2.2|0.75|0.48|0.07|0.98|0.48|0.98,fake_merchant_collusion,-0.18339593369109228,0.9652417562689067,True,0.0,1.0,0.9173287527966455,12,False,0.0,0.0,-0.16,-0.03,0.0,0.0,-0.19,20260814,double_search_pressure,0,20350814,20360814,40,240,144
49,v2_double_search_pressure_r0,agentic_intent_hijack|2.02|1.7|0.25|0.17|0.78|0.51|0.88,agentic_intent_hijack,-0.16989469496895054,0.8941826050997397,True,0.0,1.0,0.9329469325377264,12,False,0.0,0.0,-0.16,-0.03,0.0,0.0,-0.19,20260814,double_search_pressure,0,20350814,20360814,40,240,144
50,v2_double_search_pressure_r0,deepfake_account_takeover|1.65|1.52|0.56|0.98|0.7|0.79|0.64,deepfake_account_takeover,-0.16917143999999998,0.890376,True,0.0,1.0,0.9426287337649072,12,False,0.0,0.0,-0.16,-0.03,0.0,0.0,-0.19,20260814,double_search_pressure,0,20350814,20360814,40,240,144
51,v2_double_search_pressure_r0,synthetic_identity_bustout|0.8|0.62|0.12|0.41|0.21|0.77|0.94,synthetic_identity_bustout,-0.1780622848723795,0.9371699203809447,True,0.0,1.0,0.9043607936099683,12,False,0.0,0.0,-0.16,-0.03,0.0,0.0,-0.19,20260814,double_search_pressure,0,20350814,20360814,40,240,144
52,v2_double_search_pressure_r0,deepfake_account_takeover|0.92|1.23|0.93|0.18|0.22|0.68|0.89,deepfake_account_takeover,-0.1667705385370735,0.8777396765109131,True,0.0,1.0,0.9331353335498466,12,False,0.0,0.0,-0.16,-0.03,0.0,0.0,-0.19,20260814,double_search_pressure,0,20350814,20360814,40,240,144
53,v2_double_search_pressure_r0,synthetic_identity_bustout|0.73|1.87|0.05|0.06|0.98|0.92|0.67,synthetic_identity_bustout,-0.189788054454448,0.9988844971286737,True,0.0,1.0,0.9070176989955154,12,False,0.0,0.0,-0.16,-0.03,0.0,0.0,-0.19,20260814,double_search_pressure,0,20350814,20360814,40,240,144
54,v2_double_search_pressure_r0,adaptive_card_testing|1.9|1.0|0.3|0.26|0.78|0.82|0.79,adaptive_card_testing,-0.1878862854657611,0.9888751866619006,True,0.0,1.0,0.9029019559766535,12,False,0.0,0.0,-0.16,-0.03,0.0,0.0,-0.19,20260814,double_search_pressure,0,20350814,20360814,40,240,144
55,v2_double_search_pressure_r0,agentic_intent_hijack|0.65|0.57|0.16|0.32|0.73|0.31|0.77,agentic_intent_hijack,-0.1738674146518285,0.9150916560622553,True,0.0,1.0,0.9353246221142096,12,False,0.0,0.0,-0.16,-0.03,0.0,0.0,-0.19,20260814,double_search_pressure,0,20350814,20360814,40,240,144
56,v2_double_search_pressure_r0,agentic_intent_hijack|0.93|1.0|0.8|0.42|0.73|0.93|0.98,agentic_intent_hijack,-0.1730743392148167,0.9109175748148248,True,0.0,1.0,0.9325009739774752,12,False,0.0,0.0,-0.16,-0.03,0.0,0.0,-0.19,20260814,double_search_pressure,0,20350814,20360814,40,240,144
57,v2_double_search_pressure_r0,agentic_intent_hijack|1.84|1.54|0.11|0.21|0.34|0.65|0.98,agentic_intent_hijack,-0.1674771451092404,0.8814586584696862,True,0.0,1.0,0.912804751539722,12,False,0.0,0.0,-0.16,-0.03,0.0,0.0,-0.19,20260814,double_search_pressure,0,20350814,20360814,40,240,144
58,v2_double_search_pressure_r0,ai_app_scam_mule|0.82|1.74|0.56|0.56|0.31|0.97|0.69,ai_app_scam_mule,-0.17107134926628914,0.9003755224541534,True,0.0,1.0,0.9332416158316055,12,False,0.0,0.0,-0.16,-0.03,0.0,0.0,-0.19,20260814,double_search_pressure,0,20350814,20360814,40,240,144
59,v2_double_search_pressure_r0,deepfake_account_takeover|0.62|0.6|0.52|0.38|0.77|0.98|0.67,deepfake_account_takeover,-0.16946922727685576,0.8919433014571356,True,0.0,1.0,0.9403053252007373,12,False,0.0,0.0,-0.16,-0.03,0.0,0.0,-0.19,20260814,double_search_pressure,0,20350814,20360814,40,240,144
60,v2_double_search_pressure_r0,deepfake_account_takeover|1.0|1.45|0.48|0.98|0.61|0.97|0.5,deepfake_account_takeover,-0.16774643999999997,0.8828759999999999,True,0.0,1.0,0.9438174904002968,12,False,0.0,0.0,-0.16,-0.03,0.0,0.0,-0.19,20260814,double_search_pressure,0,20350814,20360814,40,240,144
61,v2_double_search_pressure_r0,synthetic_identity_bustout|1.32|0.7|0.43|0.19|0.44|0.68|0.42,synthetic_identity_bustout,-0.18447091924768444,0.9708995749878129,True,0.0,1.0,0.92170963791184,12,False,0.0,0.0,-0.16,-0.03,0.0,0.0,-0.19,20260814,double_search_pressure,0,20350814,20360814,40,240,144
62,v2_double_search_pressure_r0,agentic_intent_hijack|0.9|0.91|0.15|0.05|0.48|0.82|0.52,agentic_intent_hijack,-0.17013628802437805,0.8954541474967266,True,0.0,1.0,0.9169413496944782,12,False,0.0,0.0,-0.16,-0.03,0.0,0.0,-0.19,20260814,double_search_pressure,0,20350814,20360814,40,240,144
63,v2_double_search_pressure_r0,adaptive_card_testing|0.93|0.45|0.26|0.11|0.64|0.65|0.37,adaptive_card_testing,-0.1868791330412655,0.9835743844277132,True,0.0,1.0,0.9228739301002807,12,False,0.0,0.0,-0.16,-0.03,0.0,0.0,-0.19,20260814,double_search_pressure,0,20350814,20360814,40,240,144
64,v2_double_search_pressure_r0,deepfake_account_takeover|1.23|0.88|0.72|0.12|0.07|0.98|0.64,deepfake_account_takeover,-0.16440174344277447,0.8652723339093393,True,0.0,1.0,0.937962573806653,12,False,0.0,0.0,-0.16,-0.03,0.0,0.0,-0.19,20260814,double_search_pressure,0,20350814,20360814,40,240,144
65,v2_double_search_pressure_r0,deepfake_account_takeover|1.01|0.67|0.63|0.98|0.23|0.56|0.79,deepfake_account_takeover,-0.16712855999999998,0.879624,True,0.0,1.0,0.9405368980118408,12,False,0.0,0.0,-0.16,-0.03,0.0,0.0,-0.19,20260814,double_search_pressure,0,20350814,20360814,40,240,144
66,v2_double_search_pressure_r0,fake_merchant_collusion|0.71|1.73|0.05|0.31|0.54|0.6|0.84,fake_merchant_collusion,-0.18531908346034745,0.9753635971597234,True,0.0,1.0,0.8907403807238506,12,False,0.0,0.0,-0.16,-0.03,0.0,0.0,-0.19,20260814,double_search_pressure,0,20350814,20360814,40,240,144
67,v2_double_search_pressure_r0,agentic_intent_hijack|0.93|1.0|0.8|0.42|0.73|0.93|0.98,agentic_intent_hijack,-0.17272566078518325,0.909082425185175,True,0.0,1.0,0.9309663293008477,12,False,0.0,0.0,-0.16,-0.03,0.0,0.0,-0.19,20260814,double_search_pressure,0,20350814,20360814,40,240,144
68,v2_double_search_pressure_r0,deepfake_account_takeover|0.92|1.23|0.93|0.18|0.22|0.68|0.89,deepfake_account_takeover,-0.16012053853707348,0.842739676510913,True,0.0,1.0,0.9378131678401552,12,False,0.0,0.0,-0.16,-0.03,0.0,0.0,-0.19,20260814,double_search_pressure,0,20350814,20360814,40,240,144
69,v2_double_search_pressure_r0,agentic_intent_hijack|2.02|1.7|0.25|0.17|0.78|0.51|0.88,agentic_intent_hijack,-0.17464469496895052,0.9191826050997396,True,0.0,1.0,0.9227389820990296,12,False,0.0,0.0,-0.16,-0.03,0.0,0.0,-0.19,20260814,double_search_pressure,0,20350814,20360814,40,240,144
70,v2_double_search_pressure_r0,synthetic_identity_bustout|1.5|0.62|0.21|0.05|0.19|0.98|0.97,synthetic_identity_bustout,-0.17945115887858398,0.9444797835714946,True,0.0,1.0,0.9119696790560582,12,False,0.0,0.0,-0.16,-0.03,0.0,0.0,-0.19,20260814,double_search_pressure,0,20350814,20360814,40,240,144
71,v2_double_search_pressure_r0,deepfake_account_takeover|1.65|1.52|0.56|0.98|0.7|0.79|0.64,deepfake_account_takeover,-0.17187855999999999,0.904624,True,0.0,1.0,0.9426312669113582,12,False,0.0,0.0,-0.16,-0.03,0.0,0.0,-0.19,20260814,double_search_pressure,0,20350814,20360814,40,240,144
72,v2_double_search_pressure_r0,ai_app_scam_mule|0.9|0.93|0.21|0.98|0.43|0.39|0.84,ai_app_scam_mule,-0.16950356,0.8921239999999999,True,0.0,1.0,0.9444242909278738,12,False,0.0,0.0,-0.16,-0.03,0.0,0.0,-0.19,20260814,double_search_pressure,0,20350814,20360814,40,240,144
73,v2_double_search_pressure_r0,fake_merchant_collusion|2.2|0.75|0.48|0.07|0.98|0.48|0.98,fake_merchant_collusion,-0.18900406630890773,0.9947582437310933,True,0.0,1.0,0.924075759397666,12,False,0.0,0.0,-0.16,-0.03,0.0,0.0,-0.19,20260814,double_search_pressure,0,20350814,20360814,40,240,144
74,v2_double_search_pressure_r0,synthetic_identity_bustout|0.73|1.87|0.05|0.06|0.98|0.92|0.67,synthetic_identity_bustout,-0.188311945545552,0.9911155028713263,True,0.0,1.0,0.9125423590521352,12,False,0.0,0.0,-0.16,-0.03,0.0,0.0,-0.19,20260814,double_search_pressure,0,20350814,20360814,40,240,144
75,v2_double_search_pressure_r0,adaptive_card_testing|1.72|0.83|0.69|0.05|0.73|0.32|0.73,adaptive_card_testing,-0.18665403251679827,0.982389644825254,True,0.0,1.0,0.9132640382227651,12,False,0.0,0.0,-0.16,-0.03,0.0,0.0,-0.19,20260814,double_search_pressure,0,20350814,20360814,40,240,144
76,v2_double_search_pressure_r0,deepfake_account_takeover|1.29|0.48|0.78|0.45|0.83|0.98|0.63,deepfake_account_takeover,-0.17130777031155542,0.9016198437450285,True,0.0,1.0,0.9441415030806977,12,False,0.0,0.0,-0.16,-0.03,0.0,0.0,-0.19,20260814,double_search_pressure,0,20350814,20360814,40,240,144
77,v2_double_search_pressure_r0,deepfake_account_takeover|1.65|1.52|0.56|0.98|0.7|0.79|0.64,deepfake_account_takeover,-0.16632144,0.8753759999999999,True,0.0,1.0,0.9447676971883964,12,False,0.0,0.0,-0.16,-0.03,0.0,0.0,-0.19,20260814,double_search_pressure,0,20350814,20360814,40,240,144
78,v2_double_search_pressure_r0,ai_app_scam_mule|2.2|0.87|0.05|0.52|0.69|0.93|0.53,ai_app_scam_mule,-0.1649192351841531,0.8679959746534374,True,0.0,1.0,0.9422463117318967,12,False,0.0,0.0,-0.16,-0.03,0.0,0.0,-0.19,20260814,double_search_pressure,0,20350814,20360814,40,240,144
79,v2_double_search_pressure_r0,agentic_intent_hijack|2.2|1.24|0.35|0.44|0.32|0.9|0.84,agentic_intent_hijack,-0.17109036271887376,0.9004755932572304,True,0.0,1.0,0.9057749804991215,12,False,0.0,0.0,-0.16,-0.03,0.0,0.0,-0.19,20260814,double_search_pressure,0,20350814,20360814,40,240,144
80,v2_double_search_pressure_r0,agentic_intent_hijack|0.65|0.57|0.16|0.32|0.73|0.31|0.77,agentic_intent_hijack,-0.17478258534817145,0.9199083439377445,True,0.0,1.0,0.921886409149035,12,False,0.0,0.0,-0.16,-0.03,0.0,0.0,-0.19,20260814,double_search_pressure,0,20350814,20360814,40,240,144
81,v2_double_search_pressure_r0,synthetic_identity_bustout|1.32|0.7|0.43|0.19|0.44|0.68|0.42,synthetic_identity_bustout,-0.18114591924768444,0.9533995749878129,True,0.0,1.0,0.921459041920781,12,False,0.0,0.0,-0.16,-0.03,0.0,0.0,-0.19,20260814,double_search_pressure,0,20350814,20360814,40,240,144
82,v2_double_search_pressure_r0,fake_merchant_collusion|0.5|1.23|0.21|0.64|0.98|0.89|0.73,fake_merchant_collusion,-0.18769467578653232,0.9878667146659595,True,0.0,1.0,0.9120496741316767,12,False,0.0,0.0,-0.16,-0.03,0.0,0.0,-0.19,20260814,double_search_pressure,0,20350814,20360814,40,240,144
83,v2_double_search_pressure_r0,deepfake_account_takeover|0.92|1.23|0.93|0.18|0.22|0.68|0.89,deepfake_account_takeover,-0.16344553853707347,0.860239676510913,True,0.0,1.0,0.9369191301878547,12,False,0.0,0.0,-0.16,-0.03,0.0,0.0,-0.19,20260814,double_search_pressure,0,20350814,20360814,40,240,144
84,v2_double_search_pressure_r0,deepfake_account_takeover|0.62|0.6|0.52|0.38|0.77|0.98|0.67,deepfake_account_takeover,-0.1725307727231442,0.9080566985428642,True,0.0,1.0,0.9405689616666152,12,False,0.0,0.0,-0.16,-0.03,0.0,0.0,-0.19,20260814,double_search_pressure,0,20350814,20360814,40,240,144
85,v2_double_search_pressure_r0,synthetic_identity_bustout|0.73|1.87|0.05|0.06|0.98|0.92|0.67,synthetic_identity_bustout,-0.183138054454448,0.9638844971286736,True,0.0,1.0,0.9138625970029621,12,False,0.0,0.0,-0.16,-0.03,0.0,0.0,-0.19,20260814,double_search_pressure,0,20350814,20360814,40,240,144
86,v2_double_search_pressure_r0,ai_app_scam_mule|0.82|1.74|0.56|0.56|0.31|0.97|0.69,ai_app_scam_mule,-0.16997865073371082,0.8946244775458464,True,0.0,1.0,0.9366871348098543,12,False,0.0,0.0,-0.16,-0.03,0.0,0.0,-0.19,20260814,double_search_pressure,0,20350814,20360814,40,240,144
87,v2_double_search_pressure_r0,agentic_intent_hijack|0.9|0.91|0.15|0.05|0.48|0.82|0.52,agentic_intent_hijack,-0.16348628802437806,0.8604541474967267,True,0.0,1.0,0.9278973446061033,12,False,0.0,0.0,-0.16,-0.03,0.0,0.0,-0.19,20260814,double_search_pressure,0,20350814,20360814,40,240,144
88,v2_double_search_pressure_r0,agentic_intent_hijack|0.93|1.0|0.8|0.42|0.73|0.93|0.98,agentic_intent_hijack,-0.1730743392148167,0.9109175748148248,True,0.0,1.0,0.9246110977831563,12,False,0.0,0.0,-0.16,-0.03,0.0,0.0,-0.19,20260814,double_search_pressure,0,20350814,20360814,40,240,144
89,v2_double_search_pressure_r0,adaptive_card_testing|1.02|1.39|0.05|0.23|0.14|0.81|0.68,adaptive_card_testing,-0.17867431585221735,0.9403911360643018,True,0.0,1.0,0.8666820474828448,12,False,0.0,0.0,-0.16,-0.03,0.0,0.0,-0.19,20260814,double_search_pressure,0,20350814,20360814,40,240,144
90,v2_double_search_pressure_r0,agentic_intent_hijack|2.02|1.7|0.25|0.17|0.78|0.51|0.88,agentic_intent_hijack,-0.16989469496895054,0.8941826050997397,True,0.0,1.0,0.9321100166005554,12,False,0.0,0.0,-0.16,-0.03,0.0,0.0,-0.19,20260814,double_search_pressure,0,20350814,20360814,40,240,144
91,v2_double_search_pressure_r0,deepfake_account_takeover|0.92|1.23|0.93|0.18|0.22|0.68|0.89,deepfake_account_takeover,-0.1624955385370735,0.855239676510913,True,0.0,1.0,0.9333701823294328,12,False,0.0,0.0,-0.16,-0.03,0.0,0.0,-0.19,20260814,double_search_pressure,0,20350814,20360814,40,240,144
92,v2_double_search_pressure_r0,deepfake_account_takeover|1.29|0.48|0.78|0.45|0.83|0.98|0.63,deepfake_account_takeover,-0.1659422296884446,0.8733801562549716,True,0.0,1.0,0.9434332588013513,12,False,0.0,0.0,-0.16,-0.03,0.0,0.0,-0.19,20260814,double_search_pressure,0,20350814,20360814,40,240,144
93,v2_double_search_pressure_r0,ai_app_scam_mule|1.18|0.65|0.05|0.98|0.59|0.98|0.75,ai_app_scam_mule,-0.16575463411858177,0.8723928111504303,True,0.0,1.0,0.9497077677364826,12,False,0.0,0.0,-0.16,-0.03,0.0,0.0,-0.19,20260814,double_search_pressure,0,20350814,20360814,40,240,144
94,v2_double_search_pressure_r0,synthetic_identity_bustout|1.5|0.62|0.21|0.05|0.19|0.98|0.97,synthetic_identity_bustout,-0.176126158878584,0.9269797835714947,True,0.0,1.0,0.9171236662885129,12,False,0.0,0.0,-0.16,-0.03,0.0,0.0,-0.19,20260814,double_search_pressure,0,20350814,20360814,40,240,144
95,v2_double_search_pressure_r0,agentic_intent_hijack|0.93|1.0|0.8|0.42|0.73|0.93|0.98,agentic_intent_hijack,-0.1730743392148167,0.9109175748148248,True,0.0,1.0,0.9368299370168757,12,False,0.0,0.0,-0.16,-0.03,0.0,0.0,-0.19,20260814,double_search_pressure,0,20350814,20360814,40,240,144
96,v2_double_search_pressure_r0,agentic_intent_hijack|0.65|0.57|0.16|0.32|0.73|0.31|0.77,agentic_intent_hijack,-0.17478258534817145,0.9199083439377445,True,0.0,1.0,0.9284715301857461,12,False,0.0,0.0,-0.16,-0.03,0.0,0.0,-0.19,20260814,double_search_pressure,0,20350814,20360814,40,240,144
97,v2_double_search_pressure_r0,deepfake_account_takeover|1.0|1.45|0.48|0.98|0.61|0.97|0.5,deepfake_account_takeover,-0.17107143999999996,0.9003759999999998,True,0.0,1.0,0.9453533028357132,12,False,0.0,0.0,-0.16,-0.03,0.0,0.0,-0.19,20260814,double_search_pressure,0,20350814,20360814,40,240,144
98,v2_double_search_pressure_r0,adaptive_card_testing|1.72|0.83|0.69|0.05|0.73|0.32|0.73,adaptive_card_testing,-0.17952903251679825,0.944889644825254,True,0.0,1.0,0.9015657472801428,12,False,0.0,0.0,-0.16,-0.03,0.0,0.0,-0.19,20260814,double_search_pressure,0,20350814,20360814,40,240,144
99,v2_double_search_pressure_r0,ai_app_scam_mule|0.83|1.4|0.35|0.84|0.12|0.58|0.59,ai_app_scam_mule,-0.17156797687951214,0.9029893519974324,True,0.0,1.0,0.9392269657363045,12,False,0.0,0.0,-0.16,-0.03,0.0,0.0,-0.19,20260814,double_search_pressure,0,20350814,20360814,40,240,144
100,v2_double_search_pressure_r0,synthetic_identity_bustout|1.32|0.7|0.43|0.19|0.44|0.68|0.42,synthetic_identity_bustout,-0.18494591924768444,0.9733995749878128,True,0.0,1.0,0.9033780677870249,12,False,0.0,0.0,-0.16,-0.03,0.0,0.0,-0.19,20260814,double_search_pressure,0,20350814,20360814,40,240,144
101,v2_double_search_pressure_r0,deepfake_account_takeover|1.23|0.88|0.72|0.12|0.07|0.98|0.64,deepfake_account_takeover,-0.15775174344277448,0.8302723339093394,True,0.0,1.0,0.9367997553822383,12,False,0.0,0.0,-0.16,-0.03,0.0,0.0,-0.19,20260814,double_search_pressure,0,20350814,20360814,40,240,144
102,v2_double_search_pressure_r0,ai_app_scam_mule|2.2|0.87|0.05|0.52|0.69|0.93|0.53,ai_app_scam_mule,-0.16995576481584687,0.8945040253465625,True,0.0,1.0,0.9410780386681142,12,False,0.0,0.0,-0.16,-0.03,0.0,0.0,-0.19,20260814,double_search_pressure,0,20350814,20360814,40,240,144
103,v2_double_search_pressure_r0,fake_merchant_collusion|2.2|0.75|0.48|0.07|0.98|0.48|0.98,fake_merchant_collusion,-0.1862459336910923,0.9802417562689067,True,0.0,1.0,0.9214728955305036,12,False,0.0,0.0,-0.16,-0.03,0.0,0.0,-0.19,20260814,double_search_pressure,0,20350814,20360814,40,240,144
104,v2_double_search_pressure_r0,synthetic_identity_bustout|0.73|1.87|0.05|0.06|0.98|0.92|0.67,synthetic_identity_bustout,-0.18456305445444798,0.9713844971286736,True,0.0,1.0,0.9264531114558081,12,False,0.0,0.0,-0.16,-0.03,0.0,0.0,-0.19,20260814,double_search_pressure,0,20350814,20360814,40,240,144
105,v2_double_search_pressure_r0,agentic_intent_hijack|0.9|0.91|0.15|0.05|0.48|0.82|0.52,agentic_intent_hijack,-0.17013628802437805,0.8954541474967266,True,0.0,1.0,0.9181586067378364,12,False,0.0,0.0,-0.16,-0.03,0.0,0.0,-0.19,20260814,double_search_pressure,0,20350814,20360814,40,240,144
106,v2_double_search_pressure_r0,deepfake_account_takeover|1.65|1.52|0.56|0.98|0.7|0.79|0.64,deepfake_account_takeover,-0.16727144,0.8803759999999999,True,0.0,1.0,0.944851809998279,12,False,0.0,0.0,-0.16,-0.03,0.0,0.0,-0.19,20260814,double_search_pressure,0,20350814,20360814,40,240,144
107,v2_double_search_pressure_r0,ai_app_scam_mule|0.82|1.74|0.56|0.56|0.31|0.97|0.69,ai_app_scam_mule,-0.17059634926628917,0.8978755224541535,True,0.0,1.0,0.9288416183478483,12,False,0.0,0.0,-0.16,-0.03,0.0,0.0,-0.19,20260814,double_search_pressure,0,20350814,20360814,40,240,144
108,v2_double_search_pressure_r0,deepfake_account_takeover|0.62|0.6|0.52|0.38|0.77|0.98|0.67,deepfake_account_takeover,-0.1725307727231442,0.9080566985428642,True,0.0,1.0,0.9401806372938095,12,False,0.0,0.0,-0.16,-0.03,0.0,0.0,-0.19,20260814,double_search_pressure,0,20350814,20360814,40,240,144
109,v2_double_search_pressure_r0,ai_app_scam_mule|0.9|0.93|0.21|0.98|0.43|0.39|0.84,ai_app_scam_mule,-0.16997855999999997,0.8946239999999999,True,0.0,1.0,0.9429658101697665,12,False,0.0,0.0,-0.16,-0.03,0.0,0.0,-0.19,20260814,double_search_pressure,0,20350814,20360814,40,240,144
110,v2_double_search_pressure_r0,synthetic_identity_bustout|0.97|0.95|0.05|0.12|0.05|0.38|0.79,synthetic_identity_bustout,-0.17759534279544037,0.9347123305023177,True,0.0,1.0,0.9067969493988467,12,False,0.0,0.0,-0.16,-0.03,0.0,0.0,-0.19,20260814,double_search_pressure,0,20350814,20360814,40,240,144
111,v2_double_search_pressure_r0,deepfake_account_takeover|0.92|1.23|0.93|0.18|0.22|0.68|0.89,deepfake_account_takeover,-0.1629705385370735,0.8577396765109131,True,0.0,1.0,0.9374917721192517,12,False,0.0,0.0,-0.16,-0.03,0.0,0.0,-0.19,20260814,double_search_pressure,0,20350814,20360814,40,240,144
112,v2_double_search_pressure_r0,fake_merchant_collusion|0.65|1.01|0.09|0.05|0.51|0.98|0.97,fake_merchant_collusion,-0.18321907580672572,0.9643109252985564,True,0.0,1.0,0.8734159769570251,12,False,0.0,0.0,-0.16,-0.03,0.0,0.0,-0.19,20260814,double_search_pressure,0,20350814,20360814,40,240,144
113,v2_double_search_pressure_r0,deepfake_account_takeover|1.65|1.52|0.56|0.98|0.7|0.79|0.64,deepfake_account_takeover,-0.17202144,0.905376,True,0.0,1.0,0.9463547869070911,12,False,0.0,0.0,-0.16,-0.03,0.0,0.0,-0.19,20260814,double_search_pressure,0,20350814,20360814,40,240,144
114,v2_double_search_pressure_r0,adaptive_card_testing|1.02|1.39|0.05|0.23|0.14|0.81|0.68,adaptive_card_testing,-0.18104931585221734,0.9528911360643018,True,0.0,1.0,0.8587511673603044,12,False,0.0,0.0,-0.16,-0.03,0.0,0.0,-0.19,20260814,double_search_pressure,0,20350814,20360814,40,240,144
115,v2_double_search_pressure_r0,agentic_intent_hijack|0.93|1.0|0.8|0.42|0.73|0.93|0.98,agentic_intent_hijack,-0.17462566078518327,0.919082425185175,True,0.0,1.0,0.9296854191662723,12,False,0.0,0.0,-0.16,-0.03,0.0,0.0,-0.19,20260814,double_search_pressure,0,20350814,20360814,40,240,144
116,v2_double_search_pressure_r0,ai_app_scam_mule|2.2|0.87|0.05|0.52|0.69|0.93|0.53,ai_app_scam_mule,-0.1701442351841531,0.8954959746534373,True,0.0,1.0,0.9478456598900863,12,False,0.0,0.0,-0.16,-0.03,0.0,0.0,-0.19,20260814,double_search_pressure,0,20350814,20360814,40,240,144
117,v2_double_search_pressure_r0,synthetic_identity_bustout|0.73|1.87|0.05|0.06|0.98|0.92|0.67,synthetic_identity_bustout,-0.18883805445444798,0.9938844971286735,True,0.0,1.0,0.9061174999608199,12,False,0.0,0.0,-0.16,-0.03,0.0,0.0,-0.19,20260814,double_search_pressure,0,20350814,20360814,40,240,144
118,v2_double_search_pressure_r0,deepfake_account_takeover|1.02|0.88|0.55|0.47|0.28|0.55|0.43,deepfake_account_takeover,-0.16637354318978306,0.8756502273146477,True,0.0,1.0,0.9373052210725787,12,False,0.0,0.0,-0.16,-0.03,0.0,0.0,-0.19,20260814,double_search_pressure,0,20350814,20360814,40,240,144
119,v2_double_search_pressure_r0,agentic_intent_hijack|2.02|1.7|0.25|0.17|0.78|0.51|0.88,agentic_intent_hijack,-0.1689446949689505,0.8891826050997396,True,0.0,1.0,0.9285647783029689,12,False,0.0,0.0,-0.16,-0.03,0.0,0.0,-0.19,20260814,double_search_pressure,0,20350814,20360814,40,240,144
120,v2_double_search_pressure_r0,ai_app_scam_mule|0.9|0.93|0.21|0.98|0.43|0.39|0.84,ai_app_scam_mule,-0.16712855999999998,0.879624,True,0.0,1.0,0.938476182809371,12,False,0.0,0.0,-0.16,-0.03,0.0,0.0,-0.19,20260814,double_search_pressure,0,20350814,20360814,40,240,144
121,v2_double_search_pressure_r0,synthetic_identity_bustout|1.32|0.7|0.43|0.19|0.44|0.68|0.42,synthetic_identity_bustout,-0.18162091924768445,0.9558995749878129,True,0.0,1.0,0.9043107792087911,12,False,0.0,0.0,-0.16,-0.03,0.0,0.0,-0.19,20260814,double_search_pressure,0,20350814,20360814,40,240,144
122,v2_double_search_pressure_r0,agentic_intent_hijack|0.65|0.57|0.16|0.32|0.73|0.31|0.77,agentic_intent_hijack,-0.17288258534817144,0.9099083439377444,True,0.0,1.0,0.9308730926506378,12,False,0.0,0.0,-0.16,-0.03,0.0,0.0,-0.19,20260814,double_search_pressure,0,20350814,20360814,40,240,144
123,v2_double_search_pressure_r0,fake_merchant_collusion|0.5|1.23|0.21|0.64|0.98|0.89|0.73,fake_merchant_collusion,-0.1857946757865323,0.9778667146659595,True,0.0,1.0,0.9094250548914844,12,False,0.0,0.0,-0.16,-0.03,0.0,0.0,-0.19,20260814,double_search_pressure,0,20350814,20360814,40,240,144
124,v2_double_search_pressure_r0,deepfake_account_takeover|0.92|1.23|0.93|0.18|0.22|0.68|0.89,deepfake_account_takeover,-0.1667705385370735,0.8777396765109131,True,0.0,1.0,0.933189653838244,12,False,0.0,0.0,-0.16,-0.03,0.0,0.0,-0.19,20260814,double_search_pressure,0,20350814,20360814,40,240,144
125,v2_double_search_pressure_r0,deepfake_account_takeover|1.65|1.52|0.56|0.98|0.7|0.79|0.64,deepfake_account_takeover,-0.16727144,0.8803759999999999,True,0.0,1.0,0.9441827740066939,12,False,0.0,0.0,-0.16,-0.03,0.0,0.0,-0.19,20260814,double_search_pressure,0,20350814,20360814,40,240,144
126,v2_double_search_pressure_r0,deepfake_account_takeover|0.62|0.6|0.52|0.38|0.77|0.98|0.67,deepfake_account_takeover,-0.16968077272314422,0.8930566985428643,True,0.0,1.0,0.9443500617519017,12,False,0.0,0.0,-0.16,-0.03,0.0,0.0,-0.19,20260814,double_search_pressure,0,20350814,20360814,40,240,144
127,v2_double_search_pressure_r0,deepfake_account_takeover|1.01|0.67|0.63|0.98|0.23|0.56|0.79,deepfake_account_takeover,-0.17045355999999998,0.8971239999999999,True,0.0,1.0,0.939687213132241,12,False,0.0,0.0,-0.16,-0.03,0.0,0.0,-0.19,20260814,double_search_pressure,0,20350814,20360814,40,240,144
128,v2_double_search_pressure_r0,ai_app_scam_mule|0.82|1.74|0.56|0.56|0.31|0.97|0.69,ai_app_scam_mule,-0.17012134926628916,0.8953755224541535,True,0.0,1.0,0.9288163925780224,12,False,0.0,0.0,-0.16,-0.03,0.0,0.0,-0.19,20260814,double_search_pressure,0,20350814,20360814,40,240,144
129,v2_double_search_pressure_r0,deepfake_account_takeover|1.02|0.88|0.55|0.47|0.28|0.55|0.43,deepfake_account_takeover,-0.1746764568102169,0.9193497726853521,True,0.0,1.0,0.9386582373492799,12,False,0.0,0.0,-0.16,-0.03,0.0,0.0,-0.19,20260814,double_search_pressure,0,20350814,20360814,40,240,144
130,v2_double_search_pressure_r0,adaptive_card_testing|1.72|0.83|0.69|0.05|0.73|0.32|0.73,adaptive_card_testing,-0.18142903251679826,0.954889644825254,True,0.0,1.0,0.9213765046277039,12,False,0.0,0.0,-0.16,-0.03,0.0,0.0,-0.19,20260814,double_search_pressure,0,20350814,20360814,40,240,144
131,v2_double_search_pressure_r0,synthetic_identity_bustout|1.5|0.62|0.21|0.05|0.19|0.98|0.97,synthetic_identity_bustout,-0.17992615887858399,0.9469797835714946,True,0.0,1.0,0.9106288259753216,12,False,0.0,0.0,-0.16,-0.03,0.0,0.0,-0.19,20260814,double_search_pressure,0,20350814,20360814,40,240,144
132,v2_double_search_pressure_r0,adaptive_card_testing|0.76|1.9|0.05|0.31|0.54|0.53|0.57,adaptive_card_testing,-0.1848701792711024,0.9730009435321179,True,0.0,1.0,0.8728012906025101,12,False,0.0,0.0,-0.16,-0.03,0.0,0.0,-0.19,20260814,double_search_pressure,0,20350814,20360814,40,240,144
133,v2_double_search_pressure_r0,fake_merchant_collusion|2.2|0.75|0.48|0.07|0.98|0.48|0.98,fake_merchant_collusion,-0.18767093369109228,0.9877417562689067,True,0.0,1.0,0.9216247715890691,12,False,0.0,0.0,-0.16,-0.03,0.0,0.0,-0.19,20260814,double_search_pressure,0,20350814,20360814,40,240,144
134,v2_double_search_pressure_r0,agentic_intent_hijack|0.65|0.57|0.16|0.32|0.73|0.31|0.77,agentic_intent_hijack,-0.17383258534817148,0.9149083439377446,True,0.0,1.0,0.9346528537581045,12,False,0.0,0.0,-0.16,-0.03,0.0,0.0,-0.19,20260814,double_search_pressure,0,20350814,20360814,40,240,144
135,v2_double_search_pressure_r0,ai_app_scam_mule|2.2|0.87|0.05|0.52|0.69|0.93|0.53,ai_app_scam_mule,-0.1710942351841531,0.9004959746534373,True,0.0,1.0,0.9407997329632648,12,False,0.0,0.0,-0.16,-0.03,0.0,0.0,-0.19,20260814,double_search_pressure,0,20350814,20360814,40,240,144
136,v2_double_search_pressure_r0,synthetic_identity_bustout|0.73|1.87|0.05|0.06|0.98|0.92|0.67,synthetic_identity_bustout,-0.185038054454448,0.9738844971286736,True,0.0,1.0,0.9244356413179813,12,False,0.0,0.0,-0.16,-0.03,0.0,0.0,-0.19,20260814,double_search_pressure,0,20350814,20360814,40,240,144
137,v2_double_search_pressure_r0,deepfake_account_takeover|1.65|1.52|0.56|0.98|0.7|0.79|0.64,deepfake_account_takeover,-0.16964643999999998,0.8928759999999999,True,0.0,1.0,0.9482897767193158,12,False,0.0,0.0,-0.16,-0.03,0.0,0.0,-0.19,20260814,double_search_pressure,0,20350814,20360814,40,240,144
138,v2_double_search_pressure_r0,ai_app_scam_mule|0.83|1.4|0.35|0.84|0.12|0.58|0.59,ai_app_scam_mule,-0.16729297687951217,0.8804893519974324,True,0.0,1.0,0.9276807704670208,12,False,0.0,0.0,-0.16,-0.03,0.0,0.0,-0.19,20260814,double_search_pressure,0,20350814,20360814,40,240,144
139,v2_double_search_pressure_r0,deepfake_account_takeover|0.92|1.23|0.93|0.18|0.22|0.68|0.89,deepfake_account_takeover,-0.16487053853707348,0.8677396765109131,True,0.0,1.0,0.9360469447431634,12,False,0.0,0.0,-0.16,-0.03,0.0,0.0,-0.19,20260814,double_search_pressure,0,20350814,20360814,40,240,144
140,v2_double_search_pressure_r0,deepfake_account_takeover|1.02|0.88|0.55|0.47|0.28|0.55|0.43,deepfake_account_takeover,-0.16874854318978305,0.8881502273146477,True,0.0,1.0,0.9385373008278517,12,False,0.0,0.0,-0.16,-0.03,0.0,0.0,-0.19,20260814,double_search_pressure,0,20350814,20360814,40,240,144
141,v2_double_search_pressure_r0,agentic_intent_hijack|1.84|1.54|0.11|0.21|0.34|0.65|0.98,agentic_intent_hijack,-0.16462714510924037,0.8664586584696862,True,0.0,1.0,0.9155431742217751,12,False,0.0,0.0,-0.16,-0.03,0.0,0.0,-0.19,20260814,double_search_pressure,0,20350814,20360814,40,240,144
142,v2_double_search_pressure_r0,synthetic_identity_bustout|1.32|0.7|0.43|0.19|0.44|0.68|0.42,synthetic_identity_bustout,-0.18542091924768445,0.9758995749878129,True,0.0,1.0,0.9184144435008954,12,False,0.0,0.0,-0.16,-0.03,0.0,0.0,-0.19,20260814,double_search_pressure,0,20350814,20360814,40,240,144
143,v2_double_search_pressure_r0,adaptive_card_testing|0.93|0.45|0.26|0.11|0.64|0.65|0.37,adaptive_card_testing,-0.18599586695873452,0.9789256155722869,True,0.0,1.0,0.9091052259430996,12,False,0.0,0.0,-0.16,-0.03,0.0,0.0,-0.19,20260814,double_search_pressure,0,20350814,20360814,40,240,144
0,v2_independent_pool_r0,agentic_intent_hijack|1.85|2.01|0.6|0.1|0.69|0.89|0.79,agentic_intent_hijack,-0.17160019681118174,0.903158930585167,True,0.0,1.0,0.9381374407545354,12,False,0.0,0.0,-0.16,-0.03,0.0,0.0,-0.19,20260815,independent_pool,0,20310815,20320815,20,120,72
1,v2_independent_pool_r0,deepfake_account_takeover|0.61|0.64|0.77|0.7|0.49|0.87|0.52,deepfake_account_takeover,-0.17291306500913484,0.9100687632059729,True,0.0,1.0,0.9426268367306365,12,False,0.0,0.0,-0.16,-0.03,0.0,0.0,-0.19,20260815,independent_pool,0,20310815,20320815,20,120,72
2,v2_independent_pool_r0,fake_merchant_collusion|1.39|0.62|0.16|0.09|0.98|0.9|0.95,fake_merchant_collusion,-0.18714789905957022,0.9849889424187905,True,0.0,1.0,0.9237919888551699,12,False,0.0,0.0,-0.16,-0.03,0.0,0.0,-0.19,20260815,independent_pool,0,20310815,20320815,20,120,72
3,v2_independent_pool_r0,ai_app_scam_mule|1.81|1.23|0.14|0.98|0.35|0.77|0.48,ai_app_scam_mule,-0.16760355999999998,0.8821239999999999,True,0.0,1.0,0.9473706701283108,12,False,0.0,0.0,-0.16,-0.03,0.0,0.0,-0.19,20260815,independent_pool,0,20310815,20320815,20,120,72
4,v2_independent_pool_r0,agentic_intent_hijack|0.54|1.44|0.05|0.05|0.76|0.98|0.63,agentic_intent_hijack,-0.1731926,0.91154,True,0.0,1.0,0.9269604489224349,12,False,0.0,0.0,-0.16,-0.03,0.0,0.0,-0.19,20260815,independent_pool,0,20310815,20320815,20,120,72
5,v2_independent_pool_r0,synthetic_identity_bustout|1.82|0.76|0.05|0.05|0.35|0.9|0.66,synthetic_identity_bustout,-0.1755676,0.92404,True,0.0,1.0,0.9066289287605058,12,False,0.0,0.0,-0.16,-0.03,0.0,0.0,-0.19,20260815,independent_pool,0,20310815,20320815,20,120,72
6,v2_independent_pool_r0,adaptive_card_testing|0.59|0.85|0.3|0.05|0.81|0.32|0.46,adaptive_card_testing,-0.18694865341482148,0.9839402811306394,True,0.0,1.0,0.9084668650313293,12,False,0.0,0.0,-0.16,-0.03,0.0,0.0,-0.19,20260815,independent_pool,0,20310815,20320815,20,120,72
7,v2_independent_pool_r0,deepfake_account_takeover|0.92|1.98|0.84|0.58|0.47|0.58|0.66,deepfake_account_takeover,-0.17118823818073375,0.9009907272670197,True,0.0,1.0,0.9347680161015673,12,False,0.0,0.0,-0.16,-0.03,0.0,0.0,-0.19,20260815,independent_pool,0,20310815,20320815,20,120,72
8,v2_independent_pool_r0,adaptive_card_testing|1.25|0.96|0.41|0.05|0.05|0.87|0.5,adaptive_card_testing,-0.17996311456672429,0.9471742871932857,True,0.0,1.0,0.8681011629865885,12,False,0.0,0.0,-0.16,-0.03,0.0,0.0,-0.19,20260815,independent_pool,0,20310815,20320815,20,120,72
9,v2_independent_pool_r0,ai_app_scam_mule|1.04|0.45|0.25|0.58|0.29|0.6|0.56,ai_app_scam_mule,-0.1684369754445072,0.8865103970763537,True,0.0,1.0,0.9414831892826463,12,False,0.0,0.0,-0.16,-0.03,0.0,0.0,-0.19,20260815,independent_pool,0,20310815,20320815,20,120,72
10,v2_independent_pool_r0,fake_merchant_collusion|0.59|1.37|0.6|0.31|0.85|0.53|0.64,fake_merchant_collusion,-0.18234743473159246,0.9597233406925919,True,0.0,1.0,0.9164683027368491,12,False,0.0,0.0,-0.16,-0.03,0.0,0.0,-0.19,20260815,independent_pool,0,20310815,20320815,20,120,72
11,v2_independent_pool_r0,agentic_intent_hijack|0.74|1.42|0.42|0.12|0.25|0.42|0.9,agentic_intent_hijack,-0.16604375200458144,0.8739144842346391,True,0.0,1.0,0.9067393341270952,12,False,0.0,0.0,-0.16,-0.03,0.0,0.0,-0.19,20260815,independent_pool,0,20310815,20320815,20,120,72
12,v2_independent_pool_r0,synthetic_identity_bustout|0.52|1.03|0.37|0.05|0.35|0.8|0.62,synthetic_identity_bustout,-0.18468617786488045,0.9720325150783182,True,0.0,1.0,0.8942144787140465,12,False,0.0,0.0,-0.16,-0.03,0.0,0.0,-0.19,20260815,independent_pool,0,20310815,20320815,20,120,72
13,v2_independent_pool_r0,deepfake_account_takeover|0.88|0.56|0.91|0.16|0.28|0.78|0.8,deepfake_account_takeover,-0.168942412471859,0.8891705919571526,True,0.0,1.0,0.9397818994926418,12,False,0.0,0.0,-0.16,-0.03,0.0,0.0,-0.19,20260815,independent_pool,0,20310815,20320815,20,120,72
14,v2_independent_pool_r0,agentic_intent_hijack|1.85|2.01|0.6|0.1|0.69|0.89|0.79,agentic_intent_hijack,-0.17160019681118174,0.903158930585167,True,0.0,1.0,0.9321748760300075,12,False,0.0,0.0,-0.16,-0.03,0.0,0.0,-0.19,20260815,independent_pool,0,20310815,20320815,20,120,72
15,v2_independent_pool_r0,ai_app_scam_mule|0.79|1.05|0.43|0.98|0.46|0.81|0.83,ai_app_scam_mule,-0.17282856,0.909624,True,0.0,1.0,0.9387214216115701,12,False,0.0,0.0,-0.16,-0.03,0.0,0.0,-0.19,20260815,independent_pool,0,20310815,20320815,20,120,72
16,v2_independent_pool_r0,deepfake_account_takeover|0.63|1.14|0.19|0.7|0.59|0.73|0.39,deepfake_account_takeover,-0.16465366898735834,0.8665982578282018,True,0.0,1.0,0.9506538155853815,12,False,0.0,0.0,-0.16,-0.03,0.0,0.0,-0.19,20260815,independent_pool,0,20310815,20320815,20,120,72
17,v2_independent_pool_r0,agentic_intent_hijack|0.62|0.76|0.4|0.4|0.49|0.98|0.9,agentic_intent_hijack,-0.16766712332590128,0.882458543820533,True,0.0,1.0,0.9270371327945729,12,False,0.0,0.0,-0.16,-0.03,0.0,0.0,-0.19,20260815,independent_pool,0,20310815,20320815,20,120,72
18,v2_independent_pool_r0,adaptive_card_testing|0.76|0.86|0.48|0.05|0.98|0.83|0.31,adaptive_card_testing,-0.18709544795011013,0.984712883947948,True,0.0,1.0,0.9323235757913007,12,False,0.0,0.0,-0.16,-0.03,0.0,0.0,-0.19,20260815,independent_pool,0,20310815,20320815,20,120,72
19,v2_independent_pool_r0,synthetic_identity_bustout|0.97|1.05|0.05|0.05|0.91|0.98|0.96,synthetic_identity_bustout,-0.1882824,0.99096,True,0.0,1.0,0.9079788683414161,12,False,0.0,0.0,-0.16,-0.03,0.0,0.0,-0.19,20260815,independent_pool,0,20310815,20320815,20,120,72
20,v2_independent_pool_r0,fake_merchant_collusion|0.62|1.53|0.22|0.05|0.71|0.53|0.78,fake_merchant_collusion,-0.18647098383813746,0.9814262307270392,True,0.0,1.0,0.878480318018526,12,False,0.0,0.0,-0.16,-0.03,0.0,0.0,-0.19,20260815,independent_pool,0,20310815,20320815,20,120,72
21,v2_independent_pool_r0,agentic_intent_hijack|0.6|0.63|0.4|0.21|0.7|0.51|0.85,agentic_intent_hijack,-0.1747653998471239,0.919817893932231,True,0.0,1.0,0.9217215408391098,12,False,0.0,0.0,-0.16,-0.03,0.0,0.0,-0.19,20260815,independent_pool,0,20310815,20320815,20,120,72
22,v2_independent_pool_r0,adaptive_card_testing|0.92|1.05|0.05|0.05|0.07|0.58|0.6,adaptive_card_testing,-0.1784176,0.93904,True,0.0,1.0,0.8693939939186647,12,False,0.0,0.0,-0.16,-0.03,0.0,0.0,-0.19,20260815,independent_pool,0,20310815,20320815,20,120,72
23,v2_independent_pool_r0,deepfake_account_takeover|2.09|1.18|0.7|0.31|0.47|0.98|0.73,deepfake_account_takeover,-0.17082147225164962,0.8990603802718401,True,0.0,1.0,0.938963357842309,12,False,0.0,0.0,-0.16,-0.03,0.0,0.0,-0.19,20260815,independent_pool,0,20310815,20320815,20,120,72
24,v2_independent_pool_r0,synthetic_identity_bustout|1.56|1.26|0.05|0.13|0.27|0.54|0.9,synthetic_identity_bustout,-0.17986411375649955,0.946653230297366,True,0.0,1.0,0.894332279657941,12,False,0.0,0.0,-0.16,-0.03,0.0,0.0,-0.19,20260815,independent_pool,0,20310815,20320815,20,120,72
25,v2_independent_pool_r0,fake_merchant_collusion|1.8|0.96|0.31|0.32|0.98|0.76|0.6,fake_merchant_collusion,-0.1881303271718751,0.9901596166940796,True,0.0,1.0,0.906530636476422,12,False,0.0,0.0,-0.16,-0.03,0.0,0.0,-0.19,20260815,independent_pool,0,20310815,20320815,20,120,72
26,v2_independent_pool_r0,ai_app_scam_mule|1.37|0.7|0.19|0.64|0.79|0.65|0.93,ai_app_scam_mule,-0.17018711427857397,0.8957216540977577,True,0.0,1.0,0.943595165493234,12,False,0.0,0.0,-0.16,-0.03,0.0,0.0,-0.19,20260815,independent_pool,0,20310815,20320815,20,120,72
27,v2_independent_pool_r0,deepfake_account_takeover|0.98|0.91|0.48|0.89|0.24|0.75|0.81,deepfake_account_takeover,-0.16489282232823674,0.8678569596222986,True,0.0,1.0,0.9398821771797562,12,False,0.0,0.0,-0.16,-0.03,0.0,0.0,-0.19,20260815,independent_pool,0,20310815,20320815,20,120,72
28,v2_independent_pool_r0,agentic_intent_hijack|0.54|1.44|0.05|0.05|0.76|0.98|0.63,agentic_intent_hijack,-0.1722426,0.9065399999999999,True,0.0,1.0,0.9287270837410073,12,False,0.0,0.0,-0.16,-0.03,0.0,0.0,-0.19,20260815,independent_pool,0,20310815,20320815,20,120,72
29,v2_independent_pool_r0,deepfake_account_takeover|0.88|0.56|0.91|0.16|0.28|0.78|0.8,deepfake_account_takeover,-0.168467412471859,0.8866705919571526,True,0.0,1.0,0.9410214009246888,12,False,0.0,0.0,-0.16,-0.03,0.0,0.0,-0.19,20260815,independent_pool,0,20310815,20320815,20,120,72
30,v2_independent_pool_r0,agentic_intent_hijack|1.85|2.01|0.6|0.1|0.69|0.89|0.79,agentic_intent_hijack,-0.17207519681118175,0.9056589305851671,True,0.0,1.0,0.9324570834461907,12,False,0.0,0.0,-0.16,-0.03,0.0,0.0,-0.19,20260815,independent_pool,0,20310815,20320815,20,120,72
31,v2_independent_pool_r0,synthetic_identity_bustout|0.92|1.07|0.43|0.51|0.77|0.98|0.74,synthetic_identity_bustout,-0.18973052076386468,0.9985816882308667,True,0.0,1.0,0.9013193881091012,12,False,0.0,0.0,-0.16,-0.03,0.0,0.0,-0.19,20260815,independent_pool,0,20310815,20320815,20,120,72
32,v2_independent_pool_r0,ai_app_scam_mule|1.43|1.57|0.05|0.7|0.5|0.98|0.69,ai_app_scam_mule,-0.17037073559375304,0.8966880820723844,True,0.0,1.0,0.9251542388435271,12,False,0.0,0.0,-0.16,-0.03,0.0,0.0,-0.19,20260815,independent_pool,0,20310815,20320815,20,120,72
33,v2_independent_pool_r0,deepfake_account_takeover|0.92|1.98|0.84|0.58|0.47|0.58|0.66,deepfake_account_takeover,-0.17033676181926624,0.8965092727329802,True,0.0,1.0,0.9346011890012319,12,False,0.0,0.0,-0.16,-0.03,0.0,0.0,-0.19,20260815,independent_pool,0,20310815,20320815,20,120,72
34,v2_independent_pool_r0,adaptive_card_testing|1.44|1.61|0.05|0.22|0.63|0.51|0.63,adaptive_card_testing,-0.1874228449391112,0.9864360259953222,True,0.0,1.0,0.8444091171016604,12,False,0.0,0.0,-0.16,-0.03,0.0,0.0,-0.19,20260815,independent_pool,0,20310815,20320815,20,120,72
35,v2_independent_pool_r0,synthetic_identity_bustout|0.52|1.03|0.37|0.05|0.35|0.8|0.62,synthetic_identity_bustout,-0.18373617786488047,0.9670325150783183,True,0.0,1.0,0.8837466328870697,12,False,0.0,0.0,-0.16,-0.03,0.0,0.0,-0.19,20260815,independent_pool,0,20310815,20320815,20,120,72
36,v2_independent_pool_r0,ai_app_scam_mule|0.83|0.68|0.23|0.96|0.09|0.74|0.71,ai_app_scam_mule,-0.16397819993129686,0.8630431575331413,True,0.0,1.0,0.9401400393088083,12,False,0.0,0.0,-0.16,-0.03,0.0,0.0,-0.19,20260815,independent_pool,0,20310815,20320815,20,120,72
37,v2_independent_pool_r0,agentic_intent_hijack|0.74|1.42|0.42|0.12|0.25|0.42|0.9,agentic_intent_hijack,-0.16699375200458141,0.878914484234639,True,0.0,1.0,0.9034096205885427,12,False,0.0,0.0,-0.16,-0.03,0.0,0.0,-0.19,20260815,independent_pool,0,20310815,20320815,20,120,72
38,v2_independent_pool_r0,deepfake_account_takeover|0.63|1.14|0.19|0.7|0.59|0.73|0.39,deepfake_account_takeover,-0.1732036689873583,0.9115982578282016,True,0.0,1.0,0.9358693954556742,12,False,0.0,0.0,-0.16,-0.03,0.0,0.0,-0.19,20260815,independent_pool,0,20310815,20320815,20,120,72
39,v2_independent_pool_r0,agentic_intent_hijack|0.62|0.76|0.4|0.4|0.49|0.98|0.9,agentic_intent_hijack,-0.17194212332590128,0.904958543820533,True,0.0,1.0,0.9197744276347616,12,False,0.0,0.0,-0.16,-0.03,0.0,0.0,-0.19,20260815,independent_pool,0,20310815,20320815,20,120,72
40,v2_independent_pool_r0,adaptive_card_testing|1.25|0.96|0.41|0.05|0.05|0.87|0.5,adaptive_card_testing,-0.18138811456672427,0.9546742871932856,True,0.0,1.0,0.8813887123961046,12,False,0.0,0.0,-0.16,-0.03,0.0,0.0,-0.19,20260815,independent_pool,0,20310815,20320815,20,120,72
41,v2_independent_pool_r0,fake_merchant_collusion|1.39|0.62|0.16|0.09|0.98|0.9|0.95,fake_merchant_collusion,-0.1880978990595702,0.9899889424187904,True,0.0,1.0,0.9026914175551687,12,False,0.0,0.0,-0.16,-0.03,0.0,0.0,-0.19,20260815,independent_pool,0,20310815,20320815,20,120,72
42,v2_independent_pool_r0,deepfake_account_takeover|0.98|0.91|0.48|0.89|0.24|0.75|0.81,deepfake_account_takeover,-0.17011782232823672,0.8953569596222986,True,0.0,1.0,0.9366650204285633,12,False,0.0,0.0,-0.16,-0.03,0.0,0.0,-0.19,20260815,independent_pool,0,20310815,20320815,20,120,72
43,v2_independent_pool_r0,agentic_intent_hijack|0.54|1.44|0.05|0.05|0.76|0.98|0.63,agentic_intent_hijack,-0.1735574,0.9134599999999999,True,0.0,1.0,0.9247512448325871,12,False,0.0,0.0,-0.16,-0.03,0.0,0.0,-0.19,20260815,independent_pool,0,20310815,20320815,20,120,72
44,v2_independent_pool_r0,fake_merchant_collusion|0.59|1.37|0.6|0.31|0.85|0.53|0.64,fake_merchant_collusion,-0.18947243473159245,0.9972233406925919,True,0.0,1.0,0.922351706879016,12,False,0.0,0.0,-0.16,-0.03,0.0,0.0,-0.19,20260815,independent_pool,0,20310815,20320815,20,120,72
45,v2_independent_pool_r0,deepfake_account_takeover|0.88|0.56|0.91|0.16|0.28|0.78|0.8,deepfake_account_takeover,-0.167042412471859,0.8791705919571526,True,0.0,1.0,0.9400125458537545,12,False,0.0,0.0,-0.16,-0.03,0.0,0.0,-0.19,20260815,independent_pool,0,20310815,20320815,20,120,72
46,v2_independent_pool_r0,synthetic_identity_bustout|0.52|1.03|0.37|0.05|0.35|0.8|0.62,synthetic_identity_bustout,-0.1818361778648805,0.9570325150783183,True,0.0,1.0,0.9005775381898017,12,False,0.0,0.0,-0.16,-0.03,0.0,0.0,-0.19,20260815,independent_pool,0,20310815,20320815,20,120,72
47,v2_independent_pool_r0,agentic_intent_hijack|1.22|1.44|0.35|0.25|0.87|0.37|0.84,agentic_intent_hijack,-0.1706853267464558,0.8983438249813464,True,0.0,1.0,0.9419884336556903,12,False,0.0,0.0,-0.16,-0.03,0.0,0.0,-0.19,20260815,independent_pool,0,20310815,20320815,20,120,72
48,v2_independent_pool_r0,agentic_intent_hijack|1.85|2.01|0.6|0.1|0.69|0.89|0.79,agentic_intent_hijack,-0.16922519681118173,0.890658930585167,True,0.0,1.0,0.9343917886198879,12,False,0.0,0.0,-0.16,-0.03,0.0,0.0,-0.19,20260815,independent_pool,0,20310815,20320815,20,120,72
49,v2_independent_pool_r0,ai_app_scam_mule|0.79|1.05|0.43|0.98|0.46|0.81|0.83,ai_app_scam_mule,-0.17282856,0.909624,True,0.0,1.0,0.9310251118991725,12,False,0.0,0.0,-0.16,-0.03,0.0,0.0,-0.19,20260815,independent_pool,0,20310815,20320815,20,120,72
50,v2_independent_pool_r0,adaptive_card_testing|0.76|0.86|0.48|0.05|0.98|0.83|0.31,adaptive_card_testing,-0.1876795520498899,0.987787116052052,True,0.0,1.0,0.9259696244636957,12,False,0.0,0.0,-0.16,-0.03,0.0,0.0,-0.19,20260815,independent_pool,0,20310815,20320815,20,120,72
51,v2_independent_pool_r0,synthetic_identity_bustout|1.82|0.76|0.05|0.05|0.35|0.9|0.66,synthetic_identity_bustout,-0.1788926,0.94154,True,0.0,1.0,0.8945660701589886,12,False,0.0,0.0,-0.16,-0.03,0.0,0.0,-0.19,20260815,independent_pool,0,20310815,20320815,20,120,72
52,v2_independent_pool_r0,ai_app_scam_mule|1.04|0.45|0.25|0.58|0.29|0.6|0.56,ai_app_scam_mule,-0.17176197544450722,0.9040103970763538,True,0.0,1.0,0.9358506491374069,12,False,0.0,0.0,-0.16,-0.03,0.0,0.0,-0.19,20260815,independent_pool,0,20310815,20320815,20,120,72
53,v2_independent_pool_r0,agentic_intent_hijack|0.74|1.42|0.42|0.12|0.25|0.42|0.9,agentic_intent_hijack,-0.16889375200458143,0.888914484234639,True,0.0,1.0,0.918681981469983,12,False,0.0,0.0,-0.16,-0.03,0.0,0.0,-0.19,20260815,independent_pool,0,20310815,20320815,20,120,72
54,v2_independent_pool_r0,synthetic_identity_bustout|1.56|1.26|0.05|0.13|0.27|0.54|0.9,synthetic_identity_bustout,-0.17986411375649955,0.946653230297366,True,0.0,1.0,0.8885564021064597,12,False,0.0,0.0,-0.16,-0.03,0.0,0.0,-0.19,20260815,independent_pool,0,20310815,20320815,20,120,72
55,v2_independent_pool_r0,deepfake_account_takeover|0.63|1.14|0.19|0.7|0.59|0.73|0.39,deepfake_account_takeover,-0.16940366898735834,0.8915982578282018,True,0.0,1.0,0.9433295962373626,12,False,0.0,0.0,-0.16,-0.03,0.0,0.0,-0.19,20260815,independent_pool,0,20310815,20320815,20,120,72
56,v2_independent_pool_r0,fake_merchant_collusion|1.67|1.25|0.14|0.26|0.68|0.97|0.75,fake_merchant_collusion,-0.1849507979226042,0.9734252522242326,True,0.0,1.0,0.9011413668356281,12,False,0.0,0.0,-0.16,-0.03,0.0,0.0,-0.19,20260815,independent_pool,0,20310815,20320815,20,120,72
57,v2_independent_pool_r0,deepfake_account_takeover|0.88|0.56|0.91|0.16|0.28|0.78|0.8,deepfake_account_takeover,-0.163717412471859,0.8616705919571526,True,0.0,1.0,0.9388827381475126,12,False,0.0,0.0,-0.16,-0.03,0.0,0.0,-0.19,20260815,independent_pool,0,20310815,20320815,20,120,72
58,v2_independent_pool_r0,agentic_intent_hijack|0.62|0.76|0.4|0.4|0.49|0.98|0.9,agentic_intent_hijack,-0.17384212332590127,0.914958543820533,True,0.0,1.0,0.9212631920061441,12,False,0.0,0.0,-0.16,-0.03,0.0,0.0,-0.19,20260815,independent_pool,0,20310815,20320815,20,120,72
59,v2_independent_pool_r0,adaptive_card_testing|1.25|0.96|0.41|0.05|0.05|0.87|0.5,adaptive_card_testing,-0.1804381145667243,0.9496742871932857,True,0.0,1.0,0.8777321842247354,12,False,0.0,0.0,-0.16,-0.03,0.0,0.0,-0.19,20260815,independent_pool,0,20310815,20320815,20,120,72
60,v2_independent_pool_r0,agentic_intent_hijack|1.22|1.44|0.35|0.25|0.87|0.37|0.84,agentic_intent_hijack,-0.16941467325354417,0.8916561750186536,True,0.0,1.0,0.9254969671477803,12,False,0.0,0.0,-0.16,-0.03,0.0,0.0,-0.19,20260815,independent_pool,0,20310815,20320815,20,120,72
61,v2_independent_pool_r0,fake_merchant_collusion|0.83|0.57|0.5|0.42|0.98|0.58|0.69,fake_merchant_collusion,-0.18776058322161818,0.9882135959032535,True,0.0,1.0,0.908812442870038,12,False,0.0,0.0,-0.16,-0.03,0.0,0.0,-0.19,20260815,independent_pool,0,20310815,20320815,20,120,72
62,v2_independent_pool_r0,ai_app_scam_mule|1.81|1.23|0.14|0.98|0.35|0.77|0.48,ai_app_scam_mule,-0.16332855999999998,0.8596239999999999,True,0.0,1.0,0.938926046160382,12,False,0.0,0.0,-0.16,-0.03,0.0,0.0,-0.19,20260815,independent_pool,0,20310815,20320815,20,120,72
63,v2_independent_pool_r0,synthetic_identity_bustout|0.92|1.07|0.43|0.51|0.77|0.98|0.74,synthetic_identity_bustout,-0.18551947923613535,0.9764183117691334,True,0.0,1.0,0.9076185083782686,12,False,0.0,0.0,-0.16,-0.03,0.0,0.0,-0.19,20260815,independent_pool,0,20310815,20320815,20,120,72
64,v2_independent_pool_r0,fake_merchant_collusion|0.62|1.53|0.22|0.05|0.71|0.53|0.78,fake_merchant_collusion,-0.18457098383813744,0.9714262307270392,True,0.0,1.0,0.9036292851930172,12,False,0.0,0.0,-0.16,-0.03,0.0,0.0,-0.19,20260815,independent_pool,0,20310815,20320815,20,120,72
65,v2_independent_pool_r0,agentic_intent_hijack|0.74|1.42|0.42|0.12|0.25|0.42|0.9,agentic_intent_hijack,-0.16604375200458144,0.8739144842346391,True,0.0,1.0,0.9110683159885843,12,False,0.0,0.0,-0.16,-0.03,0.0,0.0,-0.19,20260815,independent_pool,0,20310815,20320815,20,120,72
66,v2_independent_pool_r0,deepfake_account_takeover|0.92|1.98|0.84|0.58|0.47|0.58|0.66,deepfake_account_takeover,-0.17261323818073376,0.9084907272670197,True,0.0,1.0,0.9349602275912842,12,False,0.0,0.0,-0.16,-0.03,0.0,0.0,-0.19,20260815,independent_pool,0,20310815,20320815,20,120,72
67,v2_independent_pool_r0,agentic_intent_hijack|1.44|0.66|0.37|0.15|0.83|0.93|0.78,agentic_intent_hijack,-0.17325923112548025,0.9118906901341066,True,0.0,1.0,0.9335113207201551,12,False,0.0,0.0,-0.16,-0.03,0.0,0.0,-0.19,20260815,independent_pool,0,20310815,20320815,20,120,72
68,v2_independent_pool_r0,adaptive_card_testing|0.59|0.85|0.3|0.05|0.81|0.32|0.46,adaptive_card_testing,-0.18497634658517853,0.9735597188693607,True,0.0,1.0,0.8992109750389709,12,False,0.0,0.0,-0.16,-0.03,0.0,0.0,-0.19,20260815,independent_pool,0,20310815,20320815,20,120,72
69,v2_independent_pool_r0,agentic_intent_hijack|0.54|1.44|0.05|0.05|0.76|0.98|0.63,agentic_intent_hijack,-0.1731926,0.91154,True,0.0,1.0,0.9169800813064564,12,False,0.0,0.0,-0.16,-0.03,0.0,0.0,-0.19,20260815,independent_pool,0,20310815,20320815,20,120,72
70,v2_independent_pool_r0,ai_app_scam_mule|1.04|0.45|0.25|0.58|0.29|0.6|0.56,ai_app_scam_mule,-0.1660619754445072,0.8740103970763538,True,0.0,1.0,0.937594155101383,12,False,0.0,0.0,-0.16,-0.03,0.0,0.0,-0.19,20260815,independent_pool,0,20310815,20320815,20,120,72
71,v2_independent_pool_r0,deepfake_account_takeover|0.88|0.56|0.91|0.16|0.28|0.78|0.8,deepfake_account_takeover,-0.166092412471859,0.8741705919571525,True,0.0,1.0,0.938470018002881,12,False,0.0,0.0,-0.16,-0.03,0.0,0.0,-0.19,20260815,independent_pool,0,20310815,20320815,20,120,72
0,v2_independent_pool_r1,synthetic_identity_bustout|0.51|1.39|0.73|0.56|0.7|0.96|0.82,synthetic_identity_bustout,-0.18717772589593396,0.9851459257680735,True,0.0,1.0,0.9002832134300451,12,False,0.0,0.0,-0.16,-0.03,0.0,0.0,-0.19,20260815,independent_pool,1,20311824,20321828,20,120,72
1,v2_independent_pool_r1,ai_app_scam_mule|1.8|0.57|0.47|0.71|0.64|0.71|0.85,ai_app_scam_mule,-0.17313483462756346,0.9112359717240182,True,0.0,1.0,0.9422961671488802,12,False,0.0,0.0,-0.16,-0.03,0.0,0.0,-0.19,20260815,independent_pool,1,20311824,20321828,20,120,72
2,v2_independent_pool_r1,fake_merchant_collusion|0.52|0.72|0.09|0.07|0.98|0.98|0.89,fake_merchant_collusion,-0.18920697277810755,0.9958261725163555,True,0.0,1.0,0.8849529017686034,12,False,0.0,0.0,-0.16,-0.03,0.0,0.0,-0.19,20260815,independent_pool,1,20311824,20321828,20,120,72
3,v2_independent_pool_r1,deepfake_account_takeover|1.38|2.0|0.95|0.7|0.31|0.61|0.74,deepfake_account_takeover,-0.17264334022852637,0.9086491590975072,True,0.0,1.0,0.9388756158470585,12,False,0.0,0.0,-0.16,-0.03,0.0,0.0,-0.19,20260815,independent_pool,1,20311824,20321828,20,120,72
4,v2_independent_pool_r1,ai_app_scam_mule|0.45|1.05|0.49|0.78|0.05|0.88|0.69,ai_app_scam_mule,-0.16753529648683407,0.8817647183517583,True,0.0,1.0,0.9225047572265436,12,False,0.0,0.0,-0.16,-0.03,0.0,0.0,-0.19,20260815,independent_pool,1,20311824,20321828,20,120,72
5,v2_independent_pool_r1,adaptive_card_testing|1.6|1.07|0.05|0.14|0.05|0.53|0.96,adaptive_card_testing,-0.18069853105805073,0.9510449003055301,True,0.0,1.0,0.8396422764244803,12,False,0.0,0.0,-0.16,-0.03,0.0,0.0,-0.19,20260815,independent_pool,1,20311824,20321828,20,120,72
6,v2_independent_pool_r1,agentic_intent_hijack|1.39|1.42|0.15|0.05|0.73|0.9|0.78,agentic_intent_hijack,-0.16923033988147496,0.890685999376184,True,0.0,1.0,0.924590204323525,12,False,0.0,0.0,-0.16,-0.03,0.0,0.0,-0.19,20260815,independent_pool,1,20311824,20321828,20,120,72
7,v2_independent_pool_r1,adaptive_card_testing|0.7|1.81|0.66|0.44|0.69|0.83|0.46,adaptive_card_testing,-0.18637582411665554,0.9809253900876607,True,0.0,1.0,0.8893225664773636,12,False,0.0,0.0,-0.16,-0.03,0.0,0.0,-0.19,20260815,independent_pool,1,20311824,20321828,20,120,72
8,v2_independent_pool_r1,synthetic_identity_bustout|0.45|0.65|0.1|0.19|0.35|0.8|0.8,synthetic_identity_bustout,-0.18580744131229057,0.9779339016436346,True,0.0,1.0,0.8865651911436725,12,False,0.0,0.0,-0.16,-0.03,0.0,0.0,-0.19,20260815,independent_pool,1,20311824,20321828,20,120,72
9,v2_independent_pool_r1,fake_merchant_collusion|2.18|1.13|0.51|0.35|0.98|0.6|0.77,fake_merchant_collusion,-0.18555467708317355,0.9766035635956503,True,0.0,1.0,0.9056409702297982,12,False,0.0,0.0,-0.16,-0.03,0.0,0.0,-0.19,20260815,independent_pool,1,20311824,20321828,20,120,72
10,v2_independent_pool_r1,deepfake_account_takeover|1.44|0.67|0.78|0.4|0.49|0.92|0.74,deepfake_account_takeover,-0.1723552378000049,0.9071328305263415,True,0.0,1.0,0.9386195496288301,12,False,0.0,0.0,-0.16,-0.03,0.0,0.0,-0.19,20260815,independent_pool,1,20311824,20321828,20,120,72
11,v2_independent_pool_r1,ai_app_scam_mule|1.1|1.13|0.05|0.98|0.65|0.71|0.7,ai_app_scam_mule,-0.16997855999999997,0.8946239999999999,True,0.0,1.0,0.944219495327362,12,False,0.0,0.0,-0.16,-0.03,0.0,0.0,-0.19,20260815,independent_pool,1,20311824,20321828,20,120,72
12,v2_independent_pool_r1,agentic_intent_hijack|0.64|0.63|0.15|0.32|0.48|0.71|0.53,agentic_intent_hijack,-0.17380345086596524,0.9147550045577117,True,0.0,1.0,0.9147128447252864,12,False,0.0,0.0,-0.16,-0.03,0.0,0.0,-0.19,20260815,independent_pool,1,20311824,20321828,20,120,72
13,v2_independent_pool_r1,synthetic_identity_bustout|1.64|1.17|0.05|0.05|0.67|0.7|0.48,synthetic_identity_bustout,-0.18554260000000003,0.9765400000000001,True,0.0,1.0,0.9097932966565989,12,False,0.0,0.0,-0.16,-0.03,0.0,0.0,-0.19,20260815,independent_pool,1,20311824,20321828,20,120,72
14,v2_independent_pool_r1,agentic_intent_hijack|0.96|1.8|0.42|0.26|0.66|0.36|0.93,agentic_intent_hijack,-0.1721342272716637,0.9059696172192826,True,0.0,1.0,0.9215460195600561,12,False,0.0,0.0,-0.16,-0.03,0.0,0.0,-0.19,20260815,independent_pool,1,20311824,20321828,20,120,72
15,v2_independent_pool_r1,adaptive_card_testing|0.61|0.74|0.05|0.05|0.8|0.59|0.56,adaptive_card_testing,-0.1860176,0.97904,True,0.0,1.0,0.902082189978476,12,False,0.0,0.0,-0.16,-0.03,0.0,0.0,-0.19,20260815,independent_pool,1,20311824,20321828,20,120,72
16,v2_independent_pool_r1,ai_app_scam_mule|0.97|1.41|0.66|0.43|0.05|0.63|0.86,ai_app_scam_mule,-0.17039482142761292,0.8968148496190154,True,0.0,1.0,0.9294877761552595,12,False,0.0,0.0,-0.16,-0.03,0.0,0.0,-0.19,20260815,independent_pool,1,20311824,20321828,20,120,72
17,v2_independent_pool_r1,fake_merchant_collusion|0.96|0.58|0.62|0.06|0.91|0.62|0.65,fake_merchant_collusion,-0.1897267068626539,0.9985616150665995,True,0.0,1.0,0.9169589662885262,12,False,0.0,0.0,-0.16,-0.03,0.0,0.0,-0.19,20260815,independent_pool,1,20311824,20321828,20,120,72
18,v2_independent_pool_r1,synthetic_identity_bustout|0.51|1.39|0.73|0.56|0.7|0.96|0.82,synthetic_identity_bustout,-0.18807227410406607,0.9898540742319266,True,0.0,1.0,0.906037614071659,12,False,0.0,0.0,-0.16,-0.03,0.0,0.0,-0.19,20260815,independent_pool,1,20311824,20321828,20,120,72
19,v2_independent_pool_r1,deepfake_account_takeover|0.82|0.91|0.6|0.83|0.05|0.82|0.67,deepfake_account_takeover,-0.16411920676370173,0.8637852987563249,True,0.0,1.0,0.9362374735314626,12,False,0.0,0.0,-0.16,-0.03,0.0,0.0,-0.19,20260815,independent_pool,1,20311824,20321828,20,120,72
20,v2_independent_pool_r1,ai_app_scam_mule|1.82|0.67|0.11|0.6|0.13|0.98|0.63,ai_app_scam_mule,-0.16161882294294408,0.850625383910232,True,0.0,1.0,0.9341475321600425,12,False,0.0,0.0,-0.16,-0.03,0.0,0.0,-0.19,20260815,independent_pool,1,20311824,20321828,20,120,72
21,v2_independent_pool_r1,synthetic_identity_bustout|2.2|0.86|0.29|0.2|0.73|0.89|0.98,synthetic_identity_bustout,-0.1793856670120611,0.9441350895371636,True,0.0,1.0,0.9316098499560193,12,False,0.0,0.0,-0.16,-0.03,0.0,0.0,-0.19,20260815,independent_pool,1,20311824,20321828,20,120,72
22,v2_independent_pool_r1,deepfake_account_takeover|0.86|0.93|0.57|0.14|0.48|0.98|0.43,deepfake_account_takeover,-0.16719036548447527,0.8799492920235541,True,0.0,1.0,0.9397354662553226,12,False,0.0,0.0,-0.16,-0.03,0.0,0.0,-0.19,20260815,independent_pool,1,20311824,20321828,20,120,72
23,v2_independent_pool_r1,adaptive_card_testing|1.08|0.58|0.45|0.22|0.57|0.59|0.48,adaptive_card_testing,-0.18759566105441508,0.9873455844969214,True,0.0,1.0,0.9128104507194014,12,False,0.0,0.0,-0.16,-0.03,0.0,0.0,-0.19,20260815,independent_pool,1,20311824,20321828,20,120,72
24,v2_independent_pool_r1,agentic_intent_hijack|1.78|0.78|0.31|0.05|0.79|0.98|0.88,agentic_intent_hijack,-0.17392833947665365,0.9154123130350191,True,0.0,1.0,0.9333011254419631,12,False,0.0,0.0,-0.16,-0.03,0.0,0.0,-0.19,20260815,independent_pool,1,20311824,20321828,20,120,72
25,v2_independent_pool_r1,ai_app_scam_mule|1.1|1.13|0.05|0.98|0.65|0.71|0.7,ai_app_scam_mule,-0.16997855999999997,0.8946239999999999,True,0.0,1.0,0.9449018881533009,12,False,0.0,0.0,-0.16,-0.03,0.0,0.0,-0.19,20260815,independent_pool,1,20311824,20321828,20,120,72
26,v2_independent_pool_r1,fake_merchant_collusion|0.52|0.72|0.09|0.07|0.98|0.98|0.89,fake_merchant_collusion,-0.18920697277810755,0.9958261725163555,True,0.0,1.0,0.8999805752925655,12,False,0.0,0.0,-0.16,-0.03,0.0,0.0,-0.19,20260815,independent_pool,1,20311824,20321828,20,120,72
27,v2_independent_pool_r1,adaptive_card_testing|0.7|1.81|0.66|0.44|0.69|0.83|0.46,adaptive_card_testing,-0.18922582411665556,0.9959253900876608,True,0.0,1.0,0.9015470074634439,12,False,0.0,0.0,-0.16,-0.03,0.0,0.0,-0.19,20260815,independent_pool,1,20311824,20321828,20,120,72
28,v2_independent_pool_r1,adaptive_card_testing|1.6|1.07|0.05|0.14|0.05|0.53|0.96,adaptive_card_testing,-0.1797485310580507,0.94604490030553,True,0.0,1.0,0.8589744533398718,12,False,0.0,0.0,-0.16,-0.03,0.0,0.0,-0.19,20260815,independent_pool,1,20311824,20321828,20,120,72
29,v2_independent_pool_r1,synthetic_identity_bustout|1.03|1.69|0.4|0.2|0.1|0.75|0.62,synthetic_identity_bustout,-0.18006034424489345,0.9476860223415444,True,0.0,1.0,0.8967744557421669,12,False,0.0,0.0,-0.16,-0.03,0.0,0.0,-0.19,20260815,independent_pool,1,20311824,20321828,20,120,72
30,v2_independent_pool_r1,ai_app_scam_mule|0.97|1.41|0.66|0.43|0.05|0.63|0.86,ai_app_scam_mule,-0.16421982142761293,0.8643148496190154,True,0.0,1.0,0.9229549544509273,12,False,0.0,0.0,-0.16,-0.03,0.0,0.0,-0.19,20260815,independent_pool,1,20311824,20321828,20,120,72
31,v2_independent_pool_r1,synthetic_identity_bustout|1.35|0.84|0.11|0.66|0.41|0.73|0.63,synthetic_identity_bustout,-0.18508641724560945,0.9741390381347865,True,0.0,1.0,0.906108518983472,12,False,0.0,0.0,-0.16,-0.03,0.0,0.0,-0.19,20260815,independent_pool,1,20311824,20321828,20,120,72
32,v2_independent_pool_r1,agentic_intent_hijack|0.96|1.8|0.42|0.26|0.66|0.36|0.93,agentic_intent_hijack,-0.17271577272833627,0.9090303827807171,True,0.0,1.0,0.9264268646498497,12,False,0.0,0.0,-0.16,-0.03,0.0,0.0,-0.19,20260815,independent_pool,1,20311824,20321828,20,120,72
33,v2_independent_pool_r1,fake_merchant_collusion|2.18|1.13|0.51|0.35|0.98|0.6|0.77,fake_merchant_collusion,-0.18067032291682644,0.9508964364043497,True,0.0,1.0,0.9262635389710602,12,False,0.0,0.0,-0.16,-0.03,0.0,0.0,-0.19,20260815,independent_pool,1,20311824,20321828,20,120,72
34,v2_independent_pool_r1,ai_app_scam_mule|0.72|1.46|0.05|0.87|0.18|0.93|0.62,ai_app_scam_mule,-0.16462077982184178,0.866425156957062,True,0.0,1.0,0.9360073627259818,12,False,0.0,0.0,-0.16,-0.03,0.0,0.0,-0.19,20260815,independent_pool,1,20311824,20321828,20,120,72
35,v2_independent_pool_r1,ai_app_scam_mule|1.8|0.57|0.47|0.71|0.64|0.71|0.85,ai_app_scam_mule,-0.17171516537243653,0.9037640282759818,True,0.0,1.0,0.9417348540943195,12,False,0.0,0.0,-0.16,-0.03,0.0,0.0,-0.19,20260815,independent_pool,1,20311824,20321828,20,120,72
36,v2_independent_pool_r1,synthetic_identity_bustout|1.64|1.17|0.05|0.05|0.67|0.7|0.48,synthetic_identity_bustout,-0.1831676,0.96404,True,0.0,1.0,0.9139332359869474,12,False,0.0,0.0,-0.16,-0.03,0.0,0.0,-0.19,20260815,independent_pool,1,20311824,20321828,20,120,72
37,v2_independent_pool_r1,agentic_intent_hijack|0.64|0.63|0.15|0.32|0.48|0.71|0.53,agentic_intent_hijack,-0.17380345086596524,0.9147550045577117,True,0.0,1.0,0.9313519796009392,12,False,0.0,0.0,-0.16,-0.03,0.0,0.0,-0.19,20260815,independent_pool,1,20311824,20321828,20,120,72
38,v2_independent_pool_r1,deepfake_account_takeover|1.17|1.81|0.69|0.74|0.71|0.83|0.72,deepfake_account_takeover,-0.17017360633215015,0.8956505596428955,True,0.0,1.0,0.9439835982178827,12,False,0.0,0.0,-0.16,-0.03,0.0,0.0,-0.19,20260815,independent_pool,1,20311824,20321828,20,120,72
39,v2_independent_pool_r1,synthetic_identity_bustout|0.51|1.39|0.73|0.56|0.7|0.96|0.82,synthetic_identity_bustout,-0.18379727410406604,0.9673540742319265,True,0.0,1.0,0.9112855640131974,12,False,0.0,0.0,-0.16,-0.03,0.0,0.0,-0.19,20260815,independent_pool,1,20311824,20321828,20,120,72
40,v2_independent_pool_r1,adaptive_card_testing|0.61|0.74|0.05|0.05|0.8|0.59|0.56,adaptive_card_testing,-0.1882824,0.99096,True,0.0,1.0,0.8941233156641935,12,False,0.0,0.0,-0.16,-0.03,0.0,0.0,-0.19,20260815,independent_pool,1,20311824,20321828,20,120,72
41,v2_independent_pool_r1,deepfake_account_takeover|1.13|0.69|0.66|0.51|0.26|0.5|0.59,deepfake_account_takeover,-0.1675749061505923,0.8819731902662753,True,0.0,1.0,0.9380237648933057,12,False,0.0,0.0,-0.16,-0.03,0.0,0.0,-0.19,20260815,independent_pool,1,20311824,20321828,20,120,72
42,v2_independent_pool_r1,ai_app_scam_mule|0.63|0.85|0.55|0.98|0.07|0.97|0.78,ai_app_scam_mule,-0.16902856,0.889624,True,0.0,1.0,0.9380857595513188,12,False,0.0,0.0,-0.16,-0.03,0.0,0.0,-0.19,20260815,independent_pool,1,20311824,20321828,20,120,72
43,v2_independent_pool_r1,adaptive_card_testing|1.6|1.07|0.05|0.14|0.05|0.53|0.96,adaptive_card_testing,-0.18069853105805067,0.9510449003055299,True,0.0,1.0,0.8546603153702724,12,False,0.0,0.0,-0.16,-0.03,0.0,0.0,-0.19,20260815,independent_pool,1,20311824,20321828,20,120,72
44,v2_independent_pool_r1,agentic_intent_hijack|1.56|1.8|0.34|0.05|0.39|0.63|0.64,agentic_intent_hijack,-0.16504303714390975,0.8686475639153144,True,0.0,1.0,0.9140158699463462,12,False,0.0,0.0,-0.16,-0.03,0.0,0.0,-0.19,20260815,independent_pool,1,20311824,20321828,20,120,72
45,v2_independent_pool_r1,ai_app_scam_mule|0.97|1.41|0.66|0.43|0.05|0.63|0.86,ai_app_scam_mule,-0.16611982142761292,0.8743148496190154,True,0.0,1.0,0.9121005909231128,12,False,0.0,0.0,-0.16,-0.03,0.0,0.0,-0.19,20260815,independent_pool,1,20311824,20321828,20,120,72
46,v2_independent_pool_r1,fake_merchant_collusion|0.96|0.58|0.62|0.06|0.91|0.62|0.65,fake_merchant_collusion,-0.1897267068626539,0.9985616150665995,True,0.0,1.0,0.9140468104134344,12,False,0.0,0.0,-0.16,-0.03,0.0,0.0,-0.19,20260815,independent_pool,1,20311824,20321828,20,120,72
47,v2_independent_pool_r1,ai_app_scam_mule|0.75|0.95|0.05|0.7|0.4|0.94|0.35,ai_app_scam_mule,-0.16092423959396437,0.8469696820734967,True,0.0,1.0,0.9375908877925471,12,False,0.0,0.0,-0.16,-0.03,0.0,0.0,-0.19,20260815,independent_pool,1,20311824,20321828,20,120,72
48,v2_independent_pool_r1,adaptive_card_testing|0.7|1.81|0.66|0.44|0.69|0.83|0.46,adaptive_card_testing,-0.18602417588334447,0.9790746099123393,True,0.0,1.0,0.8848784789999522,12,False,0.0,0.0,-0.16,-0.03,0.0,0.0,-0.19,20260815,independent_pool,1,20311824,20321828,20,120,72
49,v2_independent_pool_r1,synthetic_identity_bustout|1.35|0.84|0.11|0.66|0.41|0.73|0.63,synthetic_identity_bustout,-0.18366141724560942,0.9666390381347864,True,0.0,1.0,0.9155427249622622,12,False,0.0,0.0,-0.16,-0.03,0.0,0.0,-0.19,20260815,independent_pool,1,20311824,20321828,20,120,72
50,v2_independent_pool_r1,agentic_intent_hijack|1.78|0.78|0.31|0.05|0.79|0.98|0.88,agentic_intent_hijack,-0.17250333947665364,0.9079123130350192,True,0.0,1.0,0.9325713089389205,12,False,0.0,0.0,-0.16,-0.03,0.0,0.0,-0.19,20260815,independent_pool,1,20311824,20321828,20,120,72
51,v2_independent_pool_r1,fake_merchant_collusion|1.25|1.31|0.2|0.31|0.71|0.96|0.69,fake_merchant_collusion,-0.18991833968072577,0.9995702088459251,True,0.0,1.0,0.8942295815437692,12,False,0.0,0.0,-0.16,-0.03,0.0,0.0,-0.19,20260815,independent_pool,1,20311824,20321828,20,120,72
52,v2_independent_pool_r1,deepfake_account_takeover|0.86|0.93|0.57|0.14|0.48|0.98|0.43,deepfake_account_takeover,-0.16624036548447527,0.874949292023554,True,0.0,1.0,0.9332412108978209,12,False,0.0,0.0,-0.16,-0.03,0.0,0.0,-0.19,20260815,independent_pool,1,20311824,20321828,20,120,72
53,v2_independent_pool_r1,agentic_intent_hijack|0.96|1.8|0.42|0.26|0.66|0.36|0.93,agentic_intent_hijack,-0.17366577272833628,0.9140303827807172,True,0.0,1.0,0.9171259610587906,12,False,0.0,0.0,-0.16,-0.03,0.0,0.0,-0.19,20260815,independent_pool,1,20311824,20321828,20,120,72
54,v2_independent_pool_r1,ai_app_scam_mule|1.8|0.57|0.47|0.71|0.64|0.71|0.85,ai_app_scam_mule,-0.17266516537243654,0.9087640282759817,True,0.0,1.0,0.9419889890982368,12,False,0.0,0.0,-0.16,-0.03,0.0,0.0,-0.19,20260815,independent_pool,1,20311824,20321828,20,120,72
55,v2_independent_pool_r1,ai_app_scam_mule|0.97|1.41|0.66|0.43|0.05|0.63|0.86,ai_app_scam_mule,-0.1689698214276129,0.8893148496190153,True,0.0,1.0,0.9289297074975725,12,False,0.0,0.0,-0.16,-0.03,0.0,0.0,-0.19,20260815,independent_pool,1,20311824,20321828,20,120,72
56,v2_independent_pool_r1,agentic_intent_hijack|0.64|0.63|0.15|0.32|0.48|0.71|0.53,agentic_intent_hijack,-0.17000345086596524,0.8947550045577117,True,0.0,1.0,0.9241189780546571,12,False,0.0,0.0,-0.16,-0.03,0.0,0.0,-0.19,20260815,independent_pool,1,20311824,20321828,20,120,72
57,v2_independent_pool_r1,adaptive_card_testing|1.6|1.07|0.05|0.14|0.05|0.53|0.96,adaptive_card_testing,-0.18069853105805067,0.9510449003055299,True,0.0,1.0,0.8768284980353004,12,False,0.0,0.0,-0.16,-0.03,0.0,0.0,-0.19,20260815,independent_pool,1,20311824,20321828,20,120,72
58,v2_independent_pool_r1,adaptive_card_testing|0.7|1.81|0.66|0.44|0.69|0.83|0.46,adaptive_card_testing,-0.18982417588334446,0.9990746099123393,True,0.0,1.0,0.8719491558519588,12,False,0.0,0.0,-0.16,-0.03,0.0,0.0,-0.19,20260815,independent_pool,1,20311824,20321828,20,120,72
59,v2_independent_pool_r1,ai_app_scam_mule|1.1|1.13|0.05|0.98|0.65|0.71|0.7,ai_app_scam_mule,-0.16475356,0.8671239999999999,True,0.0,1.0,0.9471886062905105,12,False,0.0,0.0,-0.16,-0.03,0.0,0.0,-0.19,20260815,independent_pool,1,20311824,20321828,20,120,72
60,v2_independent_pool_r1,fake_merchant_collusion|0.52|0.72|0.09|0.07|0.98|0.98|0.89,fake_merchant_collusion,-0.18841802722189244,0.9916738274836444,True,0.0,1.0,0.9115396263301404,12,False,0.0,0.0,-0.16,-0.03,0.0,0.0,-0.19,20260815,independent_pool,1,20311824,20321828,20,120,72
61,v2_independent_pool_r1,synthetic_identity_bustout|1.64|1.17|0.05|0.05|0.67|0.7|0.48,synthetic_identity_bustout,-0.1882824,0.99096,True,0.0,1.0,0.8929822326038837,12,False,0.0,0.0,-0.16,-0.03,0.0,0.0,-0.19,20260815,independent_pool,1,20311824,20321828,20,120,72
62,v2_independent_pool_r1,ai_app_scam_mule|0.63|0.85|0.55|0.98|0.07|0.97|0.78,ai_app_scam_mule,-0.16997855999999997,0.8946239999999999,True,0.0,1.0,0.9288014172612828,12,False,0.0,0.0,-0.16,-0.03,0.0,0.0,-0.19,20260815,independent_pool,1,20311824,20321828,20,120,72
63,v2_independent_pool_r1,deepfake_account_takeover|1.38|2.0|0.95|0.7|0.31|0.61|0.74,deepfake_account_takeover,-0.16698165977147358,0.8788508409024925,True,0.0,1.0,0.9395976741427674,12,False,0.0,0.0,-0.16,-0.03,0.0,0.0,-0.19,20260815,independent_pool,1,20311824,20321828,20,120,72
64,v2_independent_pool_r1,synthetic_identity_bustout|0.51|1.39|0.73|0.56|0.7|0.96|0.82,synthetic_identity_bustout,-0.18902227410406605,0.9948540742319265,True,0.0,1.0,0.9046869207104562,12,False,0.0,0.0,-0.16,-0.03,0.0,0.0,-0.19,20260815,independent_pool,1,20311824,20321828,20,120,72
65,v2_independent_pool_r1,agentic_intent_hijack|1.64|1.12|0.48|0.44|0.7|0.62|0.57,agentic_intent_hijack,-0.16903688980869874,0.8896678410984145,True,0.0,1.0,0.9273270511314878,12,False,0.0,0.0,-0.16,-0.03,0.0,0.0,-0.19,20260815,independent_pool,1,20311824,20321828,20,120,72
66,v2_independent_pool_r1,ai_app_scam_mule|0.72|1.46|0.05|0.87|0.18|0.93|0.62,ai_app_scam_mule,-0.1584457798218418,0.8339251569570622,True,0.0,1.0,0.9345118744736363,12,False,0.0,0.0,-0.16,-0.03,0.0,0.0,-0.19,20260815,independent_pool,1,20311824,20321828,20,120,72
67,v2_independent_pool_r1,synthetic_identity_bustout|0.45|0.65|0.1|0.19|0.35|0.8|0.8,synthetic_identity_bustout,-0.18200744131229057,0.9579339016436346,True,0.0,1.0,0.8886521152387424,12,False,0.0,0.0,-0.16,-0.03,0.0,0.0,-0.19,20260815,independent_pool,1,20311824,20321828,20,120,72
68,v2_independent_pool_r1,deepfake_account_takeover|0.82|0.91|0.6|0.83|0.05|0.82|0.67,deepfake_account_takeover,-0.16506920676370174,0.8687852987563249,True,0.0,1.0,0.9387728470208039,12,False,0.0,0.0,-0.16,-0.03,0.0,0.0,-0.19,20260815,independent_pool,1,20311824,20321828,20,120,72
69,v2_independent_pool_r1,agentic_intent_hijack|1.78|0.78|0.31|0.05|0.79|0.98|0.88,agentic_intent_hijack,-0.16680333947665363,0.8779123130350192,True,0.0,1.0,0.932224435868143,12,False,0.0,0.0,-0.16,-0.03,0.0,0.0,-0.19,20260815,independent_pool,1,20311824,20321828,20,120,72
70,v2_independent_pool_r1,agentic_intent_hijack|0.96|1.8|0.42|0.26|0.66|0.36|0.93,agentic_intent_hijack,-0.17271577272833627,0.9090303827807171,True,0.0,1.0,0.9219005948914208,12,False,0.0,0.0,-0.16,-0.03,0.0,0.0,-0.19,20260815,independent_pool,1,20311824,20321828,20,120,72
71,v2_independent_pool_r1,ai_app_scam_mule|1.8|0.57|0.47|0.71|0.64|0.71|0.85,ai_app_scam_mule,-0.17124016537243653,0.9012640282759817,True,0.0,1.0,0.941352395095334,12,False,0.0,0.0,-0.16,-0.03,0.0,0.0,-0.19,20260815,independent_pool,1,20311824,20321828,20,120,72
0,v2_independent_pool_r2,fake_merchant_collusion|0.66|2.1|0.3|0.32|0.98|0.96|0.69,fake_merchant_collusion,-0.18716092863945252,0.9850575191550133,True,0.0,1.0,0.9008890301068201,12,False,0.0,0.0,-0.16,-0.03,0.0,0.0,-0.19,20260815,independent_pool,2,20312833,20322841,20,120,72
1,v2_independent_pool_r2,ai_app_scam_mule|0.96|0.45|0.06|0.86|0.21|0.55|0.67,ai_app_scam_mule,-0.1675452865899211,0.88181729784169,True,0.0,1.0,0.9378931152732323,12,False,0.0,0.0,-0.16,-0.03,0.0,0.0,-0.19,20260815,independent_pool,2,20312833,20322841,20,120,72
2,v2_independent_pool_r2,deepfake_account_takeover|1.52|0.88|0.9|0.26|0.13|0.92|0.89,deepfake_account_takeover,-0.16045328747271914,0.8444909866985217,True,0.0,1.0,0.9396871123505992,12,False,0.0,0.0,-0.16,-0.03,0.0,0.0,-0.19,20260815,independent_pool,2,20312833,20322841,20,120,72
3,v2_independent_pool_r2,synthetic_identity_bustout|0.45|0.8|0.05|0.05|0.48|0.85|0.93,synthetic_identity_bustout,-0.1855426,0.97654,True,0.0,1.0,0.890036770381391,12,False,0.0,0.0,-0.16,-0.03,0.0,0.0,-0.19,20260815,independent_pool,2,20312833,20322841,20,120,72
4,v2_independent_pool_r2,agentic_intent_hijack|1.89|1.12|0.19|0.21|0.98|0.83|0.69,agentic_intent_hijack,-0.17040624792821962,0.8968749890958927,True,0.0,1.0,0.9334648317414777,12,False,0.0,0.0,-0.16,-0.03,0.0,0.0,-0.19,20260815,independent_pool,2,20312833,20322841,20,120,72
5,v2_independent_pool_r2,ai_app_scam_mule|0.75|2.07|0.36|0.8|0.05|0.74|0.51,ai_app_scam_mule,-0.16402992616737608,0.8633154008809267,True,0.0,1.0,0.9344129392901754,12,False,0.0,0.0,-0.16,-0.03,0.0,0.0,-0.19,20260815,independent_pool,2,20312833,20322841,20,120,72
6,v2_independent_pool_r2,adaptive_card_testing|1.81|0.83|0.46|0.05|0.66|0.33|0.56,adaptive_card_testing,-0.18643835993807853,0.981254525989887,True,0.0,1.0,0.8993019413160254,12,False,0.0,0.0,-0.16,-0.03,0.0,0.0,-0.19,20260815,independent_pool,2,20312833,20322841,20,120,72
7,v2_independent_pool_r2,deepfake_account_takeover|0.52|0.89|0.63|0.57|0.63|0.7|0.75,deepfake_account_takeover,-0.17459274966676022,0.9189092087724222,True,0.0,1.0,0.9384509591558499,12,False,0.0,0.0,-0.16,-0.03,0.0,0.0,-0.19,20260815,independent_pool,2,20312833,20322841,20,120,72
8,v2_independent_pool_r2,fake_merchant_collusion|0.82|0.59|0.05|0.05|0.83|0.75|0.98,fake_merchant_collusion,-0.1893426,0.99654,True,0.0,1.0,0.898665931264512,12,False,0.0,0.0,-0.16,-0.03,0.0,0.0,-0.19,20260815,independent_pool,2,20312833,20322841,20,120,72
9,v2_independent_pool_r2,adaptive_card_testing|0.46|0.96|0.34|0.05|0.35|0.72|0.69,adaptive_card_testing,-0.17890345923218257,0.9415971538535924,True,0.0,1.0,0.8818691811967218,12,False,0.0,0.0,-0.16,-0.03,0.0,0.0,-0.19,20260815,independent_pool,2,20312833,20322841,20,120,72
10,v2_independent_pool_r2,agentic_intent_hijack|0.63|0.81|0.43|0.18|0.98|0.59|0.97,agentic_intent_hijack,-0.16754941479586416,0.8818390252413904,True,0.0,1.0,0.9266223660079725,12,False,0.0,0.0,-0.16,-0.03,0.0,0.0,-0.19,20260815,independent_pool,2,20312833,20322841,20,120,72
11,v2_independent_pool_r2,synthetic_identity_bustout|1.08|1.41|0.44|0.43|0.46|0.49|0.52,synthetic_identity_bustout,-0.18240036640649623,0.9600019284552433,True,0.0,1.0,0.8981129910843143,12,False,0.0,0.0,-0.16,-0.03,0.0,0.0,-0.19,20260815,independent_pool,2,20312833,20322841,20,120,72
12,v2_independent_pool_r2,ai_app_scam_mule|1.25|1.9|0.22|0.81|0.39|0.52|0.82,ai_app_scam_mule,-0.16721904874052956,0.880100256529103,True,0.0,1.0,0.9282721094403231,12,False,0.0,0.0,-0.16,-0.03,0.0,0.0,-0.19,20260815,independent_pool,2,20312833,20322841,20,120,72
13,v2_independent_pool_r2,fake_merchant_collusion|0.66|2.1|0.3|0.32|0.98|0.96|0.69,fake_merchant_collusion,-0.18668592863945252,0.9825575191550132,True,0.0,1.0,0.9042911224575886,12,False,0.0,0.0,-0.16,-0.03,0.0,0.0,-0.19,20260815,independent_pool,2,20312833,20322841,20,120,72
14,v2_independent_pool_r2,deepfake_account_takeover|1.11|1.44|0.98|0.51|0.21|0.68|0.31,deepfake_account_takeover,-0.16807856,0.8846239999999999,True,0.0,1.0,0.9313022452099277,12,False,0.0,0.0,-0.16,-0.03,0.0,0.0,-0.19,20260815,independent_pool,2,20312833,20322841,20,120,72
15,v2_independent_pool_r2,ai_app_scam_mule|0.58|0.89|0.48|0.68|0.45|0.98|0.61,ai_app_scam_mule,-0.17235052444992796,0.9071080234206734,True,0.0,1.0,0.9301346536353162,12,False,0.0,0.0,-0.16,-0.03,0.0,0.0,-0.19,20260815,independent_pool,2,20312833,20322841,20,120,72
16,v2_independent_pool_r2,agentic_intent_hijack|0.9|1.03|0.27|0.13|0.24|0.68|0.85,agentic_intent_hijack,-0.16877511501555442,0.8882900790292338,True,0.0,1.0,0.9142675846920153,12,False,0.0,0.0,-0.16,-0.03,0.0,0.0,-0.19,20260815,independent_pool,2,20312833,20322841,20,120,72
17,v2_independent_pool_r2,synthetic_identity_bustout|1.4|0.75|0.05|0.11|0.43|0.94|0.73,synthetic_identity_bustout,-0.1839210607004435,0.9680055826339131,True,0.0,1.0,0.8974910362198717,12,False,0.0,0.0,-0.16,-0.03,0.0,0.0,-0.19,20260815,independent_pool,2,20312833,20322841,20,120,72
18,v2_independent_pool_r2,adaptive_card_testing|0.49|1.39|0.28|0.43|0.57|0.81|0.64,adaptive_card_testing,-0.18679155982640497,0.9831134727705524,True,0.0,1.0,0.8904152367531565,12,False,0.0,0.0,-0.16,-0.03,0.0,0.0,-0.19,20260815,independent_pool,2,20312833,20322841,20,120,72
19,v2_independent_pool_r2,ai_app_scam_mule|0.96|0.45|0.06|0.86|0.21|0.55|0.67,ai_app_scam_mule,-0.16849528658992113,0.8868172978416902,True,0.0,1.0,0.9370456175712647,12,False,0.0,0.0,-0.16,-0.03,0.0,0.0,-0.19,20260815,independent_pool,2,20312833,20322841,20,120,72
20,v2_independent_pool_r2,deepfake_account_takeover|1.24|1.03|0.71|0.82|0.25|0.98|0.84,deepfake_account_takeover,-0.16566132479566917,0.8719017094508904,True,0.0,1.0,0.9396375074580517,12,False,0.0,0.0,-0.16,-0.03,0.0,0.0,-0.19,20260815,independent_pool,2,20312833,20322841,20,120,72
21,v2_independent_pool_r2,agentic_intent_hijack|0.55|1.41|0.05|0.21|0.96|0.84|0.61,agentic_intent_hijack,-0.17357084486506597,0.9135307624477156,True,0.0,1.0,0.9235346076701779,12,False,0.0,0.0,-0.16,-0.03,0.0,0.0,-0.19,20260815,independent_pool,2,20312833,20322841,20,120,72
22,v2_independent_pool_r2,agentic_intent_hijack|1.42|1.13|0.71|0.07|0.7|0.5|0.89,agentic_intent_hijack,-0.16461932458327247,0.8664174978066972,True,0.0,1.0,0.9358209309590043,12,False,0.0,0.0,-0.16,-0.03,0.0,0.0,-0.19,20260815,independent_pool,2,20312833,20322841,20,120,72
23,v2_independent_pool_r2,fake_merchant_collusion|1.54|0.9|0.27|0.11|0.83|0.53|0.47,fake_merchant_collusion,-0.1893968110286427,0.9968253212033826,True,0.0,1.0,0.8908941286276342,12,False,0.0,0.0,-0.16,-0.03,0.0,0.0,-0.19,20260815,independent_pool,2,20312833,20322841,20,120,72
24,v2_independent_pool_r2,ai_app_scam_mule|1.25|1.9|0.22|0.81|0.39|0.52|0.82,ai_app_scam_mule,-0.16056904874052957,0.845100256529103,True,0.0,1.0,0.9400569487228102,12,False,0.0,0.0,-0.16,-0.03,0.0,0.0,-0.19,20260815,independent_pool,2,20312833,20322841,20,120,72
25,v2_independent_pool_r2,adaptive_card_testing|1.69|1.13|0.33|0.05|0.12|0.67|0.58,adaptive_card_testing,-0.18224961329101577,0.9592084910053462,True,0.0,1.0,0.8741917417922811,12,False,0.0,0.0,-0.16,-0.03,0.0,0.0,-0.19,20260815,independent_pool,2,20312833,20322841,20,120,72
26,v2_independent_pool_r2,synthetic_identity_bustout|0.46|1.25|0.05|0.11|0.32|0.8|0.71,synthetic_identity_bustout,-0.18299611916938674,0.9631374693125618,True,0.0,1.0,0.8787582976078755,12,False,0.0,0.0,-0.16,-0.03,0.0,0.0,-0.19,20260815,independent_pool,2,20312833,20322841,20,120,72
27,v2_independent_pool_r2,deepfake_account_takeover|0.72|0.91|0.98|0.37|0.58|0.81|0.46,deepfake_account_takeover,-0.16964643999999998,0.8928759999999999,True,0.0,1.0,0.9414165406021612,12,False,0.0,0.0,-0.16,-0.03,0.0,0.0,-0.19,20260815,independent_pool,2,20312833,20322841,20,120,72
28,v2_independent_pool_r2,ai_app_scam_mule|1.37|1.47|0.64|0.9|0.58|0.78|0.71,ai_app_scam_mule,-0.17467458656895488,0.9193399293102889,True,0.0,1.0,0.9469752851696284,12,False,0.0,0.0,-0.16,-0.03,0.0,0.0,-0.19,20260815,independent_pool,2,20312833,20322841,20,120,72
29,v2_independent_pool_r2,agentic_intent_hijack|1.26|0.58|0.39|0.07|0.42|0.64|0.52,agentic_intent_hijack,-0.16975672987139898,0.893456473007363,True,0.0,1.0,0.9294879869050643,12,False,0.0,0.0,-0.16,-0.03,0.0,0.0,-0.19,20260815,independent_pool,2,20312833,20322841,20,120,72
30,v2_independent_pool_r2,deepfake_account_takeover|1.17|0.62|0.36|0.51|0.25|0.47|0.68,deepfake_account_takeover,-0.1730226228859616,0.9106453836103242,True,0.0,1.0,0.93553281054443,12,False,0.0,0.0,-0.16,-0.03,0.0,0.0,-0.19,20260815,independent_pool,2,20312833,20322841,20,120,72
31,v2_independent_pool_r2,deepfake_account_takeover|1.52|0.88|0.9|0.26|0.13|0.92|0.89,deepfake_account_takeover,-0.16045328747271914,0.8444909866985217,True,0.0,1.0,0.9384115470311434,12,False,0.0,0.0,-0.16,-0.03,0.0,0.0,-0.19,20260815,independent_pool,2,20312833,20322841,20,120,72
32,v2_independent_pool_r2,agentic_intent_hijack|1.81|1.44|0.24|0.12|0.69|0.95|0.63,agentic_intent_hijack,-0.17377649864336267,0.9146131507545403,True,0.0,1.0,0.920934910999843,12,False,0.0,0.0,-0.16,-0.03,0.0,0.0,-0.19,20260815,independent_pool,2,20312833,20322841,20,120,72
33,v2_independent_pool_r2,ai_app_scam_mule|1.05|1.04|0.05|0.87|0.08|0.97|0.53,ai_app_scam_mule,-0.1627311158663668,0.8564795571914041,True,0.0,1.0,0.9358516411037661,12,False,0.0,0.0,-0.16,-0.03,0.0,0.0,-0.19,20260815,independent_pool,2,20312833,20322841,20,120,72
34,v2_independent_pool_r2,synthetic_identity_bustout|1.09|0.81|0.15|0.17|0.85|0.98|0.74,synthetic_identity_bustout,-0.18552480667856946,0.9764463509398393,True,0.0,1.0,0.9087882058214837,12,False,0.0,0.0,-0.16,-0.03,0.0,0.0,-0.19,20260815,independent_pool,2,20312833,20322841,20,120,72
35,v2_independent_pool_r2,fake_merchant_collusion|1.29|1.52|0.31|0.05|0.98|0.74|0.98,fake_merchant_collusion,-0.18754417584510552,0.9870746097110816,True,0.0,1.0,0.8990458042443304,12,False,0.0,0.0,-0.16,-0.03,0.0,0.0,-0.19,20260815,independent_pool,2,20312833,20322841,20,120,72
36,v2_independent_pool_r2,deepfake_account_takeover|1.24|1.03|0.71|0.82|0.25|0.98|0.84,deepfake_account_takeover,-0.1739636752043308,0.9155982905491094,True,0.0,1.0,0.9326349463767464,12,False,0.0,0.0,-0.16,-0.03,0.0,0.0,-0.19,20260815,independent_pool,2,20312833,20322841,20,120,72
37,v2_independent_pool_r2,synthetic_identity_bustout|1.08|1.41|0.44|0.43|0.46|0.49|0.52,synthetic_identity_bustout,-0.18572536640649623,0.9775019284552433,True,0.0,1.0,0.897456194845006,12,False,0.0,0.0,-0.16,-0.03,0.0,0.0,-0.19,20260815,independent_pool,2,20312833,20322841,20,120,72
38,v2_independent_pool_r2,adaptive_card_testing|1.81|0.83|0.46|0.05|0.66|0.33|0.56,adaptive_card_testing,-0.18453835993807854,0.971254525989887,True,0.0,1.0,0.9123183855556044,12,False,0.0,0.0,-0.16,-0.03,0.0,0.0,-0.19,20260815,independent_pool,2,20312833,20322841,20,120,72
39,v2_independent_pool_r2,ai_app_scam_mule|0.58|0.89|0.48|0.68|0.45|0.98|0.61,ai_app_scam_mule,-0.17439947555007201,0.9178919765793263,True,0.0,1.0,0.9342328422462264,12,False,0.0,0.0,-0.16,-0.03,0.0,0.0,-0.19,20260815,independent_pool,2,20312833,20322841,20,120,72
40,v2_independent_pool_r2,deepfake_account_takeover|1.11|1.44|0.98|0.51|0.21|0.68|0.31,deepfake_account_takeover,-0.16760355999999998,0.8821239999999999,True,0.0,1.0,0.9378791831545148,12,False,0.0,0.0,-0.16,-0.03,0.0,0.0,-0.19,20260815,independent_pool,2,20312833,20322841,20,120,72
41,v2_independent_pool_r2,agentic_intent_hijack|0.55|1.41|0.05|0.21|0.96|0.84|0.61,agentic_intent_hijack,-0.17452084486506597,0.9185307624477157,True,0.0,1.0,0.940277547233005,12,False,0.0,0.0,-0.16,-0.03,0.0,0.0,-0.19,20260815,independent_pool,2,20312833,20322841,20,120,72
42,v2_independent_pool_r2,ai_app_scam_mule|0.96|0.45|0.06|0.86|0.21|0.55|0.67,ai_app_scam_mule,-0.16897028658992114,0.8893172978416901,True,0.0,1.0,0.9410695572773493,12,False,0.0,0.0,-0.16,-0.03,0.0,0.0,-0.19,20260815,independent_pool,2,20312833,20322841,20,120,72
43,v2_independent_pool_r2,synthetic_identity_bustout|0.5|0.62|0.33|0.05|0.5|0.86|0.93,synthetic_identity_bustout,-0.18512078503483545,0.9743199212359761,True,0.0,1.0,0.8956718699348712,12,False,0.0,0.0,-0.16,-0.03,0.0,0.0,-0.19,20260815,independent_pool,2,20312833,20322841,20,120,72
44,v2_independent_pool_r2,deepfake_account_takeover|1.09|0.74|0.59|0.44|0.87|0.84|0.94,deepfake_account_takeover,-0.16987895657980714,0.8940997714726692,True,0.0,1.0,0.9400414024941025,12,False,0.0,0.0,-0.16,-0.03,0.0,0.0,-0.19,20260815,independent_pool,2,20312833,20322841,20,120,72
45,v2_independent_pool_r2,agentic_intent_hijack|1.42|1.13|0.71|0.07|0.7|0.5|0.89,agentic_intent_hijack,-0.17031932458327248,0.8964174978066972,True,0.0,1.0,0.9304480067134078,12,False,0.0,0.0,-0.16,-0.03,0.0,0.0,-0.19,20260815,independent_pool,2,20312833,20322841,20,120,72
46,v2_independent_pool_r2,ai_app_scam_mule|1.37|1.47|0.64|0.9|0.58|0.78|0.71,ai_app_scam_mule,-0.1663754134310451,0.875660070689711,True,0.0,1.0,0.943759929135648,12,False,0.0,0.0,-0.16,-0.03,0.0,0.0,-0.19,20260815,independent_pool,2,20312833,20322841,20,120,72
47,v2_independent_pool_r2,adaptive_card_testing|0.49|1.39|0.28|0.43|0.57|0.81|0.64,adaptive_card_testing,-0.18394155982640498,0.9681134727705525,True,0.0,1.0,0.8835413174821,12,False,0.0,0.0,-0.16,-0.03,0.0,0.0,-0.19,20260815,independent_pool,2,20312833,20322841,20,120,72
48,v2_independent_pool_r2,deepfake_account_takeover|1.24|1.03|0.71|0.82|0.25|0.98|0.84,deepfake_account_takeover,-0.1699363247956692,0.8944017094508905,True,0.0,1.0,0.9410891610917055,12,False,0.0,0.0,-0.16,-0.03,0.0,0.0,-0.19,20260815,independent_pool,2,20312833,20322841,20,120,72
49,v2_independent_pool_r2,ai_app_scam_mule|0.75|2.07|0.36|0.8|0.05|0.74|0.51,ai_app_scam_mule,-0.1611799261673761,0.8483154008809268,True,0.0,1.0,0.9395651638749675,12,False,0.0,0.0,-0.16,-0.03,0.0,0.0,-0.19,20260815,independent_pool,2,20312833,20322841,20,120,72
50,v2_independent_pool_r2,deepfake_account_takeover|1.52|0.88|0.9|0.26|0.13|0.92|0.89,deepfake_account_takeover,-0.16757828747271913,0.8819909866985217,True,0.0,1.0,0.9338497026082413,12,False,0.0,0.0,-0.16,-0.03,0.0,0.0,-0.19,20260815,independent_pool,2,20312833,20322841,20,120,72
51,v2_independent_pool_r2,fake_merchant_collusion|1.59|0.78|0.39|0.16|0.98|0.75|0.65,fake_merchant_collusion,-0.18800764127912245,0.9895139014690655,True,0.0,1.0,0.9010683119415734,12,False,0.0,0.0,-0.16,-0.03,0.0,0.0,-0.19,20260815,independent_pool,2,20312833,20322841,20,120,72
52,v2_independent_pool_r2,ai_app_scam_mule|1.25|1.9|0.22|0.81|0.39|0.52|0.82,ai_app_scam_mule,-0.16294404874052956,0.857600256529103,True,0.0,1.0,0.9379671845762915,12,False,0.0,0.0,-0.16,-0.03,0.0,0.0,-0.19,20260815,independent_pool,2,20312833,20322841,20,120,72
53,v2_independent_pool_r2,agentic_intent_hijack|0.9|1.03|0.27|0.13|0.24|0.68|0.85,agentic_intent_hijack,-0.1725751150155544,0.9082900790292336,True,0.0,1.0,0.9179710782029811,12,False,0.0,0.0,-0.16,-0.03,0.0,0.0,-0.19,20260815,independent_pool,2,20312833,20322841,20,120,72
54,v2_independent_pool_r2,ai_app_scam_mule|0.96|0.45|0.06|0.86|0.21|0.55|0.67,ai_app_scam_mule,-0.1675452865899211,0.88181729784169,True,0.0,1.0,0.9406707809453408,12,False,0.0,0.0,-0.16,-0.03,0.0,0.0,-0.19,20260815,independent_pool,2,20312833,20322841,20,120,72
55,v2_independent_pool_r2,synthetic_identity_bustout|1.08|1.41|0.44|0.43|0.46|0.49|0.52,synthetic_identity_bustout,-0.18382536640649624,0.9675019284552434,True,0.0,1.0,0.8898894212633163,12,False,0.0,0.0,-0.16,-0.03,0.0,0.0,-0.19,20260815,independent_pool,2,20312833,20322841,20,120,72
56,v2_independent_pool_r2,deepfake_account_takeover|1.61|1.12|0.35|0.3|0.4|0.69|0.64,deepfake_account_takeover,-0.16683932538439064,0.8781017125494244,True,0.0,1.0,0.9244240678047154,12,False,0.0,0.0,-0.16,-0.03,0.0,0.0,-0.19,20260815,independent_pool,2,20312833,20322841,20,120,72
57,v2_independent_pool_r2,agentic_intent_hijack|1.81|1.44|0.24|0.12|0.69|0.95|0.63,agentic_intent_hijack,-0.17140149864336265,0.9021131507545402,True,0.0,1.0,0.9258125866186647,12,False,0.0,0.0,-0.16,-0.03,0.0,0.0,-0.19,20260815,independent_pool,2,20312833,20322841,20,120,72
58,v2_independent_pool_r2,adaptive_card_testing|1.19|0.45|0.2|0.05|0.25|0.58|0.55,adaptive_card_testing,-0.18098881871714628,0.9525727300902436,True,0.0,1.0,0.9139447717592352,12,False,0.0,0.0,-0.16,-0.03,0.0,0.0,-0.19,20260815,independent_pool,2,20312833,20322841,20,120,72
59,v2_independent_pool_r2,ai_app_scam_mule|1.21|1.16|0.16|0.84|0.09|0.84|0.92,ai_app_scam_mule,-0.1658565693453543,0.8729293123439701,True,0.0,1.0,0.931067815093834,12,False,0.0,0.0,-0.16,-0.03,0.0,0.0,-0.19,20260815,independent_pool,2,20312833,20322841,20,120,72
60,v2_independent_pool_r2,agentic_intent_hijack|0.63|0.81|0.43|0.18|0.98|0.59|0.97,agentic_intent_hijack,-0.17419941479586415,0.9168390252413903,True,0.0,1.0,0.931767675266332,12,False,0.0,0.0,-0.16,-0.03,0.0,0.0,-0.19,20260815,independent_pool,2,20312833,20322841,20,120,72
61,v2_independent_pool_r2,deepfake_account_takeover|1.24|1.03|0.71|0.82|0.25|0.98|0.84,deepfake_account_takeover,-0.1732613247956692,0.9119017094508904,True,0.0,1.0,0.9353933220099048,12,False,0.0,0.0,-0.16,-0.03,0.0,0.0,-0.19,20260815,independent_pool,2,20312833,20322841,20,120,72
62,v2_independent_pool_r2,deepfake_account_takeover|0.72|0.91|0.98|0.37|0.58|0.81|0.46,deepfake_account_takeover,-0.17377855999999997,0.9146239999999999,True,0.0,1.0,0.9456960331570028,12,False,0.0,0.0,-0.16,-0.03,0.0,0.0,-0.19,20260815,independent_pool,2,20312833,20322841,20,120,72
63,v2_independent_pool_r2,ai_app_scam_mule|0.58|0.89|0.48|0.68|0.45|0.98|0.61,ai_app_scam_mule,-0.17439947555007201,0.9178919765793263,True,0.0,1.0,0.9348346556111933,12,False,0.0,0.0,-0.16,-0.03,0.0,0.0,-0.19,20260815,independent_pool,2,20312833,20322841,20,120,72
64,v2_independent_pool_r2,deepfake_account_takeover|1.52|0.88|0.9|0.26|0.13|0.92|0.89,deepfake_account_takeover,-0.15855328747271916,0.8344909866985218,True,0.0,1.0,0.9355435428545434,12,False,0.0,0.0,-0.16,-0.03,0.0,0.0,-0.19,20260815,independent_pool,2,20312833,20322841,20,120,72
65,v2_independent_pool_r2,deepfake_account_takeover|0.53|1.06|0.45|0.34|0.64|0.82|0.78,deepfake_account_takeover,-0.17428093869076208,0.917268098372432,True,0.0,1.0,0.9247196053883461,12,False,0.0,0.0,-0.16,-0.03,0.0,0.0,-0.19,20260815,independent_pool,2,20312833,20322841,20,120,72
66,v2_independent_pool_r2,agentic_intent_hijack|0.61|1.54|0.43|0.27|0.65|0.98|0.92,agentic_intent_hijack,-0.1744615939623515,0.9182189155913236,True,0.0,1.0,0.9230461849114424,12,False,0.0,0.0,-0.16,-0.03,0.0,0.0,-0.19,20260815,independent_pool,2,20312833,20322841,20,120,72
67,v2_independent_pool_r2,adaptive_card_testing|0.52|1.07|0.38|0.05|0.42|0.41|0.69,adaptive_card_testing,-0.17791025705360625,0.9363697739663487,True,0.0,1.0,0.8807696735058634,12,False,0.0,0.0,-0.16,-0.03,0.0,0.0,-0.19,20260815,independent_pool,2,20312833,20322841,20,120,72
68,v2_independent_pool_r2,deepfake_account_takeover|1.11|1.44|0.98|0.51|0.21|0.68|0.31,deepfake_account_takeover,-0.16617856,0.874624,True,0.0,1.0,0.9356867139540513,12,False,0.0,0.0,-0.16,-0.03,0.0,0.0,-0.19,20260815,independent_pool,2,20312833,20322841,20,120,72
69,v2_independent_pool_r2,ai_app_scam_mule|1.37|1.47|0.64|0.9|0.58|0.78|0.71,ai_app_scam_mule,-0.1722995865689549,0.9068399293102889,True,0.0,1.0,0.9457554640271838,12,False,0.0,0.0,-0.16,-0.03,0.0,0.0,-0.19,20260815,independent_pool,2,20312833,20322841,20,120,72
70,v2_independent_pool_r2,fake_merchant_collusion|0.66|2.1|0.3|0.32|0.98|0.96|0.69,fake_merchant_collusion,-0.1805109286394525,0.9500575191550131,True,0.0,1.0,0.8708515125071291,12,False,0.0,0.0,-0.16,-0.03,0.0,0.0,-0.19,20260815,independent_pool,2,20312833,20322841,20,120,72
71,v2_independent_pool_r2,synthetic_identity_bustout|0.5|0.62|0.33|0.05|0.5|0.86|0.93,synthetic_identity_bustout,-0.18322078503483546,0.9643199212359761,True,0.0,1.0,0.9010724718098463,12,False,0.0,0.0,-0.16,-0.03,0.0,0.0,-0.19,20260815,independent_pool,2,20312833,20322841,20,120,72
0,v2_double_search_pressure_r0,deepfake_account_takeover|0.45|1.54|0.83|0.95|0.48|0.47|0.8,deepfake_account_takeover,-0.17448094691789376,0.9183207732520724,True,0.0,1.0,0.9307925743246185,12,False,0.0,0.0,-0.16,-0.03,0.0,0.0,-0.19,20260815,double_search_pressure,0,20350815,20360815,40,240,144
1,v2_double_search_pressure_r0,agentic_intent_hijack|1.86|0.63|0.58|0.1|0.95|0.58|0.88,agentic_intent_hijack,-0.1716777451713439,0.9035670798491784,True,0.0,1.0,0.9386693508986163,12,False,0.0,0.0,-0.16,-0.03,0.0,0.0,-0.19,20260815,double_search_pressure,0,20350815,20360815,40,240,144
2,v2_double_search_pressure_r0,adaptive_card_testing|0.45|0.62|0.05|0.05|0.24|0.92|0.41,adaptive_card_testing,-0.18459260000000002,0.9715400000000001,True,0.0,1.0,0.8925604459827666,12,False,0.0,0.0,-0.16,-0.03,0.0,0.0,-0.19,20260815,double_search_pressure,0,20350815,20360815,40,240,144
3,v2_double_search_pressure_r0,ai_app_scam_mule|1.33|1.53|0.17|0.98|0.23|0.85|0.82,ai_app_scam_mule,-0.16047856,0.8446239999999999,True,0.0,1.0,0.9382092387959676,12,False,0.0,0.0,-0.16,-0.03,0.0,0.0,-0.19,20260815,double_search_pressure,0,20350815,20360815,40,240,144
4,v2_double_search_pressure_r0,fake_merchant_collusion|1.2|2.03|0.39|0.25|0.98|0.77|0.73,fake_merchant_collusion,-0.18705470921995854,0.9844984695787291,True,0.0,1.0,0.9046842011664277,12,False,0.0,0.0,-0.16,-0.03,0.0,0.0,-0.19,20260815,double_search_pressure,0,20350815,20360815,40,240,144
5,v2_double_search_pressure_r0,deepfake_account_takeover|1.24|0.46|0.74|0.55|0.2|0.9|0.61,deepfake_account_takeover,-0.17181664616606185,0.904298137716115,True,0.0,1.0,0.9420323112162544,12,False,0.0,0.0,-0.16,-0.03,0.0,0.0,-0.19,20260815,double_search_pressure,0,20350815,20360815,40,240,144
6,v2_double_search_pressure_r0,synthetic_identity_bustout|0.59|0.5|0.06|0.26|0.73|0.81|0.67,synthetic_identity_bustout,-0.1830814312397534,0.9635864802092284,True,0.0,1.0,0.905858518600855,12,False,0.0,0.0,-0.16,-0.03,0.0,0.0,-0.19,20260815,double_search_pressure,0,20350815,20360815,40,240,144
7,v2_double_search_pressure_r0,synthetic_identity_bustout|1.32|1.63|0.05|0.05|0.41|0.98|0.47,synthetic_identity_bustout,-0.1784176,0.93904,True,0.0,1.0,0.8995499117659639,12,False,0.0,0.0,-0.16,-0.03,0.0,0.0,-0.19,20260815,double_search_pressure,0,20350815,20360815,40,240,144
8,v2_double_search_pressure_r0,agentic_intent_hijack|0.48|1.12|0.05|0.05|0.81|0.54|0.94,agentic_intent_hijack,-0.17414259999999998,0.9165399999999999,True,0.0,1.0,0.9329553949878097,12,False,0.0,0.0,-0.16,-0.03,0.0,0.0,-0.19,20260815,double_search_pressure,0,20350815,20360815,40,240,144
9,v2_double_search_pressure_r0,adaptive_card_testing|0.99|1.42|0.68|0.1|0.61|0.32|0.68,adaptive_card_testing,-0.18386155003555077,0.967692368608162,True,0.0,1.0,0.8966659375809183,12,False,0.0,0.0,-0.16,-0.03,0.0,0.0,-0.19,20260815,double_search_pressure,0,20350815,20360815,40,240,144
10,v2_double_search_pressure_r0,deepfake_account_takeover|0.56|1.51|0.98|0.25|0.25|0.63|0.7,deepfake_account_takeover,-0.16617855999999998,0.8746239999999998,True,0.0,1.0,0.9300102546023067,12,False,0.0,0.0,-0.16,-0.03,0.0,0.0,-0.19,20260815,double_search_pressure,0,20350815,20360815,40,240,144
11,v2_double_search_pressure_r0,fake_merchant_collusion|1.23|0.71|0.14|0.25|0.69|0.43|0.87,fake_merchant_collusion,-0.1868418197978816,0.9833779989362189,True,0.0,1.0,0.9063697099860607,12,False,0.0,0.0,-0.16,-0.03,0.0,0.0,-0.19,20260815,double_search_pressure,0,20350815,20360815,40,240,144
12,v2_double_search_pressure_r0,adaptive_card_testing|1.66|1.51|0.07|0.05|0.31|0.84|0.56,adaptive_card_testing,-0.17769701834584747,0.9352474649781446,True,0.0,1.0,0.8462103542501941,12,False,0.0,0.0,-0.16,-0.03,0.0,0.0,-0.19,20260815,double_search_pressure,0,20350815,20360815,40,240,144
13,v2_double_search_pressure_r0,deepfake_account_takeover|1.18|0.74|0.55|0.26|0.94|0.81|0.49,deepfake_account_takeover,-0.17361976038310473,0.9137882125426564,True,0.0,1.0,0.9463797588709951,12,False,0.0,0.0,-0.16,-0.03,0.0,0.0,-0.19,20260815,double_search_pressure,0,20350815,20360815,40,240,144
14,v2_double_search_pressure_r0,ai_app_scam_mule|1.02|0.66|0.31|0.49|0.05|0.98|0.62,ai_app_scam_mule,-0.1676185233100095,0.8822027542632079,True,0.0,1.0,0.930084527846872,12,False,0.0,0.0,-0.16,-0.03,0.0,0.0,-0.19,20260815,double_search_pressure,0,20350815,20360815,40,240,144
15,v2_double_search_pressure_r0,deepfake_account_takeover|0.45|1.54|0.83|0.95|0.48|0.47|0.8,deepfake_account_takeover,-0.16783094691789377,0.8833207732520725,True,0.0,1.0,0.9389786001966449,12,False,0.0,0.0,-0.16,-0.03,0.0,0.0,-0.19,20260815,double_search_pressure,0,20350815,20360815,40,240,144
16,v2_double_search_pressure_r0,agentic_intent_hijack|1.26|2.1|0.59|0.25|0.46|0.77|0.93,agentic_intent_hijack,-0.16503886027077408,0.8686255803724952,True,0.0,1.0,0.9179418720858719,12,False,0.0,0.0,-0.16,-0.03,0.0,0.0,-0.19,20260815,double_search_pressure,0,20350815,20360815,40,240,144
17,v2_double_search_pressure_r0,deepfake_account_takeover|1.31|0.99|0.48|0.12|0.05|0.98|0.74,deepfake_account_takeover,-0.15679344585866317,0.8252286624140167,True,0.0,1.0,0.9348916732613765,12,False,0.0,0.0,-0.16,-0.03,0.0,0.0,-0.19,20260815,double_search_pressure,0,20350815,20360815,40,240,144
18,v2_double_search_pressure_r0,fake_merchant_collusion|0.8|0.89|0.78|0.08|0.98|0.8|0.79,fake_merchant_collusion,-0.18843015278437938,0.9917376462335756,True,0.0,1.0,0.9299396222639317,12,False,0.0,0.0,-0.16,-0.03,0.0,0.0,-0.19,20260815,double_search_pressure,0,20350815,20360815,40,240,144
19,v2_double_search_pressure_r0,agentic_intent_hijack|0.58|0.45|0.06|0.05|0.56|0.98|0.63,agentic_intent_hijack,-0.17309361287596728,0.9110190151366699,True,0.0,1.0,0.92703867225103,12,False,0.0,0.0,-0.16,-0.03,0.0,0.0,-0.19,20260815,double_search_pressure,0,20350815,20360815,40,240,144
20,v2_double_search_pressure_r0,deepfake_account_takeover|2.12|0.72|0.68|0.7|0.55|0.86|0.86,deepfake_account_takeover,-0.16069193902654505,0.8457470475081319,True,0.0,1.0,0.9443634864511782,12,False,0.0,0.0,-0.16,-0.03,0.0,0.0,-0.19,20260815,double_search_pressure,0,20350815,20360815,40,240,144
21,v2_double_search_pressure_r0,synthetic_identity_bustout|1.02|0.81|0.45|0.07|0.37|0.7|0.89,synthetic_identity_bustout,-0.17616560382637828,0.9271873885598856,True,0.0,1.0,0.9049839501677638,12,False,0.0,0.0,-0.16,-0.03,0.0,0.0,-0.19,20260815,double_search_pressure,0,20350815,20360815,40,240,144
22,v2_double_search_pressure_r0,ai_app_scam_mule|0.61|2.1|0.07|0.7|0.43|0.77|0.67,ai_app_scam_mule,-0.16659224810388484,0.8768013058099202,True,0.0,1.0,0.9329150837547769,12,False,0.0,0.0,-0.16,-0.03,0.0,0.0,-0.19,20260815,double_search_pressure,0,20350815,20360815,40,240,144
23,v2_double_search_pressure_r0,fake_merchant_collusion|1.71|1.6|0.74|0.38|0.85|0.98|0.67,fake_merchant_collusion,-0.18743637328571924,0.9865072278195749,True,0.0,1.0,0.9155753992436367,12,False,0.0,0.0,-0.16,-0.03,0.0,0.0,-0.19,20260815,double_search_pressure,0,20350815,20360815,40,240,144
24,v2_double_search_pressure_r0,fake_merchant_collusion|1.66|1.25|0.05|0.16|0.98|0.39|0.69,fake_merchant_collusion,-0.18765038072108198,0.9876335827425367,True,0.0,1.0,0.8962945654169304,12,False,0.0,0.0,-0.16,-0.03,0.0,0.0,-0.19,20260815,double_search_pressure,0,20350815,20360815,40,240,144
25,v2_double_search_pressure_r0,agentic_intent_hijack|0.9|1.04|0.34|0.6|0.98|0.98|0.86,agentic_intent_hijack,-0.1713548802843024,0.9018677909700126,True,0.0,1.0,0.9352845482239323,12,False,0.0,0.0,-0.16,-0.03,0.0,0.0,-0.19,20260815,double_search_pressure,0,20350815,20360815,40,240,144
26,v2_double_search_pressure_r0,adaptive_card_testing|1.29|0.46|0.48|0.05|0.68|0.77|0.72,adaptive_card_testing,-0.1862612761063708,0.9803225058230043,True,0.0,1.0,0.9275337207927145,12,False,0.0,0.0,-0.16,-0.03,0.0,0.0,-0.19,20260815,double_search_pressure,0,20350815,20360815,40,240,144
27,v2_double_search_pressure_r0,agentic_intent_hijack|1.32|1.47|0.06|0.07|0.33|0.58|0.71,agentic_intent_hijack,-0.16632907122352775,0.8754161643343565,True,0.0,1.0,0.9134560466098848,12,False,0.0,0.0,-0.16,-0.03,0.0,0.0,-0.19,20260815,double_search_pressure,0,20350815,20360815,40,240,144
28,v2_double_search_pressure_r0,deepfake_account_takeover|0.45|1.54|0.83|0.95|0.48|0.47|0.8,deepfake_account_takeover,-0.16878094691789378,0.8883207732520725,True,0.0,1.0,0.9413824623065393,12,False,0.0,0.0,-0.16,-0.03,0.0,0.0,-0.19,20260815,double_search_pressure,0,20350815,20360815,40,240,144
29,v2_double_search_pressure_r0,deepfake_account_takeover|1.77|1.06|0.59|0.29|0.66|0.98|0.92,deepfake_account_takeover,-0.16839491767728937,0.8862890404067861,True,0.0,1.0,0.9376312944548681,12,False,0.0,0.0,-0.16,-0.03,0.0,0.0,-0.19,20260815,double_search_pressure,0,20350815,20360815,40,240,144
30,v2_double_search_pressure_r0,synthetic_identity_bustout|1.46|1.99|0.11|0.28|0.5|0.88|0.84,synthetic_identity_bustout,-0.18196299422490378,0.9576999696047567,True,0.0,1.0,0.8974988735913124,12,False,0.0,0.0,-0.16,-0.03,0.0,0.0,-0.19,20260815,double_search_pressure,0,20350815,20360815,40,240,144
31,v2_double_search_pressure_r0,ai_app_scam_mule|1.53|1.01|0.56|0.68|0.05|0.83|0.62,ai_app_scam_mule,-0.16966017863768534,0.8929483086193966,True,0.0,1.0,0.9298615945914172,12,False,0.0,0.0,-0.16,-0.03,0.0,0.0,-0.19,20260815,double_search_pressure,0,20350815,20360815,40,240,144
32,v2_double_search_pressure_r0,agentic_intent_hijack|1.01|1.06|0.68|0.05|0.74|0.94|0.56,agentic_intent_hijack,-0.17153949697739895,0.9028394577757839,True,0.0,1.0,0.9244096562425943,12,False,0.0,0.0,-0.16,-0.03,0.0,0.0,-0.19,20260815,double_search_pressure,0,20350815,20360815,40,240,144
33,v2_double_search_pressure_r0,fake_merchant_collusion|0.72|1.14|0.12|0.05|0.95|0.96|0.86,fake_merchant_collusion,-0.18523927229113452,0.9749435383743922,True,0.0,1.0,0.9110710208126022,12,False,0.0,0.0,-0.16,-0.03,0.0,0.0,-0.19,20260815,double_search_pressure,0,20350815,20360815,40,240,144
34,v2_double_search_pressure_r0,deepfake_account_takeover|1.42|0.89|0.36|0.66|0.2|0.98|0.45,deepfake_account_takeover,-0.16557497105794877,0.8714472160944672,True,0.0,1.0,0.9342979555248481,12,False,0.0,0.0,-0.16,-0.03,0.0,0.0,-0.19,20260815,double_search_pressure,0,20350815,20360815,40,240,144
35,v2_double_search_pressure_r0,deepfake_account_takeover|0.83|1.5|0.98|0.29|0.61|0.43|0.59,deepfake_account_takeover,-0.17282856,0.909624,True,0.0,1.0,0.9382832180929844,12,False,0.0,0.0,-0.16,-0.03,0.0,0.0,-0.19,20260815,double_search_pressure,0,20350815,20360815,40,240,144
36,v2_double_search_pressure_r0,adaptive_card_testing|0.45|0.62|0.05|0.05|0.24|0.92|0.41,adaptive_card_testing,-0.17509260000000001,0.92154,True,0.0,1.0,0.8844871428945743,12,False,0.0,0.0,-0.16,-0.03,0.0,0.0,-0.19,20260815,double_search_pressure,0,20350815,20360815,40,240,144
37,v2_double_search_pressure_r0,deepfake_account_takeover|1.18|0.74|0.55|0.26|0.94|0.81|0.49,deepfake_account_takeover,-0.17219476038310472,0.9062882125426565,True,0.0,1.0,0.946788536577497,12,False,0.0,0.0,-0.16,-0.03,0.0,0.0,-0.19,20260815,double_search_pressure,0,20350815,20360815,40,240,144
38,v2_double_search_pressure_r0,agentic_intent_hijack|1.86|0.63|0.58|0.1|0.95|0.58|0.88,agentic_intent_hijack,-0.16889725482865608,0.8889329201508215,True,0.0,1.0,0.942201925208785,12,False,0.0,0.0,-0.16,-0.03,0.0,0.0,-0.19,20260815,double_search_pressure,0,20350815,20360815,40,240,144
39,v2_double_search_pressure_r0,synthetic_identity_bustout|1.39|0.88|0.16|0.45|0.98|0.82|0.65,synthetic_identity_bustout,-0.1867663837198552,0.9829809669466063,True,0.0,1.0,0.9202769207967504,12,False,0.0,0.0,-0.16,-0.03,0.0,0.0,-0.19,20260815,double_search_pressure,0,20350815,20360815,40,240,144
40,v2_double_search_pressure_r0,ai_app_scam_mule|1.11|1.1|0.11|0.7|0.06|0.46|0.83,ai_app_scam_mule,-0.1665940531872917,0.8768108062489037,True,0.0,1.0,0.9331918772537143,12,False,0.0,0.0,-0.16,-0.03,0.0,0.0,-0.19,20260815,double_search_pressure,0,20350815,20360815,40,240,144
41,v2_double_search_pressure_r0,agentic_intent_hijack|1.26|2.1|0.59|0.25|0.46|0.77|0.93,agentic_intent_hijack,-0.16741386027077407,0.8811255803724951,True,0.0,1.0,0.9212102457377865,12,False,0.0,0.0,-0.16,-0.03,0.0,0.0,-0.19,20260815,double_search_pressure,0,20350815,20360815,40,240,144
42,v2_double_search_pressure_r0,deepfake_account_takeover|0.45|1.54|0.83|0.95|0.48|0.47|0.8,deepfake_account_takeover,-0.1668809469178938,0.8783207732520726,True,0.0,1.0,0.9361597217594895,12,False,0.0,0.0,-0.16,-0.03,0.0,0.0,-0.19,20260815,double_search_pressure,0,20350815,20360815,40,240,144
43,v2_double_search_pressure_r0,adaptive_card_testing|0.99|1.42|0.68|0.1|0.61|0.32|0.68,adaptive_card_testing,-0.18576155003555078,0.977692368608162,True,0.0,1.0,0.8838571040733578,12,False,0.0,0.0,-0.16,-0.03,0.0,0.0,-0.19,20260815,double_search_pressure,0,20350815,20360815,40,240,144
44,v2_double_search_pressure_r0,agentic_intent_hijack|0.48|1.12|0.05|0.05|0.81|0.54|0.94,agentic_intent_hijack,-0.1731926,0.91154,True,0.0,1.0,0.9349450482519518,12,False,0.0,0.0,-0.16,-0.03,0.0,0.0,-0.19,20260815,double_search_pressure,0,20350815,20360815,40,240,144
45,v2_double_search_pressure_r0,deepfake_account_takeover|0.56|1.51|0.98|0.25|0.25|0.63|0.7,deepfake_account_takeover,-0.16380356,0.8621239999999999,True,0.0,1.0,0.9342107456165752,12,False,0.0,0.0,-0.16,-0.03,0.0,0.0,-0.19,20260815,double_search_pressure,0,20350815,20360815,40,240,144
46,v2_double_search_pressure_r0,deepfake_account_takeover|1.31|0.99|0.48|0.12|0.05|0.98|0.74,deepfake_account_takeover,-0.16154344585866318,0.8502286624140167,True,0.0,1.0,0.9316794468939519,12,False,0.0,0.0,-0.16,-0.03,0.0,0.0,-0.19,20260815,double_search_pressure,0,20350815,20360815,40,240,144
47,v2_double_search_pressure_r0,fake_merchant_collusion|1.66|1.25|0.05|0.16|0.98|0.39|0.69,fake_merchant_collusion,-0.18670038072108197,0.9826335827425366,True,0.0,1.0,0.9128317475052982,12,False,0.0,0.0,-0.16,-0.03,0.0,0.0,-0.19,20260815,double_search_pressure,0,20350815,20360815,40,240,144
48,v2_double_search_pressure_r0,synthetic_identity_bustout|0.62|1.09|0.55|0.05|0.69|0.8|0.5,synthetic_identity_bustout,-0.18827955307044553,0.9909450161602396,True,0.0,1.0,0.9158802936604289,12,False,0.0,0.0,-0.16,-0.03,0.0,0.0,-0.19,20260815,double_search_pressure,0,20350815,20360815,40,240,144
49,v2_double_search_pressure_r0,ai_app_scam_mule|0.61|2.1|0.07|0.7|0.43|0.77|0.67,ai_app_scam_mule,-0.16754224810388488,0.8818013058099203,True,0.0,1.0,0.935508896192322,12,False,0.0,0.0,-0.16,-0.03,0.0,0.0,-0.19,20260815,double_search_pressure,0,20350815,20360815,40,240,144
50,v2_double_search_pressure_r0,agentic_intent_hijack|1.26|2.1|0.59|0.25|0.46|0.77|0.93,agentic_intent_hijack,-0.1707388602707741,0.8986255803724952,True,0.0,1.0,0.9188362474726813,12,False,0.0,0.0,-0.16,-0.03,0.0,0.0,-0.19,20260815,double_search_pressure,0,20350815,20360815,40,240,144
51,v2_double_search_pressure_r0,deepfake_account_takeover|1.42|0.89|0.36|0.66|0.2|0.98|0.45,deepfake_account_takeover,-0.17079997105794875,0.8989472160944671,True,0.0,1.0,0.9359987820043173,12,False,0.0,0.0,-0.16,-0.03,0.0,0.0,-0.19,20260815,double_search_pressure,0,20350815,20360815,40,240,144
52,v2_double_search_pressure_r0,deepfake_account_takeover|1.77|1.06|0.59|0.29|0.66|0.98|0.92,deepfake_account_takeover,-0.16790508232271062,0.8837109595932138,True,0.0,1.0,0.9370092185430584,12,False,0.0,0.0,-0.16,-0.03,0.0,0.0,-0.19,20260815,double_search_pressure,0,20350815,20360815,40,240,144
53,v2_double_search_pressure_r0,fake_merchant_collusion|1.71|1.6|0.74|0.38|0.85|0.98|0.67,fake_merchant_collusion,-0.18543862671428077,0.9759927721804251,True,0.0,1.0,0.917039755136073,12,False,0.0,0.0,-0.16,-0.03,0.0,0.0,-0.19,20260815,double_search_pressure,0,20350815,20360815,40,240,144
54,v2_double_search_pressure_r0,adaptive_card_testing|1.66|1.51|0.07|0.05|0.31|0.84|0.56,adaptive_card_testing,-0.18054701834584747,0.9502474649781445,True,0.0,1.0,0.8652960296630495,12,False,0.0,0.0,-0.16,-0.03,0.0,0.0,-0.19,20260815,double_search_pressure,0,20350815,20360815,40,240,144
55,v2_double_search_pressure_r0,deepfake_account_takeover|0.45|1.54|0.83|0.95|0.48|0.47|0.8,deepfake_account_takeover,-0.16925594691789375,0.8908207732520724,True,0.0,1.0,0.938964095415249,12,False,0.0,0.0,-0.16,-0.03,0.0,0.0,-0.19,20260815,double_search_pressure,0,20350815,20360815,40,240,144
56,v2_double_search_pressure_r0,agentic_intent_hijack|0.58|0.45|0.06|0.05|0.56|0.98|0.63,agentic_intent_hijack,-0.1673936128759673,0.8810190151366699,True,0.0,1.0,0.9279674789165641,12,False,0.0,0.0,-0.16,-0.03,0.0,0.0,-0.19,20260815,double_search_pressure,0,20350815,20360815,40,240,144
57,v2_double_search_pressure_r0,agentic_intent_hijack|0.9|1.04|0.34|0.6|0.98|0.98|0.86,agentic_intent_hijack,-0.17087988028430237,0.8993677909700125,True,0.0,1.0,0.9335092459822598,12,False,0.0,0.0,-0.16,-0.03,0.0,0.0,-0.19,20260815,double_search_pressure,0,20350815,20360815,40,240,144
58,v2_double_search_pressure_r0,agentic_intent_hijack|1.01|1.06|0.68|0.05|0.74|0.94|0.56,agentic_intent_hijack,-0.16583949697739894,0.8728394577757839,True,0.0,1.0,0.938310090564516,12,False,0.0,0.0,-0.16,-0.03,0.0,0.0,-0.19,20260815,double_search_pressure,0,20350815,20360815,40,240,144
59,v2_double_search_pressure_r0,deepfake_account_takeover|1.43|0.89|0.86|0.27|0.08|0.63|0.84,deepfake_account_takeover,-0.16708267765485646,0.8793825139729287,True,0.0,1.0,0.9357133540699615,12,False,0.0,0.0,-0.16,-0.03,0.0,0.0,-0.19,20260815,double_search_pressure,0,20350815,20360815,40,240,144
60,v2_double_search_pressure_r0,deepfake_account_takeover|0.84|1.2|0.51|0.25|0.72|0.98|0.48,deepfake_account_takeover,-0.16892543441023825,0.889081233738096,True,0.0,1.0,0.9335497694157812,12,False,0.0,0.0,-0.16,-0.03,0.0,0.0,-0.19,20260815,double_search_pressure,0,20350815,20360815,40,240,144
61,v2_double_search_pressure_r0,fake_merchant_collusion|0.45|1.9|0.3|0.48|0.74|0.58|0.81,fake_merchant_collusion,-0.1881019611743433,0.9900103219702279,True,0.0,1.0,0.892808989617246,12,False,0.0,0.0,-0.16,-0.03,0.0,0.0,-0.19,20260815,double_search_pressure,0,20350815,20360815,40,240,144
62,v2_double_search_pressure_r0,agentic_intent_hijack|1.32|1.47|0.06|0.07|0.33|0.58|0.71,agentic_intent_hijack,-0.16917907122352777,0.8904161643343567,True,0.0,1.0,0.9110370245303234,12,False,0.0,0.0,-0.16,-0.03,0.0,0.0,-0.19,20260815,double_search_pressure,0,20350815,20360815,40,240,144
63,v2_double_search_pressure_r0,ai_app_scam_mule|0.9|0.65|0.16|0.95|0.17|0.83|0.73,ai_app_scam_mule,-0.16369010242974058,0.8615268548933714,True,0.0,1.0,0.9383918151439872,12,False,0.0,0.0,-0.16,-0.03,0.0,0.0,-0.19,20260815,double_search_pressure,0,20350815,20360815,40,240,144
64,v2_double_search_pressure_r0,deepfake_account_takeover|0.56|1.51|0.98|0.25|0.25|0.63|0.7,deepfake_account_takeover,-0.17187855999999999,0.9046239999999999,True,0.0,1.0,0.925990154490817,12,False,0.0,0.0,-0.16,-0.03,0.0,0.0,-0.19,20260815,double_search_pressure,0,20350815,20360815,40,240,144
65,v2_double_search_pressure_r0,deepfake_account_takeover|0.45|1.54|0.83|0.95|0.48|0.47|0.8,deepfake_account_takeover,-0.17305594691789378,0.9108207732520724,True,0.0,1.0,0.9381376140514813,12,False,0.0,0.0,-0.16,-0.03,0.0,0.0,-0.19,20260815,double_search_pressure,0,20350815,20360815,40,240,144
66,v2_double_search_pressure_r0,agentic_intent_hijack|1.26|2.1|0.59|0.25|0.46|0.77|0.93,agentic_intent_hijack,-0.16978886027077406,0.8936255803724951,True,0.0,1.0,0.9225492257303047,12,False,0.0,0.0,-0.16,-0.03,0.0,0.0,-0.19,20260815,double_search_pressure,0,20350815,20360815,40,240,144
67,v2_double_search_pressure_r0,deepfake_account_takeover|1.77|1.06|0.59|0.29|0.66|0.98|0.92,deepfake_account_takeover,-0.16744491767728936,0.8812890404067861,True,0.0,1.0,0.938790437513407,12,False,0.0,0.0,-0.16,-0.03,0.0,0.0,-0.19,20260815,double_search_pressure,0,20350815,20360815,40,240,144
68,v2_double_search_pressure_r0,adaptive_card_testing|0.45|1.26|0.05|0.2|0.51|0.81|0.74,adaptive_card_testing,-0.18236247744516795,0.9598025128693051,True,0.0,1.0,0.8814521498123803,12,False,0.0,0.0,-0.16,-0.03,0.0,0.0,-0.19,20260815,double_search_pressure,0,20350815,20360815,40,240,144
69,v2_double_search_pressure_r0,deepfake_account_takeover|0.83|1.5|0.98|0.29|0.61|0.43|0.59,deepfake_account_takeover,-0.17092856,0.899624,True,0.0,1.0,0.9363947843093466,12,False,0.0,0.0,-0.16,-0.03,0.0,0.0,-0.19,20260815,double_search_pressure,0,20350815,20360815,40,240,144
70,v2_double_search_pressure_r0,fake_merchant_collusion|1.71|1.6|0.74|0.38|0.85|0.98|0.67,fake_merchant_collusion,-0.18781362671428078,0.9884927721804252,True,0.0,1.0,0.9090561528412481,12,False,0.0,0.0,-0.16,-0.03,0.0,0.0,-0.19,20260815,double_search_pressure,0,20350815,20360815,40,240,144
71,v2_double_search_pressure_r0,agentic_intent_hijack|1.86|0.63|0.58|0.1|0.95|0.58|0.88,agentic_intent_hijack,-0.1712027451713439,0.9010670798491784,True,0.0,1.0,0.9392641692718572,12,False,0.0,0.0,-0.16,-0.03,0.0,0.0,-0.19,20260815,double_search_pressure,0,20350815,20360815,40,240,144
72,v2_double_search_pressure_r0,synthetic_identity_bustout|1.23|0.81|0.11|0.05|0.35|0.66|0.88,synthetic_identity_bustout,-0.1777586381356548,0.935571779661341,True,0.0,1.0,0.9132631563355237,12,False,0.0,0.0,-0.16,-0.03,0.0,0.0,-0.19,20260815,double_search_pressure,0,20350815,20360815,40,240,144
73,v2_double_search_pressure_r0,deepfake_account_takeover|1.1|0.61|0.44|0.62|0.05|0.6|0.62,deepfake_account_takeover,-0.16418233178116323,0.8641175356903328,True,0.0,1.0,0.9395659539203046,12,False,0.0,0.0,-0.16,-0.03,0.0,0.0,-0.19,20260815,double_search_pressure,0,20350815,20360815,40,240,144
74,v2_double_search_pressure_r0,agentic_intent_hijack|0.48|1.12|0.05|0.05|0.81|0.54|0.94,agentic_intent_hijack,-0.17414259999999998,0.9165399999999999,True,0.0,1.0,0.9079310422390608,12,False,0.0,0.0,-0.16,-0.03,0.0,0.0,-0.19,20260815,double_search_pressure,0,20350815,20360815,40,240,144
75,v2_double_search_pressure_r0,deepfake_account_takeover|1.18|0.74|0.55|0.26|0.94|0.81|0.49,deepfake_account_takeover,-0.16981976038310473,0.8937882125426564,True,0.0,1.0,0.9395081895383415,12,False,0.0,0.0,-0.16,-0.03,0.0,0.0,-0.19,20260815,double_search_pressure,0,20350815,20360815,40,240,144
76,v2_double_search_pressure_r0,agentic_intent_hijack|1.32|1.47|0.06|0.07|0.33|0.58|0.71,agentic_intent_hijack,-0.16537907122352777,0.8704161643343566,True,0.0,1.0,0.911304159252587,12,False,0.0,0.0,-0.16,-0.03,0.0,0.0,-0.19,20260815,double_search_pressure,0,20350815,20360815,40,240,144
77,v2_double_search_pressure_r0,ai_app_scam_mule|1.0|1.52|0.05|0.36|0.48|0.98|0.66,ai_app_scam_mule,-0.15772170660150134,0.8301142452710597,True,0.0,1.0,0.9385670319008753,12,False,0.0,0.0,-0.16,-0.03,0.0,0.0,-0.19,20260815,double_search_pressure,0,20350815,20360815,40,240,144
78,v2_double_search_pressure_r0,deepfake_account_takeover|0.56|1.51|0.98|0.25|0.25|0.63|0.7,deepfake_account_takeover,-0.16997855999999997,0.8946239999999999,True,0.0,1.0,0.9306803400741073,12,False,0.0,0.0,-0.16,-0.03,0.0,0.0,-0.19,20260815,double_search_pressure,0,20350815,20360815,40,240,144
79,v2_double_search_pressure_r0,deepfake_account_takeover|1.42|0.89|0.36|0.66|0.2|0.98|0.45,deepfake_account_takeover,-0.16652497105794878,0.8764472160944672,True,0.0,1.0,0.9391578720170771,12,False,0.0,0.0,-0.16,-0.03,0.0,0.0,-0.19,20260815,double_search_pressure,0,20350815,20360815,40,240,144
80,v2_double_search_pressure_r0,agentic_intent_hijack|0.58|0.45|0.06|0.05|0.56|0.98|0.63,agentic_intent_hijack,-0.1711936128759673,0.9010190151366699,True,0.0,1.0,0.9356155079317773,12,False,0.0,0.0,-0.16,-0.03,0.0,0.0,-0.19,20260815,double_search_pressure,0,20350815,20360815,40,240,144
81,v2_double_search_pressure_r0,synthetic_identity_bustout|1.32|1.63|0.05|0.05|0.41|0.98|0.47,synthetic_identity_bustout,-0.1826926,0.9615400000000001,True,0.0,1.0,0.8875330195705079,12,False,0.0,0.0,-0.16,-0.03,0.0,0.0,-0.19,20260815,double_search_pressure,0,20350815,20360815,40,240,144
82,v2_double_search_pressure_r0,agentic_intent_hijack|0.9|1.04|0.34|0.6|0.98|0.98|0.86,agentic_intent_hijack,-0.1713548802843024,0.9018677909700126,True,0.0,1.0,0.9359047646272377,12,False,0.0,0.0,-0.16,-0.03,0.0,0.0,-0.19,20260815,double_search_pressure,0,20350815,20360815,40,240,144
83,v2_double_search_pressure_r0,adaptive_card_testing|1.23|0.91|0.23|0.14|0.94|0.48|0.58,adaptive_card_testing,-0.18796838787426917,0.9893073046014167,True,0.0,1.0,0.916548460520252,12,False,0.0,0.0,-0.16,-0.03,0.0,0.0,-0.19,20260815,double_search_pressure,0,20350815,20360815,40,240,144
84,v2_double_search_pressure_r0,deepfake_account_takeover|0.45|1.54|0.83|0.95|0.48|0.47|0.8,deepfake_account_takeover,-0.1640309469178938,0.8633207732520726,True,0.0,1.0,0.9399277853595832,12,False,0.0,0.0,-0.16,-0.03,0.0,0.0,-0.19,20260815,double_search_pressure,0,20350815,20360815,40,240,144
85,v2_double_search_pressure_r0,agentic_intent_hijack|1.01|1.06|0.68|0.05|0.74|0.94|0.56,agentic_intent_hijack,-0.17153949697739895,0.9028394577757839,True,0.0,1.0,0.9235236790759896,12,False,0.0,0.0,-0.16,-0.03,0.0,0.0,-0.19,20260815,double_search_pressure,0,20350815,20360815,40,240,144
86,v2_double_search_pressure_r0,deepfake_account_takeover|1.77|1.06|0.59|0.29|0.66|0.98|0.92,deepfake_account_takeover,-0.17219491767728937,0.9062890404067862,True,0.0,1.0,0.9364534328098233,12,False,0.0,0.0,-0.16,-0.03,0.0,0.0,-0.19,20260815,double_search_pressure,0,20350815,20360815,40,240,144
87,v2_double_search_pressure_r0,agentic_intent_hijack|1.26|2.1|0.59|0.25|0.46|0.77|0.93,agentic_intent_hijack,-0.16978886027077406,0.8936255803724951,True,0.0,1.0,0.9223536412221458,12,False,0.0,0.0,-0.16,-0.03,0.0,0.0,-0.19,20260815,double_search_pressure,0,20350815,20360815,40,240,144
88,v2_double_search_pressure_r0,deepfake_account_takeover|1.43|0.89|0.86|0.27|0.08|0.63|0.84,deepfake_account_takeover,-0.16613267765485645,0.8743825139729287,True,0.0,1.0,0.9358937409077183,12,False,0.0,0.0,-0.16,-0.03,0.0,0.0,-0.19,20260815,double_search_pressure,0,20350815,20360815,40,240,144
89,v2_double_search_pressure_r0,fake_merchant_collusion|1.66|1.25|0.05|0.16|0.98|0.39|0.69,fake_merchant_collusion,-0.18759961927891802,0.9873664172574633,True,0.0,1.0,0.9202643500234721,12,False,0.0,0.0,-0.16,-0.03,0.0,0.0,-0.19,20260815,double_search_pressure,0,20350815,20360815,40,240,144
90,v2_double_search_pressure_r0,deepfake_account_takeover|1.42|0.89|0.36|0.66|0.2|0.98|0.45,deepfake_account_takeover,-0.15939997105794876,0.8389472160944672,True,0.0,1.0,0.9381382602753212,12,False,0.0,0.0,-0.16,-0.03,0.0,0.0,-0.19,20260815,double_search_pressure,0,20350815,20360815,40,240,144
91,v2_double_search_pressure_r0,deepfake_account_takeover|0.45|1.54|0.83|0.95|0.48|0.47|0.8,deepfake_account_takeover,-0.17020594691789376,0.8958207732520724,True,0.0,1.0,0.9404156131101166,12,False,0.0,0.0,-0.16,-0.03,0.0,0.0,-0.19,20260815,double_search_pressure,0,20350815,20360815,40,240,144
92,v2_double_search_pressure_r0,adaptive_card_testing|0.45|0.62|0.05|0.05|0.24|0.92|0.41,adaptive_card_testing,-0.1817426,0.95654,True,0.0,1.0,0.8946520217308426,12,False,0.0,0.0,-0.16,-0.03,0.0,0.0,-0.19,20260815,double_search_pressure,0,20350815,20360815,40,240,144
93,v2_double_search_pressure_r0,agentic_intent_hijack|1.86|0.63|0.58|0.1|0.95|0.58|0.88,agentic_intent_hijack,-0.17317225482865609,0.9114329201508214,True,0.0,1.0,0.9288119214933478,12,False,0.0,0.0,-0.16,-0.03,0.0,0.0,-0.19,20260815,double_search_pressure,0,20350815,20360815,40,240,144
94,v2_double_search_pressure_r0,deepfake_account_takeover|0.83|1.5|0.98|0.29|0.61|0.43|0.59,deepfake_account_takeover,-0.17092856,0.899624,True,0.0,1.0,0.9358075395577269,12,False,0.0,0.0,-0.16,-0.03,0.0,0.0,-0.19,20260815,double_search_pressure,0,20350815,20360815,40,240,144
95,v2_double_search_pressure_r0,agentic_intent_hijack|1.26|2.1|0.59|0.25|0.46|0.77|0.93,agentic_intent_hijack,-0.16788886027077407,0.8836255803724951,True,0.0,1.0,0.9174396640179445,12,False,0.0,0.0,-0.16,-0.03,0.0,0.0,-0.19,20260815,double_search_pressure,0,20350815,20360815,40,240,144
96,v2_double_search_pressure_r0,deepfake_account_takeover|1.77|1.06|0.59|0.29|0.66|0.98|0.92,deepfake_account_takeover,-0.17123008232271061,0.9012109595932137,True,0.0,1.0,0.935052362561458,12,False,0.0,0.0,-0.16,-0.03,0.0,0.0,-0.19,20260815,double_search_pressure,0,20350815,20360815,40,240,144
97,v2_double_search_pressure_r0,agentic_intent_hijack|0.48|1.12|0.05|0.05|0.81|0.54|0.94,agentic_intent_hijack,-0.1731926,0.91154,True,0.0,1.0,0.910963385980274,12,False,0.0,0.0,-0.16,-0.03,0.0,0.0,-0.19,20260815,double_search_pressure,0,20350815,20360815,40,240,144
98,v2_double_search_pressure_r0,ai_app_scam_mule|0.81|0.81|0.34|0.62|0.18|0.71|0.41,ai_app_scam_mule,-0.17132979480574437,0.9017357621354967,True,0.0,1.0,0.9234607148677475,12,False,0.0,0.0,-0.16,-0.03,0.0,0.0,-0.19,20260815,double_search_pressure,0,20350815,20360815,40,240,144
99,v2_double_search_pressure_r0,deepfake_account_takeover|0.56|1.51|0.98|0.25|0.25|0.63|0.7,deepfake_account_takeover,-0.16237855999999998,0.8546239999999999,True,0.0,1.0,0.9308772825653704,12,False,0.0,0.0,-0.16,-0.03,0.0,0.0,-0.19,20260815,double_search_pressure,0,20350815,20360815,40,240,144
100,v2_double_search_pressure_r0,fake_merchant_collusion|0.7|0.7|0.15|0.51|0.98|0.77|0.95,fake_merchant_collusion,-0.18678712491843985,0.9830901311496834,True,0.0,1.0,0.9054525018066788,12,False,0.0,0.0,-0.16,-0.03,0.0,0.0,-0.19,20260815,double_search_pressure,0,20350815,20360815,40,240,144
101,v2_double_search_pressure_r0,agentic_intent_hijack|1.32|1.47|0.06|0.07|0.33|0.58|0.71,agentic_intent_hijack,-0.16585407122352777,0.8729161643343567,True,0.0,1.0,0.9158850774444082,12,False,0.0,0.0,-0.16,-0.03,0.0,0.0,-0.19,20260815,double_search_pressure,0,20350815,20360815,40,240,144
102,v2_double_search_pressure_r0,agentic_intent_hijack|1.01|1.06|0.68|0.05|0.74|0.94|0.56,agentic_intent_hijack,-0.17153949697739895,0.9028394577757839,True,0.0,1.0,0.9207192069571676,12,False,0.0,0.0,-0.16,-0.03,0.0,0.0,-0.19,20260815,double_search_pressure,0,20350815,20360815,40,240,144
103,v2_double_search_pressure_r0,deepfake_account_takeover|1.43|0.89|0.86|0.27|0.08|0.63|0.84,deepfake_account_takeover,-0.15758267765485645,0.8293825139729287,True,0.0,1.0,0.9369393868103807,12,False,0.0,0.0,-0.16,-0.03,0.0,0.0,-0.19,20260815,double_search_pressure,0,20350815,20360815,40,240,144
104,v2_double_search_pressure_r0,agentic_intent_hijack|1.26|2.1|0.59|0.25|0.46|0.77|0.93,agentic_intent_hijack,-0.1702638602707741,0.8961255803724951,True,0.0,1.0,0.9126539358925432,12,False,0.0,0.0,-0.16,-0.03,0.0,0.0,-0.19,20260815,double_search_pressure,0,20350815,20360815,40,240,144
105,v2_double_search_pressure_r0,deepfake_account_takeover|1.42|0.89|0.36|0.66|0.2|0.98|0.45,deepfake_account_takeover,-0.16272497105794875,0.8564472160944672,True,0.0,1.0,0.9389837483376993,12,False,0.0,0.0,-0.16,-0.03,0.0,0.0,-0.19,20260815,double_search_pressure,0,20350815,20360815,40,240,144
106,v2_double_search_pressure_r0,deepfake_account_takeover|0.45|1.54|0.83|0.95|0.48|0.47|0.8,deepfake_account_takeover,-0.17068094691789376,0.8983207732520724,True,0.0,1.0,0.9317151655973559,12,False,0.0,0.0,-0.16,-0.03,0.0,0.0,-0.19,20260815,double_search_pressure,0,20350815,20360815,40,240,144
107,v2_double_search_pressure_r0,synthetic_identity_bustout|1.39|0.88|0.16|0.45|0.98|0.82|0.65,synthetic_identity_bustout,-0.18391638371985516,0.9679809669466062,True,0.0,1.0,0.9133874692487175,12,False,0.0,0.0,-0.16,-0.03,0.0,0.0,-0.19,20260815,double_search_pressure,0,20350815,20360815,40,240,144
108,v2_double_search_pressure_r0,deepfake_account_takeover|0.84|1.2|0.51|0.25|0.72|0.98|0.48,deepfake_account_takeover,-0.17022456558976173,0.8959187662619039,True,0.0,1.0,0.9304454149141703,12,False,0.0,0.0,-0.16,-0.03,0.0,0.0,-0.19,20260815,double_search_pressure,0,20350815,20360815,40,240,144
109,v2_double_search_pressure_r0,deepfake_account_takeover|1.77|1.06|0.59|0.29|0.66|0.98|0.92,deepfake_account_takeover,-0.17361991767728935,0.9137890404067861,True,0.0,1.0,0.939781984709284,12,False,0.0,0.0,-0.16,-0.03,0.0,0.0,-0.19,20260815,double_search_pressure,0,20350815,20360815,40,240,144
110,v2_double_search_pressure_r0,deepfake_account_takeover|0.83|1.5|0.98|0.29|0.61|0.43|0.59,deepfake_account_takeover,-0.16902856,0.889624,True,0.0,1.0,0.9315537825825114,12,False,0.0,0.0,-0.16,-0.03,0.0,0.0,-0.19,20260815,double_search_pressure,0,20350815,20360815,40,240,144
111,v2_double_search_pressure_r0,adaptive_card_testing|1.03|0.82|0.55|0.06|0.16|0.89|0.78,adaptive_card_testing,-0.18064181862115836,0.9507464137955703,True,0.0,1.0,0.8969351448257955,12,False,0.0,0.0,-0.16,-0.03,0.0,0.0,-0.19,20260815,double_search_pressure,0,20350815,20360815,40,240,144
112,v2_double_search_pressure_r0,agentic_intent_hijack|1.86|0.63|0.58|0.1|0.95|0.58|0.88,agentic_intent_hijack,-0.1736472548286561,0.9139329201508215,True,0.0,1.0,0.9316070642269253,12,False,0.0,0.0,-0.16,-0.03,0.0,0.0,-0.19,20260815,double_search_pressure,0,20350815,20360815,40,240,144
113,v2_double_search_pressure_r0,agentic_intent_hijack|1.32|1.47|0.06|0.07|0.33|0.58|0.71,agentic_intent_hijack,-0.16632907122352775,0.8754161643343565,True,0.0,1.0,0.9066348843288116,12,False,0.0,0.0,-0.16,-0.03,0.0,0.0,-0.19,20260815,double_search_pressure,0,20350815,20360815,40,240,144
114,v2_double_search_pressure_r0,agentic_intent_hijack|0.58|0.45|0.06|0.05|0.56|0.98|0.63,agentic_intent_hijack,-0.1683436128759673,0.88601901513667,True,0.0,1.0,0.9349129327479268,12,False,0.0,0.0,-0.16,-0.03,0.0,0.0,-0.19,20260815,double_search_pressure,0,20350815,20360815,40,240,144
115,v2_double_search_pressure_r0,agentic_intent_hijack|1.01|1.06|0.68|0.05|0.74|0.94|0.56,agentic_intent_hijack,-0.17343949697739894,0.9128394577757839,True,0.0,1.0,0.9287465493042749,12,False,0.0,0.0,-0.16,-0.03,0.0,0.0,-0.19,20260815,double_search_pressure,0,20350815,20360815,40,240,144
116,v2_double_search_pressure_r0,agentic_intent_hijack|0.48|1.12|0.05|0.05|0.81|0.54|0.94,agentic_intent_hijack,-0.17450739999999998,0.9184599999999998,True,0.0,1.0,0.9177076622932304,12,False,0.0,0.0,-0.16,-0.03,0.0,0.0,-0.19,20260815,double_search_pressure,0,20350815,20360815,40,240,144
117,v2_double_search_pressure_r0,deepfake_account_takeover|0.45|1.54|0.83|0.95|0.48|0.47|0.8,deepfake_account_takeover,-0.17353094691789378,0.9133207732520725,True,0.0,1.0,0.9350731476727767,12,False,0.0,0.0,-0.16,-0.03,0.0,0.0,-0.19,20260815,double_search_pressure,0,20350815,20360815,40,240,144
118,v2_double_search_pressure_r0,deepfake_account_takeover|1.31|0.99|0.48|0.12|0.05|0.98|0.74,deepfake_account_takeover,-0.16676844585866316,0.8777286624140166,True,0.0,1.0,0.9288134123096606,12,False,0.0,0.0,-0.16,-0.03,0.0,0.0,-0.19,20260815,double_search_pressure,0,20350815,20360815,40,240,144
119,v2_double_search_pressure_r0,ai_app_scam_mule|1.59|1.01|0.21|0.98|0.38|0.84|0.85,ai_app_scam_mule,-0.16000356,0.8421239999999999,True,0.0,1.0,0.9446554627315749,12,False,0.0,0.0,-0.16,-0.03,0.0,0.0,-0.19,20260815,double_search_pressure,0,20350815,20360815,40,240,144
120,v2_double_search_pressure_r0,agentic_intent_hijack|1.26|2.1|0.59|0.25|0.46|0.77|0.93,agentic_intent_hijack,-0.16978886027077406,0.8936255803724951,True,0.0,1.0,0.9311497485294993,12,False,0.0,0.0,-0.16,-0.03,0.0,0.0,-0.19,20260815,double_search_pressure,0,20350815,20360815,40,240,144
121,v2_double_search_pressure_r0,deepfake_account_takeover|0.84|1.2|0.51|0.25|0.72|0.98|0.48,deepfake_account_takeover,-0.17164956558976177,0.903418766261904,True,0.0,1.0,0.9399780997734265,12,False,0.0,0.0,-0.16,-0.03,0.0,0.0,-0.19,20260815,double_search_pressure,0,20350815,20360815,40,240,144
122,v2_double_search_pressure_r0,synthetic_identity_bustout|0.6|0.58|0.05|0.19|0.36|0.89|0.72,synthetic_identity_bustout,-0.17775313703725182,0.9355428265118517,True,0.0,1.0,0.9110077033897691,12,False,0.0,0.0,-0.16,-0.03,0.0,0.0,-0.19,20260815,double_search_pressure,0,20350815,20360815,40,240,144
123,v2_double_search_pressure_r0,deepfake_account_takeover|0.56|1.51|0.98|0.25|0.25|0.63|0.7,deepfake_account_takeover,-0.16807856,0.8846239999999999,True,0.0,1.0,0.932057869663145,12,False,0.0,0.0,-0.16,-0.03,0.0,0.0,-0.19,20260815,double_search_pressure,0,20350815,20360815,40,240,144
124,v2_double_search_pressure_r0,deepfake_account_takeover|1.42|0.89|0.36|0.66|0.2|0.98|0.45,deepfake_account_takeover,-0.17269997105794876,0.9089472160944672,True,0.0,1.0,0.9384656789001298,12,False,0.0,0.0,-0.16,-0.03,0.0,0.0,-0.19,20260815,double_search_pressure,0,20350815,20360815,40,240,144
125,v2_double_search_pressure_r0,agentic_intent_hijack|0.9|1.04|0.34|0.6|0.98|0.98|0.86,agentic_intent_hijack,-0.17230488028430238,0.9068677909700125,True,0.0,1.0,0.9397482270675511,12,False,0.0,0.0,-0.16,-0.03,0.0,0.0,-0.19,20260815,double_search_pressure,0,20350815,20360815,40,240,144
126,v2_double_search_pressure_r0,agentic_intent_hijack|1.32|1.47|0.06|0.07|0.33|0.58|0.71,agentic_intent_hijack,-0.1682290712235278,0.8854161643343568,True,0.0,1.0,0.9159209721949693,12,False,0.0,0.0,-0.16,-0.03,0.0,0.0,-0.19,20260815,double_search_pressure,0,20350815,20360815,40,240,144
127,v2_double_search_pressure_r0,deepfake_account_takeover|1.77|1.06|0.59|0.29|0.66|0.98|0.92,deepfake_account_takeover,-0.16221991767728938,0.8537890404067862,True,0.0,1.0,0.9401646838934271,12,False,0.0,0.0,-0.16,-0.03,0.0,0.0,-0.19,20260815,double_search_pressure,0,20350815,20360815,40,240,144
128,v2_double_search_pressure_r0,agentic_intent_hijack|1.86|0.63|0.58|0.1|0.95|0.58|0.88,agentic_intent_hijack,-0.17174725482865608,0.9039329201508215,True,0.0,1.0,0.9467773384247345,12,False,0.0,0.0,-0.16,-0.03,0.0,0.0,-0.19,20260815,double_search_pressure,0,20350815,20360815,40,240,144
129,v2_double_search_pressure_r0,deepfake_account_takeover|0.83|1.5|0.98|0.29|0.61|0.43|0.59,deepfake_account_takeover,-0.17187855999999999,0.9046239999999999,True,0.0,1.0,0.9401991978534973,12,False,0.0,0.0,-0.16,-0.03,0.0,0.0,-0.19,20260815,double_search_pressure,0,20350815,20360815,40,240,144
130,v2_double_search_pressure_r0,fake_merchant_collusion|1.71|1.6|0.74|0.38|0.85|0.98|0.67,fake_merchant_collusion,-0.18316137328571924,0.9640072278195749,True,0.0,1.0,0.9250757666344951,12,False,0.0,0.0,-0.16,-0.03,0.0,0.0,-0.19,20260815,double_search_pressure,0,20350815,20360815,40,240,144
131,v2_double_search_pressure_r0,deepfake_account_takeover|1.1|0.61|0.44|0.62|0.05|0.6|0.62,deepfake_account_takeover,-0.16750733178116325,0.8816175356903329,True,0.0,1.0,0.9372890085025999,12,False,0.0,0.0,-0.16,-0.03,0.0,0.0,-0.19,20260815,double_search_pressure,0,20350815,20360815,40,240,144
132,v2_double_search_pressure_r0,agentic_intent_hijack|0.48|1.12|0.05|0.05|0.81|0.54|0.94,agentic_intent_hijack,-0.1722426,0.9065399999999999,True,0.0,1.0,0.9057364837967316,12,False,0.0,0.0,-0.16,-0.03,0.0,0.0,-0.19,20260815,double_search_pressure,0,20350815,20360815,40,240,144
133,v2_double_search_pressure_r0,deepfake_account_takeover|0.45|1.54|0.83|0.95|0.48|0.47|0.8,deepfake_account_takeover,-0.16830594691789377,0.8858207732520725,True,0.0,1.0,0.9385548308464221,12,False,0.0,0.0,-0.16,-0.03,0.0,0.0,-0.19,20260815,double_search_pressure,0,20350815,20360815,40,240,144
134,v2_double_search_pressure_r0,ai_app_scam_mule|1.0|1.52|0.05|0.36|0.48|0.98|0.66,ai_app_scam_mule,-0.16769670660150135,0.8826142452710597,True,0.0,1.0,0.9333811412609729,12,False,0.0,0.0,-0.16,-0.03,0.0,0.0,-0.19,20260815,double_search_pressure,0,20350815,20360815,40,240,144
135,v2_double_search_pressure_r0,deepfake_account_takeover|1.43|0.89|0.86|0.27|0.08|0.63|0.84,deepfake_account_takeover,-0.16328267765485646,0.8593825139729288,True,0.0,1.0,0.9358465445449969,12,False,0.0,0.0,-0.16,-0.03,0.0,0.0,-0.19,20260815,double_search_pressure,0,20350815,20360815,40,240,144
136,v2_double_search_pressure_r0,agentic_intent_hijack|1.26|2.1|0.59|0.25|0.46|0.77|0.93,agentic_intent_hijack,-0.1707388602707741,0.8986255803724952,True,0.0,1.0,0.915524190900909,12,False,0.0,0.0,-0.16,-0.03,0.0,0.0,-0.19,20260815,double_search_pressure,0,20350815,20360815,40,240,144
137,v2_double_search_pressure_r0,deepfake_account_takeover|0.83|1.5|0.98|0.29|0.61|0.43|0.59,deepfake_account_takeover,-0.17282856,0.909624,True,0.0,1.0,0.9385631387389383,12,False,0.0,0.0,-0.16,-0.03,0.0,0.0,-0.19,20260815,double_search_pressure,0,20350815,20360815,40,240,144
138,v2_double_search_pressure_r0,agentic_intent_hijack|1.32|1.47|0.06|0.07|0.33|0.58|0.71,agentic_intent_hijack,-0.16585407122352777,0.8729161643343567,True,0.0,1.0,0.917914166861046,12,False,0.0,0.0,-0.16,-0.03,0.0,0.0,-0.19,20260815,double_search_pressure,0,20350815,20360815,40,240,144
139,v2_double_search_pressure_r0,agentic_intent_hijack|0.58|0.45|0.06|0.05|0.56|0.98|0.63,agentic_intent_hijack,-0.1711936128759673,0.9010190151366699,True,0.0,1.0,0.9310845319652472,12,False,0.0,0.0,-0.16,-0.03,0.0,0.0,-0.19,20260815,double_search_pressure,0,20350815,20360815,40,240,144
140,v2_double_search_pressure_r0,agentic_intent_hijack|1.86|0.63|0.58|0.1|0.95|0.58|0.88,agentic_intent_hijack,-0.17459725482865607,0.9189329201508214,True,0.0,1.0,0.9419757825324121,12,False,0.0,0.0,-0.16,-0.03,0.0,0.0,-0.19,20260815,double_search_pressure,0,20350815,20360815,40,240,144
141,v2_double_search_pressure_r0,deepfake_account_takeover|1.77|1.06|0.59|0.29|0.66|0.98|0.92,deepfake_account_takeover,-0.17076991767728938,0.8987890404067862,True,0.0,1.0,0.9422261197363592,12,False,0.0,0.0,-0.16,-0.03,0.0,0.0,-0.19,20260815,double_search_pressure,0,20350815,20360815,40,240,144
142,v2_double_search_pressure_r0,deepfake_account_takeover|0.45|1.54|0.83|0.95|0.48|0.47|0.8,deepfake_account_takeover,-0.17068094691789376,0.8983207732520724,True,0.0,1.0,0.9392582365927472,12,False,0.0,0.0,-0.16,-0.03,0.0,0.0,-0.19,20260815,double_search_pressure,0,20350815,20360815,40,240,144
143,v2_double_search_pressure_r0,adaptive_card_testing|1.23|0.91|0.23|0.14|0.94|0.48|0.58,adaptive_card_testing,-0.18796838787426917,0.9893073046014167,True,0.0,1.0,0.9018160243897042,12,False,0.0,0.0,-0.16,-0.03,0.0,0.0,-0.19,20260815,double_search_pressure,0,20350815,20360815,40,240,144
0,v2_independent_pool_r0,agentic_intent_hijack|0.69|0.5|0.6|0.34|0.98|0.59|0.98,agentic_intent_hijack,-0.17137590253188922,0.9019784343783643,True,0.0,1.0,0.9305556603961885,12,False,0.0,0.0,-0.16,-0.03,0.0,0.0,-0.19,20260816,independent_pool,0,20310816,20320816,20,120,72
1,v2_independent_pool_r0,ai_app_scam_mule|1.05|2.1|0.15|0.98|0.4|0.65|0.68,ai_app_scam_mule,-0.16855356,0.8871239999999999,True,0.0,1.0,0.9407875252684793,12,False,0.0,0.0,-0.16,-0.03,0.0,0.0,-0.19,20260816,independent_pool,0,20310816,20320816,20,120,72
2,v2_independent_pool_r0,synthetic_identity_bustout|1.78|0.65|0.6|0.05|0.52|0.82|0.79,synthetic_identity_bustout,-0.18289257818451038,0.9625925167605809,True,0.0,1.0,0.9148704198984534,12,False,0.0,0.0,-0.16,-0.03,0.0,0.0,-0.19,20260816,independent_pool,0,20310816,20320816,20,120,72
3,v2_independent_pool_r0,fake_merchant_collusion|0.69|2.1|0.05|0.05|0.98|0.71|0.65,fake_merchant_collusion,-0.18970739999999997,0.9984599999999999,True,0.0,1.0,0.8864934401356087,12,False,0.0,0.0,-0.16,-0.03,0.0,0.0,-0.19,20260816,independent_pool,0,20310816,20320816,20,120,72
4,v2_independent_pool_r0,deepfake_account_takeover|0.74|0.54|0.82|0.83|0.2|0.81|0.57,deepfake_account_takeover,-0.17127686310810478,0.9014571742531831,True,0.0,1.0,0.942552962532056,12,False,0.0,0.0,-0.16,-0.03,0.0,0.0,-0.19,20260816,independent_pool,0,20310816,20320816,20,120,72
5,v2_independent_pool_r0,adaptive_card_testing|0.81|0.53|0.05|0.05|0.38|0.63|0.73,adaptive_card_testing,-0.1812676,0.95404,True,0.0,1.0,0.8888635006654918,12,False,0.0,0.0,-0.16,-0.03,0.0,0.0,-0.19,20260816,independent_pool,0,20310816,20320816,20,120,72
6,v2_independent_pool_r0,agentic_intent_hijack|2.13|0.82|0.22|0.05|0.7|0.48|0.56,agentic_intent_hijack,-0.16888182141123906,0.8888516916381003,True,0.0,1.0,0.9328989194856464,12,False,0.0,0.0,-0.16,-0.03,0.0,0.0,-0.19,20260816,independent_pool,0,20310816,20320816,20,120,72
7,v2_independent_pool_r0,deepfake_account_takeover|1.44|1.66|0.76|0.12|0.4|0.71|0.54,deepfake_account_takeover,-0.16682258964465582,0.8780136297087148,True,0.0,1.0,0.9396276004825843,12,False,0.0,0.0,-0.16,-0.03,0.0,0.0,-0.19,20260816,independent_pool,0,20310816,20320816,20,120,72
8,v2_independent_pool_r0,synthetic_identity_bustout|0.58|0.92|0.05|0.05|0.44|0.93|0.7,synthetic_identity_bustout,-0.1817426,0.95654,True,0.0,1.0,0.8796869109430815,12,False,0.0,0.0,-0.16,-0.03,0.0,0.0,-0.19,20260816,independent_pool,0,20310816,20320816,20,120,72
9,v2_independent_pool_r0,fake_merchant_collusion|0.68|0.45|0.47|0.13|0.91|0.44|0.75,fake_merchant_collusion,-0.1864051312499979,0.9810796381578837,True,0.0,1.0,0.927353730243007,12,False,0.0,0.0,-0.16,-0.03,0.0,0.0,-0.19,20260816,independent_pool,0,20310816,20320816,20,120,72
10,v2_independent_pool_r0,adaptive_card_testing|0.8|1.62|0.35|0.05|0.18|0.4|0.59,adaptive_card_testing,-0.1801112528999711,0.9479539626314268,True,0.0,1.0,0.8700703649512262,12,False,0.0,0.0,-0.16,-0.03,0.0,0.0,-0.19,20260816,independent_pool,0,20310816,20320816,20,120,72
11,v2_independent_pool_r0,ai_app_scam_mule|1.59|0.89|0.05|0.98|0.33|0.8|0.84,ai_app_scam_mule,-0.16427855999999996,0.8646239999999998,True,0.0,1.0,0.9451433322317498,12,False,0.0,0.0,-0.16,-0.03,0.0,0.0,-0.19,20260816,independent_pool,0,20310816,20320816,20,120,72
12,v2_independent_pool_r0,agentic_intent_hijack|0.82|1.43|0.18|0.41|0.98|0.85|0.98,agentic_intent_hijack,-0.1725644838653184,0.9082341256069388,True,0.0,1.0,0.9386736597556266,12,False,0.0,0.0,-0.16,-0.03,0.0,0.0,-0.19,20260816,independent_pool,0,20310816,20320816,20,120,72
13,v2_independent_pool_r0,fake_merchant_collusion|1.49|1.6|0.26|0.56|0.62|0.86|0.89,fake_merchant_collusion,-0.18338174218936923,0.9651670641545749,True,0.0,1.0,0.8974271104470165,12,False,0.0,0.0,-0.16,-0.03,0.0,0.0,-0.19,20260816,independent_pool,0,20310816,20320816,20,120,72
14,v2_independent_pool_r0,ai_app_scam_mule|1.08|1.88|0.5|0.46|0.05|0.65|0.79,ai_app_scam_mule,-0.16701664852819292,0.8790349922536469,True,0.0,1.0,0.9248898744777128,12,False,0.0,0.0,-0.16,-0.03,0.0,0.0,-0.19,20260816,independent_pool,0,20310816,20320816,20,120,72
15,v2_independent_pool_r0,deepfake_account_takeover|1.78|1.21|0.51|0.24|0.62|0.6|0.93,deepfake_account_takeover,-0.17451467557215938,0.9184982924850493,True,0.0,1.0,0.9405272581837559,12,False,0.0,0.0,-0.16,-0.03,0.0,0.0,-0.19,20260816,independent_pool,0,20310816,20320816,20,120,72
16,v2_independent_pool_r0,synthetic_identity_bustout|1.35|0.93|0.42|0.06|0.45|0.46|0.98,synthetic_identity_bustout,-0.17748798385095108,0.9341472834260582,True,0.0,1.0,0.9130932418543968,12,False,0.0,0.0,-0.16,-0.03,0.0,0.0,-0.19,20260816,independent_pool,0,20310816,20320816,20,120,72
17,v2_independent_pool_r0,deepfake_account_takeover|0.67|1.44|0.34|0.79|0.3|0.63|0.87,deepfake_account_takeover,-0.1712612853491385,0.9013751860480974,True,0.0,1.0,0.9366544812236958,12,False,0.0,0.0,-0.16,-0.03,0.0,0.0,-0.19,20260816,independent_pool,0,20310816,20320816,20,120,72
18,v2_independent_pool_r0,agentic_intent_hijack|0.69|0.5|0.6|0.34|0.98|0.59|0.98,agentic_intent_hijack,-0.17299909746811074,0.9105215656216354,True,0.0,1.0,0.9445364745195346,12,False,0.0,0.0,-0.16,-0.03,0.0,0.0,-0.19,20260816,independent_pool,0,20310816,20320816,20,120,72
19,v2_independent_pool_r0,adaptive_card_testing|1.79|0.91|0.34|0.05|0.75|0.58|0.76,adaptive_card_testing,-0.18597097979633234,0.9787946305070123,True,0.0,1.0,0.914620655568211,12,False,0.0,0.0,-0.16,-0.03,0.0,0.0,-0.19,20260816,independent_pool,0,20310816,20320816,20,120,72
20,v2_independent_pool_r0,ai_app_scam_mule|0.88|1.0|0.24|0.62|0.63|0.66|0.36,ai_app_scam_mule,-0.1725950205891125,0.9083948452058552,True,0.0,1.0,0.9424143142743788,12,False,0.0,0.0,-0.16,-0.03,0.0,0.0,-0.19,20260816,independent_pool,0,20310816,20320816,20,120,72
21,v2_independent_pool_r0,agentic_intent_hijack|1.76|0.72|0.64|0.06|0.55|0.86|0.75,agentic_intent_hijack,-0.17135608352648185,0.9018741238235887,True,0.0,1.0,0.9373095407886728,12,False,0.0,0.0,-0.16,-0.03,0.0,0.0,-0.19,20260816,independent_pool,0,20310816,20320816,20,120,72
22,v2_independent_pool_r0,deepfake_account_takeover|0.74|0.54|0.82|0.83|0.2|0.81|0.57,deepfake_account_takeover,-0.17214813689189523,0.9060428257468169,True,0.0,1.0,0.9421694416848047,12,False,0.0,0.0,-0.16,-0.03,0.0,0.0,-0.19,20260816,independent_pool,0,20310816,20320816,20,120,72
23,v2_independent_pool_r0,synthetic_identity_bustout|0.58|0.92|0.05|0.05|0.44|0.93|0.7,synthetic_identity_bustout,-0.17984260000000002,0.94654,True,0.0,1.0,0.8912201655758615,12,False,0.0,0.0,-0.16,-0.03,0.0,0.0,-0.19,20260816,independent_pool,0,20310816,20320816,20,120,72
24,v2_independent_pool_r0,fake_merchant_collusion|0.68|0.45|0.47|0.13|0.91|0.44|0.75,fake_merchant_collusion,-0.1878948687500021,0.9889203618421163,True,0.0,1.0,0.9296522143717166,12,False,0.0,0.0,-0.16,-0.03,0.0,0.0,-0.19,20260816,independent_pool,0,20310816,20320816,20,120,72
25,v2_independent_pool_r0,adaptive_card_testing|0.59|1.51|0.39|0.05|0.51|0.49|0.56,adaptive_card_testing,-0.17728660537292937,0.9330873966996283,True,0.0,1.0,0.8698922943014685,12,False,0.0,0.0,-0.16,-0.03,0.0,0.0,-0.19,20260816,independent_pool,0,20310816,20320816,20,120,72
26,v2_independent_pool_r0,ai_app_scam_mule|1.08|1.88|0.5|0.46|0.05|0.65|0.79,ai_app_scam_mule,-0.16654164852819295,0.8765349922536471,True,0.0,1.0,0.9345300035864259,12,False,0.0,0.0,-0.16,-0.03,0.0,0.0,-0.19,20260816,independent_pool,0,20310816,20320816,20,120,72
27,v2_independent_pool_r0,agentic_intent_hijack|0.76|1.1|0.05|0.14|0.85|0.97|0.82,agentic_intent_hijack,-0.1740299802554999,0.915947264502631,True,0.0,1.0,0.9322243410991436,12,False,0.0,0.0,-0.16,-0.03,0.0,0.0,-0.19,20260816,independent_pool,0,20310816,20320816,20,120,72
28,v2_independent_pool_r0,deepfake_account_takeover|1.44|1.66|0.76|0.12|0.4|0.71|0.54,deepfake_account_takeover,-0.1696725896446558,0.8930136297087148,True,0.0,1.0,0.9400588030175885,12,False,0.0,0.0,-0.16,-0.03,0.0,0.0,-0.19,20260816,independent_pool,0,20310816,20320816,20,120,72
29,v2_independent_pool_r0,synthetic_identity_bustout|1.21|1.35|0.12|0.37|0.78|0.87|0.79,synthetic_identity_bustout,-0.18329645050013377,0.9647181605270198,True,0.0,1.0,0.9226706092962514,12,False,0.0,0.0,-0.16,-0.03,0.0,0.0,-0.19,20260816,independent_pool,0,20310816,20320816,20,120,72
30,v2_independent_pool_r0,agentic_intent_hijack|2.13|0.82|0.22|0.05|0.7|0.48|0.56,agentic_intent_hijack,-0.1726431785887609,0.9086483083618995,True,0.0,1.0,0.9255612964584478,12,False,0.0,0.0,-0.16,-0.03,0.0,0.0,-0.19,20260816,independent_pool,0,20310816,20320816,20,120,72
31,v2_independent_pool_r0,fake_merchant_collusion|1.49|1.6|0.26|0.56|0.62|0.86|0.89,fake_merchant_collusion,-0.18528174218936924,0.9751670641545749,True,0.0,1.0,0.9090116559530851,12,False,0.0,0.0,-0.16,-0.03,0.0,0.0,-0.19,20260816,independent_pool,0,20310816,20320816,20,120,72
32,v2_independent_pool_r0,fake_merchant_collusion|0.69|2.1|0.05|0.05|0.98|0.71|0.65,fake_merchant_collusion,-0.1887574,0.99346,True,0.0,1.0,0.8870360739480753,12,False,0.0,0.0,-0.16,-0.03,0.0,0.0,-0.19,20260816,independent_pool,0,20310816,20320816,20,120,72
33,v2_independent_pool_r0,deepfake_account_takeover|0.67|1.44|0.34|0.79|0.3|0.63|0.87,deepfake_account_takeover,-0.17316128534913852,0.9113751860480974,True,0.0,1.0,0.9390841226078926,12,False,0.0,0.0,-0.16,-0.03,0.0,0.0,-0.19,20260816,independent_pool,0,20310816,20320816,20,120,72
34,v2_independent_pool_r0,ai_app_scam_mule|1.27|1.15|0.45|0.87|0.07|0.5|0.41,ai_app_scam_mule,-0.17311800896216561,0.9111474155903454,True,0.0,1.0,0.9346622001064674,12,False,0.0,0.0,-0.16,-0.03,0.0,0.0,-0.19,20260816,independent_pool,0,20310816,20320816,20,120,72
35,v2_independent_pool_r0,adaptive_card_testing|0.69|0.66|0.23|0.05|0.4|0.88|0.49,adaptive_card_testing,-0.18157158235548285,0.9556399071341202,True,0.0,1.0,0.9105756972296853,12,False,0.0,0.0,-0.16,-0.03,0.0,0.0,-0.19,20260816,independent_pool,0,20310816,20320816,20,120,72
36,v2_independent_pool_r0,synthetic_identity_bustout|1.35|0.93|0.42|0.06|0.45|0.46|0.98,synthetic_identity_bustout,-0.18366298385095106,0.9666472834260582,True,0.0,1.0,0.883385110515201,12,False,0.0,0.0,-0.16,-0.03,0.0,0.0,-0.19,20260816,independent_pool,0,20310816,20320816,20,120,72
37,v2_independent_pool_r0,agentic_intent_hijack|1.22|1.28|0.56|0.05|0.64|0.83|0.83,agentic_intent_hijack,-0.17059613210701485,0.8978743795106044,True,0.0,1.0,0.9242426432964826,12,False,0.0,0.0,-0.16,-0.03,0.0,0.0,-0.19,20260816,independent_pool,0,20310816,20320816,20,120,72
38,v2_independent_pool_r0,deepfake_account_takeover|1.48|0.96|0.98|0.71|0.54|0.8|0.76,deepfake_account_takeover,-0.17012143999999998,0.895376,True,0.0,1.0,0.9445738090368342,12,False,0.0,0.0,-0.16,-0.03,0.0,0.0,-0.19,20260816,independent_pool,0,20310816,20320816,20,120,72
39,v2_independent_pool_r0,agentic_intent_hijack|0.69|0.5|0.6|0.34|0.98|0.59|0.98,agentic_intent_hijack,-0.17042590253188925,0.8969784343783644,True,0.0,1.0,0.9417190488980834,12,False,0.0,0.0,-0.16,-0.03,0.0,0.0,-0.19,20260816,independent_pool,0,20310816,20320816,20,120,72
40,v2_independent_pool_r0,ai_app_scam_mule|1.08|1.88|0.5|0.46|0.05|0.65|0.79,ai_app_scam_mule,-0.17081664852819292,0.8990349922536469,True,0.0,1.0,0.9285013445654392,12,False,0.0,0.0,-0.16,-0.03,0.0,0.0,-0.19,20260816,independent_pool,0,20310816,20320816,20,120,72
41,v2_independent_pool_r0,agentic_intent_hijack|0.82|1.43|0.18|0.41|0.98|0.85|0.98,agentic_intent_hijack,-0.1720894838653184,0.9057341256069389,True,0.0,1.0,0.9390975930089014,12,False,0.0,0.0,-0.16,-0.03,0.0,0.0,-0.19,20260816,independent_pool,0,20310816,20320816,20,120,72
42,v2_independent_pool_r0,deepfake_account_takeover|1.44|1.66|0.76|0.12|0.4|0.71|0.54,deepfake_account_takeover,-0.1615975896446558,0.8505136297087147,True,0.0,1.0,0.9403978855167098,12,False,0.0,0.0,-0.16,-0.03,0.0,0.0,-0.19,20260816,independent_pool,0,20310816,20320816,20,120,72
43,v2_independent_pool_r0,adaptive_card_testing|0.8|1.62|0.35|0.05|0.18|0.4|0.59,adaptive_card_testing,-0.17963625289997107,0.9454539626314267,True,0.0,1.0,0.8682544519572678,12,False,0.0,0.0,-0.16,-0.03,0.0,0.0,-0.19,20260816,independent_pool,0,20310816,20320816,20,120,72
44,v2_independent_pool_r0,synthetic_identity_bustout|1.5|0.92|0.38|0.38|0.3|0.9|0.59,synthetic_identity_bustout,-0.18220949984488624,0.9589973676046645,True,0.0,1.0,0.8971675197351813,12,False,0.0,0.0,-0.16,-0.03,0.0,0.0,-0.19,20260816,independent_pool,0,20310816,20320816,20,120,72
45,v2_independent_pool_r0,deepfake_account_takeover|0.67|1.44|0.34|0.79|0.3|0.63|0.87,deepfake_account_takeover,-0.17031128534913847,0.8963751860480973,True,0.0,1.0,0.9372828758888242,12,False,0.0,0.0,-0.16,-0.03,0.0,0.0,-0.19,20260816,independent_pool,0,20310816,20320816,20,120,72
46,v2_independent_pool_r0,fake_merchant_collusion|1.56|0.96|0.11|0.33|0.64|0.97|0.88,fake_merchant_collusion,-0.17610640669736097,0.9268758247229525,True,0.0,1.0,0.9136021457497637,12,False,0.0,0.0,-0.16,-0.03,0.0,0.0,-0.19,20260816,independent_pool,0,20310816,20320816,20,120,72
47,v2_independent_pool_r0,ai_app_scam_mule|0.88|1.0|0.24|0.62|0.63|0.66|0.36,ai_app_scam_mule,-0.16927002058911247,0.8908948452058552,True,0.0,1.0,0.9429872388475636,12,False,0.0,0.0,-0.16,-0.03,0.0,0.0,-0.19,20260816,independent_pool,0,20310816,20320816,20,120,72
48,v2_independent_pool_r0,agentic_intent_hijack|2.13|0.82|0.22|0.05|0.7|0.48|0.56,agentic_intent_hijack,-0.16840682141123905,0.8863516916381003,True,0.0,1.0,0.9419009321335094,12,False,0.0,0.0,-0.16,-0.03,0.0,0.0,-0.19,20260816,independent_pool,0,20310816,20320816,20,120,72
49,v2_independent_pool_r0,synthetic_identity_bustout|1.13|1.26|0.13|0.05|0.81|0.6|0.66,synthetic_identity_bustout,-0.1859454370446658,0.9786601949719251,True,0.0,1.0,0.9101152039178864,12,False,0.0,0.0,-0.16,-0.03,0.0,0.0,-0.19,20260816,independent_pool,0,20310816,20320816,20,120,72
50,v2_independent_pool_r0,ai_app_scam_mule|1.08|1.88|0.5|0.46|0.05|0.65|0.79,ai_app_scam_mule,-0.16606664852819294,0.874034992253647,True,0.0,1.0,0.922027972187374,12,False,0.0,0.0,-0.16,-0.03,0.0,0.0,-0.19,20260816,independent_pool,0,20310816,20320816,20,120,72
51,v2_independent_pool_r0,deepfake_account_takeover|1.44|1.66|0.76|0.12|0.4|0.71|0.54,deepfake_account_takeover,-0.1634975896446558,0.8605136297087147,True,0.0,1.0,0.9369923125331417,12,False,0.0,0.0,-0.16,-0.03,0.0,0.0,-0.19,20260816,independent_pool,0,20310816,20320816,20,120,72
52,v2_independent_pool_r0,agentic_intent_hijack|0.82|1.43|0.18|0.41|0.98|0.85|0.98,agentic_intent_hijack,-0.1720894838653184,0.9057341256069389,True,0.0,1.0,0.9307083742207779,12,False,0.0,0.0,-0.16,-0.03,0.0,0.0,-0.19,20260816,independent_pool,0,20310816,20320816,20,120,72
53,v2_independent_pool_r0,synthetic_identity_bustout|0.58|0.92|0.05|0.05|0.44|0.93|0.7,synthetic_identity_bustout,-0.17984260000000002,0.94654,True,0.0,1.0,0.8899771265554463,12,False,0.0,0.0,-0.16,-0.03,0.0,0.0,-0.19,20260816,independent_pool,0,20310816,20320816,20,120,72
54,v2_independent_pool_r0,fake_merchant_collusion|0.69|2.1|0.05|0.05|0.98|0.71|0.65,fake_merchant_collusion,-0.1887574,0.99346,True,0.0,1.0,0.8796676031539707,12,False,0.0,0.0,-0.16,-0.03,0.0,0.0,-0.19,20260816,independent_pool,0,20310816,20320816,20,120,72
55,v2_independent_pool_r0,deepfake_account_takeover|1.78|1.21|0.51|0.24|0.62|0.6|0.93,deepfake_account_takeover,-0.17451467557215938,0.9184982924850493,True,0.0,1.0,0.9382139065104703,12,False,0.0,0.0,-0.16,-0.03,0.0,0.0,-0.19,20260816,independent_pool,0,20310816,20320816,20,120,72
56,v2_independent_pool_r0,deepfake_account_takeover|0.67|1.44|0.34|0.79|0.3|0.63|0.87,deepfake_account_takeover,-0.1665112853491385,0.8763751860480974,True,0.0,1.0,0.9384747791215102,12,False,0.0,0.0,-0.16,-0.03,0.0,0.0,-0.19,20260816,independent_pool,0,20310816,20320816,20,120,72
57,v2_independent_pool_r0,synthetic_identity_bustout|1.35|0.93|0.42|0.06|0.45|0.46|0.98,synthetic_identity_bustout,-0.17796298385095105,0.9366472834260582,True,0.0,1.0,0.9122512138461434,12,False,0.0,0.0,-0.16,-0.03,0.0,0.0,-0.19,20260816,independent_pool,0,20310816,20320816,20,120,72
58,v2_independent_pool_r0,ai_app_scam_mule|1.59|0.89|0.05|0.98|0.33|0.8|0.84,ai_app_scam_mule,-0.16617855999999998,0.8746239999999998,True,0.0,1.0,0.9427750227673242,12,False,0.0,0.0,-0.16,-0.03,0.0,0.0,-0.19,20260816,independent_pool,0,20310816,20320816,20,120,72
59,v2_independent_pool_r0,deepfake_account_takeover|0.74|0.54|0.82|0.83|0.2|0.81|0.57,deepfake_account_takeover,-0.17024813689189522,0.8960428257468169,True,0.0,1.0,0.9407089749503421,12,False,0.0,0.0,-0.16,-0.03,0.0,0.0,-0.19,20260816,independent_pool,0,20310816,20320816,20,120,72
60,v2_independent_pool_r0,fake_merchant_collusion|0.68|0.45|0.47|0.13|0.91|0.44|0.75,fake_merchant_collusion,-0.1897948687500021,0.9989203618421163,True,0.0,1.0,0.9135390325080769,12,False,0.0,0.0,-0.16,-0.03,0.0,0.0,-0.19,20260816,independent_pool,0,20310816,20320816,20,120,72
61,v2_independent_pool_r0,adaptive_card_testing|1.79|0.91|0.34|0.05|0.75|0.58|0.76,adaptive_card_testing,-0.18692097979633235,0.9837946305070123,True,0.0,1.0,0.9091908160673671,12,False,0.0,0.0,-0.16,-0.03,0.0,0.0,-0.19,20260816,independent_pool,0,20310816,20320816,20,120,72
62,v2_independent_pool_r0,agentic_intent_hijack|1.34|0.65|0.14|0.05|0.47|0.65|0.74,agentic_intent_hijack,-0.16735433340124292,0.8808122810591732,True,0.0,1.0,0.9171164144170691,12,False,0.0,0.0,-0.16,-0.03,0.0,0.0,-0.19,20260816,independent_pool,0,20310816,20320816,20,120,72
63,v2_independent_pool_r0,ai_app_scam_mule|1.27|1.15|0.45|0.87|0.07|0.5|0.41,ai_app_scam_mule,-0.16836800896216564,0.8861474155903455,True,0.0,1.0,0.9347964395901415,12,False,0.0,0.0,-0.16,-0.03,0.0,0.0,-0.19,20260816,independent_pool,0,20310816,20320816,20,120,72
64,v2_independent_pool_r0,agentic_intent_hijack|0.69|0.5|0.6|0.34|0.98|0.59|0.98,agentic_intent_hijack,-0.17137590253188922,0.9019784343783643,True,0.0,1.0,0.9427864564075774,12,False,0.0,0.0,-0.16,-0.03,0.0,0.0,-0.19,20260816,independent_pool,0,20310816,20320816,20,120,72
65,v2_independent_pool_r0,ai_app_scam_mule|1.05|2.1|0.15|0.98|0.4|0.65|0.68,ai_app_scam_mule,-0.16475356,0.8671239999999999,True,0.0,1.0,0.9447383187713468,12,False,0.0,0.0,-0.16,-0.03,0.0,0.0,-0.19,20260816,independent_pool,0,20310816,20320816,20,120,72
66,v2_independent_pool_r0,deepfake_account_takeover|1.48|0.96|0.98|0.71|0.54|0.8|0.76,deepfake_account_takeover,-0.16807856,0.884624,True,0.0,1.0,0.9449120449147616,12,False,0.0,0.0,-0.16,-0.03,0.0,0.0,-0.19,20260816,independent_pool,0,20310816,20320816,20,120,72
67,v2_independent_pool_r0,ai_app_scam_mule|0.92|0.65|0.59|0.78|0.19|0.93|0.82,ai_app_scam_mule,-0.17036028388025465,0.8966330730539718,True,0.0,1.0,0.9363634391750542,12,False,0.0,0.0,-0.16,-0.03,0.0,0.0,-0.19,20260816,independent_pool,0,20310816,20320816,20,120,72
68,v2_independent_pool_r0,ai_app_scam_mule|1.08|1.88|0.5|0.46|0.05|0.65|0.79,ai_app_scam_mule,-0.1693916485281929,0.891534992253647,True,0.0,1.0,0.9289957627059983,12,False,0.0,0.0,-0.16,-0.03,0.0,0.0,-0.19,20260816,independent_pool,0,20310816,20320816,20,120,72
69,v2_independent_pool_r0,deepfake_account_takeover|1.37|0.75|0.68|0.3|0.8|0.91|0.6,deepfake_account_takeover,-0.1696243017368393,0.8927594828254699,True,0.0,1.0,0.9451199168141463,12,False,0.0,0.0,-0.16,-0.03,0.0,0.0,-0.19,20260816,independent_pool,0,20310816,20320816,20,120,72
70,v2_independent_pool_r0,fake_merchant_collusion|1.49|1.6|0.26|0.56|0.62|0.86|0.89,fake_merchant_collusion,-0.18528174218936924,0.9751670641545749,True,0.0,1.0,0.9093886872377336,12,False,0.0,0.0,-0.16,-0.03,0.0,0.0,-0.19,20260816,independent_pool,0,20310816,20320816,20,120,72
71,v2_independent_pool_r0,adaptive_card_testing|0.59|1.51|0.39|0.05|0.51|0.49|0.56,adaptive_card_testing,-0.17586160537292939,0.9255873966996283,True,0.0,1.0,0.8829007265431481,12,False,0.0,0.0,-0.16,-0.03,0.0,0.0,-0.19,20260816,independent_pool,0,20310816,20320816,20,120,72
0,v2_independent_pool_r1,deepfake_account_takeover|1.36|1.52|0.89|0.65|0.19|0.95|0.92,deepfake_account_takeover,-0.16766344786172438,0.8824391992722336,True,0.0,1.0,0.9394892058552534,12,False,0.0,0.0,-0.16,-0.03,0.0,0.0,-0.19,20260816,independent_pool,1,20311825,20321829,20,120,72
1,v2_independent_pool_r1,fake_merchant_collusion|0.51|1.67|0.48|0.2|0.98|0.93|0.48,fake_merchant_collusion,-0.18896058000907934,0.9945293684688385,True,0.0,1.0,0.9043236657974402,12,False,0.0,0.0,-0.16,-0.03,0.0,0.0,-0.19,20260816,independent_pool,1,20311825,20321829,20,120,72
2,v2_independent_pool_r1,agentic_intent_hijack|1.53|0.59|0.31|0.05|0.88|0.84|0.77,agentic_intent_hijack,-0.17208543347403993,0.9057128077581049,True,0.0,1.0,0.9354855660457955,12,False,0.0,0.0,-0.16,-0.03,0.0,0.0,-0.19,20260816,independent_pool,1,20311825,20321829,20,120,72
3,v2_independent_pool_r1,ai_app_scam_mule|0.63|0.66|0.05|0.98|0.37|0.92|0.64,ai_app_scam_mule,-0.16712855999999998,0.879624,True,0.0,1.0,0.9393092670587552,12,False,0.0,0.0,-0.16,-0.03,0.0,0.0,-0.19,20260816,independent_pool,1,20311825,20321829,20,120,72
4,v2_independent_pool_r1,synthetic_identity_bustout|0.81|1.95|0.3|0.23|0.05|0.82|0.87,synthetic_identity_bustout,-0.1817170152302956,0.9564053433173452,True,0.0,1.0,0.8842427054975183,12,False,0.0,0.0,-0.16,-0.03,0.0,0.0,-0.19,20260816,independent_pool,1,20311825,20321829,20,120,72
5,v2_independent_pool_r1,adaptive_card_testing|1.88|1.04|0.05|0.28|0.38|0.86|0.43,adaptive_card_testing,-0.1837984008996801,0.9673600047351585,True,0.0,1.0,0.8828249052133262,12,False,0.0,0.0,-0.16,-0.03,0.0,0.0,-0.19,20260816,independent_pool,1,20311825,20321829,20,120,72
6,v2_independent_pool_r1,adaptive_card_testing|0.52|1.03|0.32|0.22|0.39|0.49|0.69,adaptive_card_testing,-0.18481933533925712,0.972733343890827,True,0.0,1.0,0.8851782018406569,12,False,0.0,0.0,-0.16,-0.03,0.0,0.0,-0.19,20260816,independent_pool,1,20311825,20321829,20,120,72
7,v2_independent_pool_r1,fake_merchant_collusion|1.46|0.76|0.12|0.05|0.98|0.53|0.68,fake_merchant_collusion,-0.18661644115497078,0.9821917955524777,True,0.0,1.0,0.9164270129248421,12,False,0.0,0.0,-0.16,-0.03,0.0,0.0,-0.19,20260816,independent_pool,1,20311825,20321829,20,120,72
8,v2_independent_pool_r1,agentic_intent_hijack|0.58|1.42|0.27|0.05|0.91|0.5|0.74,agentic_intent_hijack,-0.17153069934357074,0.902793154439846,True,0.0,1.0,0.9216789434885967,12,False,0.0,0.0,-0.16,-0.03,0.0,0.0,-0.19,20260816,independent_pool,1,20311825,20321829,20,120,72
9,v2_independent_pool_r1,ai_app_scam_mule|2.04|1.14|0.05|0.66|0.09|0.92|0.79,ai_app_scam_mule,-0.15947765883899528,0.8393560991526068,True,0.0,1.0,0.9335815355937701,12,False,0.0,0.0,-0.16,-0.03,0.0,0.0,-0.19,20260816,independent_pool,1,20311825,20321829,20,120,72
10,v2_independent_pool_r1,deepfake_account_takeover|0.96|0.76|0.84|0.44|0.71|0.97|0.86,deepfake_account_takeover,-0.17424167493028195,0.917061447001484,True,0.0,1.0,0.9419841818126361,12,False,0.0,0.0,-0.16,-0.03,0.0,0.0,-0.19,20260816,independent_pool,1,20311825,20321829,20,120,72
11,v2_independent_pool_r1,ai_app_scam_mule|0.88|0.48|0.33|0.72|0.39|0.39|0.68,ai_app_scam_mule,-0.17202404879582628,0.9053897305043488,True,0.0,1.0,0.9337409632212483,12,False,0.0,0.0,-0.16,-0.03,0.0,0.0,-0.19,20260816,independent_pool,1,20311825,20321829,20,120,72
12,v2_independent_pool_r1,synthetic_identity_bustout|0.81|0.71|0.15|0.05|0.58|0.88|0.65,synthetic_identity_bustout,-0.18102965278187116,0.9527876462203745,True,0.0,1.0,0.9156654435948063,12,False,0.0,0.0,-0.16,-0.03,0.0,0.0,-0.19,20260816,independent_pool,1,20311825,20321829,20,120,72
13,v2_independent_pool_r1,deepfake_account_takeover|1.4|0.84|0.15|0.9|0.43|0.89|0.72,deepfake_account_takeover,-0.1642995955330509,0.8647347133318468,True,0.0,1.0,0.9440427226246341,12,False,0.0,0.0,-0.16,-0.03,0.0,0.0,-0.19,20260816,independent_pool,1,20311825,20321829,20,120,72
14,v2_independent_pool_r1,fake_merchant_collusion|0.7|1.8|0.05|0.32|0.69|0.38|0.8,fake_merchant_collusion,-0.18473177886897926,0.9722725203630487,True,0.0,1.0,0.9074793919075339,12,False,0.0,0.0,-0.16,-0.03,0.0,0.0,-0.19,20260816,independent_pool,1,20311825,20321829,20,120,72
15,v2_independent_pool_r1,agentic_intent_hijack|1.59|1.03|0.45|0.28|0.98|0.53|0.59,agentic_intent_hijack,-0.17061752905492503,0.8979869950259212,True,0.0,1.0,0.9408600058638129,12,False,0.0,0.0,-0.16,-0.03,0.0,0.0,-0.19,20260816,independent_pool,1,20311825,20321829,20,120,72
16,v2_independent_pool_r1,agentic_intent_hijack|1.55|0.93|0.05|0.05|0.37|0.98|0.91,agentic_intent_hijack,-0.17129260000000002,0.90154,True,0.0,1.0,0.9174067643106079,12,False,0.0,0.0,-0.16,-0.03,0.0,0.0,-0.19,20260816,independent_pool,1,20311825,20321829,20,120,72
17,v2_independent_pool_r1,adaptive_card_testing|1.33|0.99|0.61|0.05|0.11|0.87|0.55,adaptive_card_testing,-0.17327892689225058,0.9119943520644767,True,0.0,1.0,0.8789639697409394,12,False,0.0,0.0,-0.16,-0.03,0.0,0.0,-0.19,20260816,independent_pool,1,20311825,20321829,20,120,72
18,v2_independent_pool_r1,synthetic_identity_bustout|1.1|1.7|0.09|0.49|0.6|0.78|0.6,synthetic_identity_bustout,-0.18322044855461964,0.9643181502874718,True,0.0,1.0,0.9135722404910668,12,False,0.0,0.0,-0.16,-0.03,0.0,0.0,-0.19,20260816,independent_pool,1,20311825,20321829,20,120,72
19,v2_independent_pool_r1,deepfake_account_takeover|1.36|1.52|0.89|0.65|0.19|0.95|0.92,deepfake_account_takeover,-0.17288844786172436,0.9099391992722334,True,0.0,1.0,0.9361680653317941,12,False,0.0,0.0,-0.16,-0.03,0.0,0.0,-0.19,20260816,independent_pool,1,20311825,20321829,20,120,72
20,v2_independent_pool_r1,adaptive_card_testing|1.03|2.06|0.07|0.05|0.47|0.92|0.55,adaptive_card_testing,-0.18193747782595093,0.9575656727681628,True,0.0,1.0,0.8586278710064509,12,False,0.0,0.0,-0.16,-0.03,0.0,0.0,-0.19,20260816,independent_pool,1,20311825,20321829,20,120,72
21,v2_independent_pool_r1,ai_app_scam_mule|0.86|1.41|0.16|0.87|0.05|0.98|0.51,ai_app_scam_mule,-0.16655510720340658,0.8766058273863504,True,0.0,1.0,0.9304331349901945,12,False,0.0,0.0,-0.16,-0.03,0.0,0.0,-0.19,20260816,independent_pool,1,20311825,20321829,20,120,72
22,v2_independent_pool_r1,ai_app_scam_mule|1.68|0.91|0.29|0.67|0.58|0.53|0.74,ai_app_scam_mule,-0.16123170677380563,0.8485879303884507,True,0.0,1.0,0.9440147889277749,12,False,0.0,0.0,-0.16,-0.03,0.0,0.0,-0.19,20260816,independent_pool,1,20311825,20321829,20,120,72
23,v2_independent_pool_r1,synthetic_identity_bustout|1.37|0.87|0.06|0.05|0.11|0.77|0.9,synthetic_identity_bustout,-0.17640180983524215,0.9284305780802218,True,0.0,1.0,0.9057659973951937,12,False,0.0,0.0,-0.16,-0.03,0.0,0.0,-0.19,20260816,independent_pool,1,20311825,20321829,20,120,72
24,v2_independent_pool_r1,fake_merchant_collusion|1.58|0.73|0.37|0.13|0.84|0.98|0.76,fake_merchant_collusion,-0.17612104253996905,0.9269528554735212,True,0.0,1.0,0.9204209550015184,12,False,0.0,0.0,-0.16,-0.03,0.0,0.0,-0.19,20260816,independent_pool,1,20311825,20321829,20,120,72
25,v2_independent_pool_r1,adaptive_card_testing|1.18|0.93|0.17|0.05|0.49|0.31|0.73,adaptive_card_testing,-0.18884767333674282,0.9939351228249622,True,0.0,1.0,0.8824032758281734,12,False,0.0,0.0,-0.16,-0.03,0.0,0.0,-0.19,20260816,independent_pool,1,20311825,20321829,20,120,72
26,v2_independent_pool_r1,deepfake_account_takeover|0.56|1.36|0.68|0.6|0.33|0.58|0.57,deepfake_account_takeover,-0.1742442995846221,0.9170752609716952,True,0.0,1.0,0.9412961736157235,12,False,0.0,0.0,-0.16,-0.03,0.0,0.0,-0.19,20260816,independent_pool,1,20311825,20321829,20,120,72
27,v2_independent_pool_r1,fake_merchant_collusion|0.7|1.8|0.05|0.32|0.69|0.38|0.8,fake_merchant_collusion,-0.18330677886897923,0.9647725203630486,True,0.0,1.0,0.8992661595793435,12,False,0.0,0.0,-0.16,-0.03,0.0,0.0,-0.19,20260816,independent_pool,1,20311825,20321829,20,120,72
28,v2_independent_pool_r1,synthetic_identity_bustout|0.76|1.1|0.51|0.05|0.9|0.68|0.64,synthetic_identity_bustout,-0.18587144203799952,0.9782707475684185,True,0.0,1.0,0.9198753055164207,12,False,0.0,0.0,-0.16,-0.03,0.0,0.0,-0.19,20260816,independent_pool,1,20311825,20321829,20,120,72
29,v2_independent_pool_r1,agentic_intent_hijack|0.58|1.42|0.27|0.05|0.91|0.5|0.74,agentic_intent_hijack,-0.17426930065642923,0.9172068455601539,True,0.0,1.0,0.9245508644576746,12,False,0.0,0.0,-0.16,-0.03,0.0,0.0,-0.19,20260816,independent_pool,1,20311825,20321829,20,120,72
30,v2_independent_pool_r1,deepfake_account_takeover|1.4|0.84|0.15|0.9|0.43|0.89|0.72,deepfake_account_takeover,-0.16239959553305092,0.8547347133318469,True,0.0,1.0,0.9419518772514538,12,False,0.0,0.0,-0.16,-0.03,0.0,0.0,-0.19,20260816,independent_pool,1,20311825,20321829,20,120,72
31,v2_independent_pool_r1,ai_app_scam_mule|0.88|0.48|0.33|0.72|0.39|0.39|0.68,ai_app_scam_mule,-0.16822404879582628,0.8853897305043488,True,0.0,1.0,0.943367166111653,12,False,0.0,0.0,-0.16,-0.03,0.0,0.0,-0.19,20260816,independent_pool,1,20311825,20321829,20,120,72
32,v2_independent_pool_r1,deepfake_account_takeover|0.91|0.71|0.47|0.3|0.56|0.77|0.48,deepfake_account_takeover,-0.16787056070428025,0.8835292668646328,True,0.0,1.0,0.9394208737573653,12,False,0.0,0.0,-0.16,-0.03,0.0,0.0,-0.19,20260816,independent_pool,1,20311825,20321829,20,120,72
33,v2_independent_pool_r1,agentic_intent_hijack|1.59|1.03|0.45|0.28|0.98|0.53|0.59,agentic_intent_hijack,-0.171567529054925,0.9029869950259211,True,0.0,1.0,0.9372156575858629,12,False,0.0,0.0,-0.16,-0.03,0.0,0.0,-0.19,20260816,independent_pool,1,20311825,20321829,20,120,72
34,v2_independent_pool_r1,ai_app_scam_mule|0.65|1.04|0.14|0.77|0.73|0.96|0.76,ai_app_scam_mule,-0.17338723830273373,0.9125644121196512,True,0.0,1.0,0.9344562248283591,12,False,0.0,0.0,-0.16,-0.03,0.0,0.0,-0.19,20260816,independent_pool,1,20311825,20321829,20,120,72
35,v2_independent_pool_r1,synthetic_identity_bustout|1.1|1.7|0.09|0.49|0.6|0.78|0.6,synthetic_identity_bustout,-0.18987044855461963,0.9993181502874717,True,0.0,1.0,0.9144980297661158,12,False,0.0,0.0,-0.16,-0.03,0.0,0.0,-0.19,20260816,independent_pool,1,20311825,20321829,20,120,72
36,v2_independent_pool_r1,deepfake_account_takeover|1.36|1.52|0.89|0.65|0.19|0.95|0.92,deepfake_account_takeover,-0.16813844786172438,0.8849391992722335,True,0.0,1.0,0.9401177232948524,12,False,0.0,0.0,-0.16,-0.03,0.0,0.0,-0.19,20260816,independent_pool,1,20311825,20321829,20,120,72
37,v2_independent_pool_r1,agentic_intent_hijack|1.55|0.93|0.05|0.05|0.37|0.98|0.91,agentic_intent_hijack,-0.1674926,0.88154,True,0.0,1.0,0.9214965536031917,12,False,0.0,0.0,-0.16,-0.03,0.0,0.0,-0.19,20260816,independent_pool,1,20311825,20321829,20,120,72
38,v2_independent_pool_r1,deepfake_account_takeover|1.4|0.84|0.15|0.9|0.43|0.89|0.72,deepfake_account_takeover,-0.16239959553305092,0.8547347133318469,True,0.0,1.0,0.9443741562272643,12,False,0.0,0.0,-0.16,-0.03,0.0,0.0,-0.19,20260816,independent_pool,1,20311825,20321829,20,120,72
39,v2_independent_pool_r1,adaptive_card_testing|1.18|0.93|0.17|0.05|0.49|0.31|0.73,adaptive_card_testing,-0.18362267333674281,0.9664351228249621,True,0.0,1.0,0.8859752766925116,12,False,0.0,0.0,-0.16,-0.03,0.0,0.0,-0.19,20260816,independent_pool,1,20311825,20321829,20,120,72
40,v2_independent_pool_r1,fake_merchant_collusion|0.51|1.67|0.48|0.2|0.98|0.93|0.48,fake_merchant_collusion,-0.18516058000907937,0.9745293684688388,True,0.0,1.0,0.9016522853909218,12,False,0.0,0.0,-0.16,-0.03,0.0,0.0,-0.19,20260816,independent_pool,1,20311825,20321829,20,120,72
41,v2_independent_pool_r1,ai_app_scam_mule|2.04|1.14|0.05|0.66|0.09|0.92|0.79,ai_app_scam_mule,-0.16422765883899526,0.8643560991526067,True,0.0,1.0,0.9358112046542701,12,False,0.0,0.0,-0.16,-0.03,0.0,0.0,-0.19,20260816,independent_pool,1,20311825,20321829,20,120,72
42,v2_independent_pool_r1,deepfake_account_takeover|1.18|1.77|0.67|0.35|0.4|0.7|0.63,deepfake_account_takeover,-0.16507480481226858,0.8688147621698347,True,0.0,1.0,0.9385153943848094,12,False,0.0,0.0,-0.16,-0.03,0.0,0.0,-0.19,20260816,independent_pool,1,20311825,20321829,20,120,72
43,v2_independent_pool_r1,synthetic_identity_bustout|1.37|0.87|0.06|0.05|0.11|0.77|0.9,synthetic_identity_bustout,-0.17830180983524213,0.9384305780802218,True,0.0,1.0,0.9069565101783933,12,False,0.0,0.0,-0.16,-0.03,0.0,0.0,-0.19,20260816,independent_pool,1,20311825,20321829,20,120,72
44,v2_independent_pool_r1,adaptive_card_testing|1.03|2.06|0.07|0.05|0.47|0.92|0.55,adaptive_card_testing,-0.1828874778259509,0.9625656727681627,True,0.0,1.0,0.8377616747636982,12,False,0.0,0.0,-0.16,-0.03,0.0,0.0,-0.19,20260816,independent_pool,1,20311825,20321829,20,120,72
45,v2_independent_pool_r1,fake_merchant_collusion|0.7|1.8|0.05|0.32|0.69|0.38|0.8,fake_merchant_collusion,-0.18425677886897926,0.9697725203630487,True,0.0,1.0,0.9022968210526058,12,False,0.0,0.0,-0.16,-0.03,0.0,0.0,-0.19,20260816,independent_pool,1,20311825,20321829,20,120,72
46,v2_independent_pool_r1,agentic_intent_hijack|1.37|1.12|0.37|0.41|0.75|0.63|0.97,agentic_intent_hijack,-0.17090577316626407,0.8995040692961267,True,0.0,1.0,0.9220024114015817,12,False,0.0,0.0,-0.16,-0.03,0.0,0.0,-0.19,20260816,independent_pool,1,20311825,20321829,20,120,72
47,v2_independent_pool_r1,agentic_intent_hijack|0.66|0.86|0.24|0.07|0.71|0.98|0.86,agentic_intent_hijack,-0.16913156579487162,0.8901661357624822,True,0.0,1.0,0.9193415848803473,12,False,0.0,0.0,-0.16,-0.03,0.0,0.0,-0.19,20260816,independent_pool,1,20311825,20321829,20,120,72
48,v2_independent_pool_r1,deepfake_account_takeover|1.4|0.84|0.15|0.9|0.43|0.89|0.72,deepfake_account_takeover,-0.1680995955330509,0.8847347133318468,True,0.0,1.0,0.9414659273018477,12,False,0.0,0.0,-0.16,-0.03,0.0,0.0,-0.19,20260816,independent_pool,1,20311825,20321829,20,120,72
49,v2_independent_pool_r1,fake_merchant_collusion|1.58|0.73|0.37|0.13|0.84|0.98|0.76,fake_merchant_collusion,-0.187046042539969,0.9844528554735211,True,0.0,1.0,0.9027324765808621,12,False,0.0,0.0,-0.16,-0.03,0.0,0.0,-0.19,20260816,independent_pool,1,20311825,20321829,20,120,72
50,v2_independent_pool_r1,synthetic_identity_bustout|0.9|1.05|0.25|0.05|0.82|0.98|0.81,synthetic_identity_bustout,-0.18895769091723652,0.9945141627222975,True,0.0,1.0,0.9109677275071765,12,False,0.0,0.0,-0.16,-0.03,0.0,0.0,-0.19,20260816,independent_pool,1,20311825,20321829,20,120,72
51,v2_independent_pool_r1,synthetic_identity_bustout|0.81|1.95|0.3|0.23|0.05|0.82|0.87,synthetic_identity_bustout,-0.18076701523029556,0.951405343317345,True,0.0,1.0,0.8888602630809025,12,False,0.0,0.0,-0.16,-0.03,0.0,0.0,-0.19,20260816,independent_pool,1,20311825,20321829,20,120,72
52,v2_independent_pool_r1,deepfake_account_takeover|1.12|1.08|0.71|0.17|0.47|0.63|0.64,deepfake_account_takeover,-0.16642859689283893,0.8759399836465207,True,0.0,1.0,0.9397777876341059,12,False,0.0,0.0,-0.16,-0.03,0.0,0.0,-0.19,20260816,independent_pool,1,20311825,20321829,20,120,72
53,v2_independent_pool_r1,adaptive_card_testing|1.33|0.99|0.61|0.05|0.11|0.87|0.55,adaptive_card_testing,-0.17422892689225056,0.9169943520644767,True,0.0,1.0,0.8895142225287936,12,False,0.0,0.0,-0.16,-0.03,0.0,0.0,-0.19,20260816,independent_pool,1,20311825,20321829,20,120,72
54,v2_independent_pool_r1,ai_app_scam_mule|2.04|1.14|0.05|0.66|0.09|0.92|0.79,ai_app_scam_mule,-0.16422765883899526,0.8643560991526067,True,0.0,1.0,0.9335520952625037,12,False,0.0,0.0,-0.16,-0.03,0.0,0.0,-0.19,20260816,independent_pool,1,20311825,20321829,20,120,72
55,v2_independent_pool_r1,ai_app_scam_mule|0.63|0.66|0.05|0.98|0.37|0.92|0.64,ai_app_scam_mule,-0.16285355999999998,0.8571239999999999,True,0.0,1.0,0.9442282045422611,12,False,0.0,0.0,-0.16,-0.03,0.0,0.0,-0.19,20260816,independent_pool,1,20311825,20321829,20,120,72
56,v2_independent_pool_r1,synthetic_identity_bustout|1.1|1.7|0.09|0.49|0.6|0.78|0.6,synthetic_identity_bustout,-0.1870204485546196,0.9843181502874716,True,0.0,1.0,0.8990601557840759,12,False,0.0,0.0,-0.16,-0.03,0.0,0.0,-0.19,20260816,independent_pool,1,20311825,20321829,20,120,72
57,v2_independent_pool_r1,agentic_intent_hijack|1.59|1.03|0.45|0.28|0.98|0.53|0.59,agentic_intent_hijack,-0.17423247094507496,0.9170130049740788,True,0.0,1.0,0.9310490336606501,12,False,0.0,0.0,-0.16,-0.03,0.0,0.0,-0.19,20260816,independent_pool,1,20311825,20321829,20,120,72
58,v2_independent_pool_r1,fake_merchant_collusion|0.7|1.8|0.05|0.32|0.69|0.38|0.8,fake_merchant_collusion,-0.18520677886897924,0.9747725203630486,True,0.0,1.0,0.87620309894473,12,False,0.0,0.0,-0.16,-0.03,0.0,0.0,-0.19,20260816,independent_pool,1,20311825,20321829,20,120,72
59,v2_independent_pool_r1,deepfake_account_takeover|0.91|0.71|0.47|0.3|0.56|0.77|0.48,deepfake_account_takeover,-0.1727044392957197,0.9089707331353669,True,0.0,1.0,0.9395343624998928,12,False,0.0,0.0,-0.16,-0.03,0.0,0.0,-0.19,20260816,independent_pool,1,20311825,20321829,20,120,72
60,v2_independent_pool_r1,deepfake_account_takeover|1.36|1.52|0.89|0.65|0.19|0.95|0.92,deepfake_account_takeover,-0.1605384478617244,0.8449391992722336,True,0.0,1.0,0.9380454199061194,12,False,0.0,0.0,-0.16,-0.03,0.0,0.0,-0.19,20260816,independent_pool,1,20311825,20321829,20,120,72
61,v2_independent_pool_r1,synthetic_identity_bustout|0.49|0.92|0.36|0.05|0.69|0.75|0.77,synthetic_identity_bustout,-0.18668980813368144,0.9825779375456918,True,0.0,1.0,0.904713954837788,12,False,0.0,0.0,-0.16,-0.03,0.0,0.0,-0.19,20260816,independent_pool,1,20311825,20321829,20,120,72
62,v2_independent_pool_r1,adaptive_card_testing|1.03|2.06|0.07|0.05|0.47|0.92|0.55,adaptive_card_testing,-0.1828874778259509,0.9625656727681627,True,0.0,1.0,0.863560064870402,12,False,0.0,0.0,-0.16,-0.03,0.0,0.0,-0.19,20260816,independent_pool,1,20311825,20321829,20,120,72
63,v2_independent_pool_r1,agentic_intent_hijack|1.55|0.93|0.05|0.05|0.37|0.98|0.91,agentic_intent_hijack,-0.17129259999999996,0.9015399999999998,True,0.0,1.0,0.9156025433664995,12,False,0.0,0.0,-0.16,-0.03,0.0,0.0,-0.19,20260816,independent_pool,1,20311825,20321829,20,120,72
64,v2_independent_pool_r1,deepfake_account_takeover|1.4|0.84|0.15|0.9|0.43|0.89|0.72,deepfake_account_takeover,-0.1685745955330509,0.8872347133318468,True,0.0,1.0,0.9426802660242611,12,False,0.0,0.0,-0.16,-0.03,0.0,0.0,-0.19,20260816,independent_pool,1,20311825,20321829,20,120,72
65,v2_independent_pool_r1,synthetic_identity_bustout|1.37|0.87|0.06|0.05|0.11|0.77|0.9,synthetic_identity_bustout,-0.17260180983524215,0.9084305780802218,True,0.0,1.0,0.8882390293649532,12,False,0.0,0.0,-0.16,-0.03,0.0,0.0,-0.19,20260816,independent_pool,1,20311825,20321829,20,120,72
66,v2_independent_pool_r1,ai_app_scam_mule|0.88|0.48|0.33|0.72|0.39|0.39|0.68,ai_app_scam_mule,-0.16204904879582627,0.8528897305043488,True,0.0,1.0,0.9395554458713603,12,False,0.0,0.0,-0.16,-0.03,0.0,0.0,-0.19,20260816,independent_pool,1,20311825,20321829,20,120,72
67,v2_independent_pool_r1,ai_app_scam_mule|0.65|1.04|0.14|0.77|0.73|0.96|0.76,ai_app_scam_mule,-0.1743372383027337,0.9175644121196511,True,0.0,1.0,0.9410730175612155,12,False,0.0,0.0,-0.16,-0.03,0.0,0.0,-0.19,20260816,independent_pool,1,20311825,20321829,20,120,72
68,v2_independent_pool_r1,fake_merchant_collusion|1.58|0.73|0.37|0.13|0.84|0.98|0.76,fake_merchant_collusion,-0.18514604253996902,0.9744528554735211,True,0.0,1.0,0.9218439029939315,12,False,0.0,0.0,-0.16,-0.03,0.0,0.0,-0.19,20260816,independent_pool,1,20311825,20321829,20,120,72
69,v2_independent_pool_r1,ai_app_scam_mule|0.86|1.41|0.16|0.87|0.05|0.98|0.51,ai_app_scam_mule,-0.1656051072034066,0.8716058273863505,True,0.0,1.0,0.9325038724812483,12,False,0.0,0.0,-0.16,-0.03,0.0,0.0,-0.19,20260816,independent_pool,1,20311825,20321829,20,120,72
70,v2_independent_pool_r1,deepfake_account_takeover|1.36|1.52|0.89|0.65|0.19|0.95|0.92,deepfake_account_takeover,-0.17383844786172437,0.9149391992722335,True,0.0,1.0,0.9399001262381775,12,False,0.0,0.0,-0.16,-0.03,0.0,0.0,-0.19,20260816,independent_pool,1,20311825,20321829,20,120,72
71,v2_independent_pool_r1,adaptive_card_testing|0.52|1.03|0.32|0.22|0.39|0.49|0.69,adaptive_card_testing,-0.17959433533925714,0.945233343890827,True,0.0,1.0,0.8767987936845878,12,False,0.0,0.0,-0.16,-0.03,0.0,0.0,-0.19,20260816,independent_pool,1,20311825,20321829,20,120,72
0,v2_independent_pool_r2,deepfake_account_takeover|0.55|1.77|0.93|0.55|0.78|0.98|0.64,deepfake_account_takeover,-0.1675852033151559,0.8820273858692416,True,0.0,1.0,0.9417250942320409,12,False,0.0,0.0,-0.16,-0.03,0.0,0.0,-0.19,20260816,independent_pool,2,20312834,20322842,20,120,72
1,v2_independent_pool_r2,ai_app_scam_mule|2.2|0.86|0.29|0.97|0.26|0.87|0.75,ai_app_scam_mule,-0.169175050643488,0.8903950033867789,True,0.0,1.0,0.9434682673855699,12,False,0.0,0.0,-0.16,-0.03,0.0,0.0,-0.19,20260816,independent_pool,2,20312834,20322842,20,120,72
2,v2_independent_pool_r2,agentic_intent_hijack|0.82|0.68|0.1|0.08|0.88|0.75|0.88,agentic_intent_hijack,-0.17451767172358845,0.9185140617030971,True,0.0,1.0,0.9289494079179669,12,False,0.0,0.0,-0.16,-0.03,0.0,0.0,-0.19,20260816,independent_pool,2,20312834,20322842,20,120,72
3,v2_independent_pool_r2,adaptive_card_testing|1.58|1.91|0.16|0.08|0.51|0.69|0.6,adaptive_card_testing,-0.1809560738960889,0.9524003889267836,True,0.0,1.0,0.8626493484510828,12,False,0.0,0.0,-0.16,-0.03,0.0,0.0,-0.19,20260816,independent_pool,2,20312834,20322842,20,120,72
4,v2_independent_pool_r2,ai_app_scam_mule|0.45|0.83|0.15|0.77|0.29|0.68|0.74,ai_app_scam_mule,-0.16859234942796317,0.8873281548840166,True,0.0,1.0,0.9304883805230971,12,False,0.0,0.0,-0.16,-0.03,0.0,0.0,-0.19,20260816,independent_pool,2,20312834,20322842,20,120,72
5,v2_independent_pool_r2,fake_merchant_collusion|2.2|0.79|0.17|0.21|0.98|0.8|0.68,fake_merchant_collusion,-0.1867651131872041,0.9829742799326532,True,0.0,1.0,0.9129028368040979,12,False,0.0,0.0,-0.16,-0.03,0.0,0.0,-0.19,20260816,independent_pool,2,20312834,20322842,20,120,72
6,v2_independent_pool_r2,deepfake_account_takeover|1.14|0.62|0.63|0.93|0.21|0.97|0.68,deepfake_account_takeover,-0.16681553766556403,0.8779765140292844,True,0.0,1.0,0.9402887205574223,12,False,0.0,0.0,-0.16,-0.03,0.0,0.0,-0.19,20260816,independent_pool,2,20312834,20322842,20,120,72
7,v2_independent_pool_r2,synthetic_identity_bustout|0.61|1.49|0.11|0.05|0.37|0.85|0.47,synthetic_identity_bustout,-0.18578307583291473,0.9778056622784985,True,0.0,1.0,0.8889181878972418,12,False,0.0,0.0,-0.16,-0.03,0.0,0.0,-0.19,20260816,independent_pool,2,20312834,20322842,20,120,72
8,v2_independent_pool_r2,agentic_intent_hijack|1.28|1.73|0.05|0.16|0.71|0.49|0.93,agentic_intent_hijack,-0.16997300036852675,0.8945947387817197,True,0.0,1.0,0.9264218748590435,12,False,0.0,0.0,-0.16,-0.03,0.0,0.0,-0.19,20260816,independent_pool,2,20312834,20322842,20,120,72
9,v2_independent_pool_r2,fake_merchant_collusion|0.55|1.16|0.61|0.13|0.91|0.66|0.87,fake_merchant_collusion,-0.18854307283628274,0.992331962296225,True,0.0,1.0,0.9202866496106618,12,False,0.0,0.0,-0.16,-0.03,0.0,0.0,-0.19,20260816,independent_pool,2,20312834,20322842,20,120,72
10,v2_independent_pool_r2,adaptive_card_testing|1.36|0.64|0.43|0.07|0.34|0.6|0.53,adaptive_card_testing,-0.1787637208060534,0.9408616884529126,True,0.0,1.0,0.8929432231215463,12,False,0.0,0.0,-0.16,-0.03,0.0,0.0,-0.19,20260816,independent_pool,2,20312834,20322842,20,120,72
11,v2_independent_pool_r2,deepfake_account_takeover|0.55|1.77|0.93|0.55|0.78|0.98|0.64,deepfake_account_takeover,-0.17138520331515592,0.9020273858692416,True,0.0,1.0,0.9421625244876349,12,False,0.0,0.0,-0.16,-0.03,0.0,0.0,-0.19,20260816,independent_pool,2,20312834,20322842,20,120,72
12,v2_independent_pool_r2,agentic_intent_hijack|1.13|1.42|0.66|0.05|0.62|0.98|0.58,agentic_intent_hijack,-0.17278410280503595,0.9093900147633471,True,0.0,1.0,0.9216688753093463,12,False,0.0,0.0,-0.16,-0.03,0.0,0.0,-0.19,20260816,independent_pool,2,20312834,20322842,20,120,72
13,v2_independent_pool_r2,synthetic_identity_bustout|0.83|0.68|0.05|0.36|0.77|0.85|0.85,synthetic_identity_bustout,-0.18615306298915962,0.9797529631008401,True,0.0,1.0,0.9121002021247291,12,False,0.0,0.0,-0.16,-0.03,0.0,0.0,-0.19,20260816,independent_pool,2,20312834,20322842,20,120,72
14,v2_independent_pool_r2,adaptive_card_testing|0.72|0.89|0.37|0.08|0.42|0.98|0.9,adaptive_card_testing,-0.17896085469246764,0.9418992352235138,True,0.0,1.0,0.9009786979159905,12,False,0.0,0.0,-0.16,-0.03,0.0,0.0,-0.19,20260816,independent_pool,2,20312834,20322842,20,120,72
15,v2_independent_pool_r2,deepfake_account_takeover|0.96|1.7|0.87|0.43|0.42|0.84|0.98,deepfake_account_takeover,-0.17128208919901475,0.9014846799948144,True,0.0,1.0,0.9400356911903661,12,False,0.0,0.0,-0.16,-0.03,0.0,0.0,-0.19,20260816,independent_pool,2,20312834,20322842,20,120,72
16,v2_independent_pool_r2,ai_app_scam_mule|2.06|1.17|0.16|0.49|0.06|0.78|0.5,ai_app_scam_mule,-0.16708158330563774,0.8793767542401987,True,0.0,1.0,0.931133972303264,12,False,0.0,0.0,-0.16,-0.03,0.0,0.0,-0.19,20260816,independent_pool,2,20312834,20322842,20,120,72
17,v2_independent_pool_r2,ai_app_scam_mule|0.72|1.03|0.18|0.81|0.86|0.86|0.78,ai_app_scam_mule,-0.17295082571625084,0.9102675037697412,True,0.0,1.0,0.9425014862376392,12,False,0.0,0.0,-0.16,-0.03,0.0,0.0,-0.19,20260816,independent_pool,2,20312834,20322842,20,120,72
18,v2_independent_pool_r2,synthetic_identity_bustout|0.8|0.98|0.64|0.05|0.65|0.82|0.8,synthetic_identity_bustout,-0.1791634484864316,0.9429655183496399,True,0.0,1.0,0.9399729062034147,12,False,0.0,0.0,-0.16,-0.03,0.0,0.0,-0.19,20260816,independent_pool,2,20312834,20322842,20,120,72
19,v2_independent_pool_r2,adaptive_card_testing|0.76|0.87|0.39|0.15|0.38|0.32|0.63,adaptive_card_testing,-0.17735514696578167,0.9334481419251667,True,0.0,1.0,0.9018277460900818,12,False,0.0,0.0,-0.16,-0.03,0.0,0.0,-0.19,20260816,independent_pool,2,20312834,20322842,20,120,72
20,v2_independent_pool_r2,deepfake_account_takeover|1.14|0.62|0.63|0.93|0.21|0.97|0.68,deepfake_account_takeover,-0.17061553766556403,0.8979765140292844,True,0.0,1.0,0.9407375491565104,12,False,0.0,0.0,-0.16,-0.03,0.0,0.0,-0.19,20260816,independent_pool,2,20312834,20322842,20,120,72
21,v2_independent_pool_r2,agentic_intent_hijack|0.72|0.66|0.46|0.13|0.6|0.98|0.66,agentic_intent_hijack,-0.17222867036308792,0.9064666861215154,True,0.0,1.0,0.9339827914075575,12,False,0.0,0.0,-0.16,-0.03,0.0,0.0,-0.19,20260816,independent_pool,2,20312834,20322842,20,120,72
22,v2_independent_pool_r2,fake_merchant_collusion|1.43|1.65|0.59|0.38|0.82|0.85|0.61,fake_merchant_collusion,-0.1832064099907373,0.9642442631091437,True,0.0,1.0,0.9248818776842088,12,False,0.0,0.0,-0.16,-0.03,0.0,0.0,-0.19,20260816,independent_pool,2,20312834,20322842,20,120,72
23,v2_independent_pool_r2,ai_app_scam_mule|0.45|0.83|0.15|0.77|0.29|0.68|0.74,ai_app_scam_mule,-0.17334234942796314,0.9123281548840165,True,0.0,1.0,0.9313560863951457,12,False,0.0,0.0,-0.16,-0.03,0.0,0.0,-0.19,20260816,independent_pool,2,20312834,20322842,20,120,72
24,v2_independent_pool_r2,deepfake_account_takeover|1.26|0.93|0.98|0.76|0.55|0.74|0.65,deepfake_account_takeover,-0.17012143999999998,0.895376,True,0.0,1.0,0.9420467181103381,12,False,0.0,0.0,-0.16,-0.03,0.0,0.0,-0.19,20260816,independent_pool,2,20312834,20322842,20,120,72
25,v2_independent_pool_r2,agentic_intent_hijack|1.28|1.73|0.05|0.16|0.71|0.49|0.93,agentic_intent_hijack,-0.1728230003685267,0.9095947387817196,True,0.0,1.0,0.9306977413978869,12,False,0.0,0.0,-0.16,-0.03,0.0,0.0,-0.19,20260816,independent_pool,2,20312834,20322842,20,120,72
26,v2_independent_pool_r2,deepfake_account_takeover|1.19|0.81|0.51|0.19|0.44|0.92|0.74,deepfake_account_takeover,-0.16987952869944067,0.8941027826286352,True,0.0,1.0,0.9400524045550473,12,False,0.0,0.0,-0.16,-0.03,0.0,0.0,-0.19,20260816,independent_pool,2,20312834,20322842,20,120,72
27,v2_independent_pool_r2,fake_merchant_collusion|0.82|0.66|0.07|0.37|0.54|0.72|0.72,fake_merchant_collusion,-0.18184416349289723,0.9570745446994591,True,0.0,1.0,0.8926964283661804,12,False,0.0,0.0,-0.16,-0.03,0.0,0.0,-0.19,20260816,independent_pool,2,20312834,20322842,20,120,72
28,v2_independent_pool_r2,adaptive_card_testing|0.49|1.17|0.24|0.05|0.54|0.49|0.46,adaptive_card_testing,-0.18091261546447693,0.9521716603393523,True,0.0,1.0,0.8788528765389346,12,False,0.0,0.0,-0.16,-0.03,0.0,0.0,-0.19,20260816,independent_pool,2,20312834,20322842,20,120,72
29,v2_independent_pool_r2,agentic_intent_hijack|1.67|0.78|0.52|0.07|0.83|0.64|0.88,agentic_intent_hijack,-0.1724279266972616,0.9075154036697979,True,0.0,1.0,0.9347559633854877,12,False,0.0,0.0,-0.16,-0.03,0.0,0.0,-0.19,20260816,independent_pool,2,20312834,20322842,20,120,72
30,v2_independent_pool_r2,synthetic_identity_bustout|0.83|0.68|0.05|0.36|0.77|0.85|0.85,synthetic_identity_bustout,-0.18425306298915964,0.9697529631008401,True,0.0,1.0,0.9252288813409889,12,False,0.0,0.0,-0.16,-0.03,0.0,0.0,-0.19,20260816,independent_pool,2,20312834,20322842,20,120,72
31,v2_independent_pool_r2,deepfake_account_takeover|0.96|1.7|0.87|0.43|0.42|0.84|0.98,deepfake_account_takeover,-0.16605708919901474,0.8739846799948144,True,0.0,1.0,0.929813029070831,12,False,0.0,0.0,-0.16,-0.03,0.0,0.0,-0.19,20260816,independent_pool,2,20312834,20322842,20,120,72
32,v2_independent_pool_r2,agentic_intent_hijack|0.66|2.1|0.18|0.05|0.52|0.82|0.54,agentic_intent_hijack,-0.1716410797849222,0.9033741041311696,True,0.0,1.0,0.9209893906687663,12,False,0.0,0.0,-0.16,-0.03,0.0,0.0,-0.19,20260816,independent_pool,2,20312834,20322842,20,120,72
33,v2_independent_pool_r2,fake_merchant_collusion|0.55|1.16|0.61|0.13|0.91|0.66|0.87,fake_merchant_collusion,-0.18854307283628274,0.992331962296225,True,0.0,1.0,0.9110889609214191,12,False,0.0,0.0,-0.16,-0.03,0.0,0.0,-0.19,20260816,independent_pool,2,20312834,20322842,20,120,72
34,v2_independent_pool_r2,ai_app_scam_mule|1.35|0.77|0.29|0.62|0.52|0.64|0.34,ai_app_scam_mule,-0.16462888172722237,0.8664677985643283,True,0.0,1.0,0.9453929802393047,12,False,0.0,0.0,-0.16,-0.03,0.0,0.0,-0.19,20260816,independent_pool,2,20312834,20322842,20,120,72
35,v2_independent_pool_r2,deepfake_account_takeover|0.69|1.03|0.82|0.68|0.05|0.79|0.64,deepfake_account_takeover,-0.1699742012915935,0.8946010594294393,True,0.0,1.0,0.9376877307053259,12,False,0.0,0.0,-0.16,-0.03,0.0,0.0,-0.19,20260816,independent_pool,2,20312834,20322842,20,120,72
36,v2_independent_pool_r2,adaptive_card_testing|0.72|0.89|0.37|0.08|0.42|0.98|0.9,adaptive_card_testing,-0.1784858546924676,0.9393992352235138,True,0.0,1.0,0.8924841929693123,12,False,0.0,0.0,-0.16,-0.03,0.0,0.0,-0.19,20260816,independent_pool,2,20312834,20322842,20,120,72
37,v2_independent_pool_r2,agentic_intent_hijack|0.75|0.98|0.48|0.28|0.43|0.84|0.94,agentic_intent_hijack,-0.17381412363976237,0.9148111770513809,True,0.0,1.0,0.927359127592474,12,False,0.0,0.0,-0.16,-0.03,0.0,0.0,-0.19,20260816,independent_pool,2,20312834,20322842,20,120,72
38,v2_independent_pool_r2,deepfake_account_takeover|0.55|1.77|0.93|0.55|0.78|0.98|0.64,deepfake_account_takeover,-0.1675852033151559,0.8820273858692416,True,0.0,1.0,0.9469536647964891,12,False,0.0,0.0,-0.16,-0.03,0.0,0.0,-0.19,20260816,independent_pool,2,20312834,20322842,20,120,72
39,v2_independent_pool_r2,synthetic_identity_bustout|0.61|1.49|0.11|0.05|0.37|0.85|0.47,synthetic_identity_bustout,-0.18578307583291473,0.9778056622784985,True,0.0,1.0,0.8840117053583807,12,False,0.0,0.0,-0.16,-0.03,0.0,0.0,-0.19,20260816,independent_pool,2,20312834,20322842,20,120,72
40,v2_independent_pool_r2,ai_app_scam_mule|0.45|0.83|0.15|0.77|0.29|0.68|0.74,ai_app_scam_mule,-0.16764234942796313,0.8823281548840165,True,0.0,1.0,0.9309612835500009,12,False,0.0,0.0,-0.16,-0.03,0.0,0.0,-0.19,20260816,independent_pool,2,20312834,20322842,20,120,72
41,v2_independent_pool_r2,deepfake_account_takeover|0.8|1.59|0.75|0.83|0.39|0.72|0.83,deepfake_account_takeover,-0.17316050054911727,0.9113710555216699,True,0.0,1.0,0.9420113736382647,12,False,0.0,0.0,-0.16,-0.03,0.0,0.0,-0.19,20260816,independent_pool,2,20312834,20322842,20,120,72
42,v2_independent_pool_r2,fake_merchant_collusion|1.07|0.96|0.05|0.12|0.98|0.88|0.96,fake_merchant_collusion,-0.18420112091945104,0.9694795837865844,True,0.0,1.0,0.9240410292344566,12,False,0.0,0.0,-0.16,-0.03,0.0,0.0,-0.19,20260816,independent_pool,2,20312834,20322842,20,120,72
43,v2_independent_pool_r2,ai_app_scam_mule|2.06|1.17|0.16|0.49|0.06|0.78|0.5,ai_app_scam_mule,-0.15853158330563774,0.8343767542401986,True,0.0,1.0,0.9386669716558518,12,False,0.0,0.0,-0.16,-0.03,0.0,0.0,-0.19,20260816,independent_pool,2,20312834,20322842,20,120,72
44,v2_independent_pool_r2,adaptive_card_testing|0.76|0.87|0.39|0.15|0.38|0.32|0.63,adaptive_card_testing,-0.17973014696578168,0.9459481419251667,True,0.0,1.0,0.8846000096553035,12,False,0.0,0.0,-0.16,-0.03,0.0,0.0,-0.19,20260816,independent_pool,2,20312834,20322842,20,120,72
45,v2_independent_pool_r2,agentic_intent_hijack|1.67|0.78|0.52|0.07|0.83|0.64|0.88,agentic_intent_hijack,-0.1667279266972616,0.8775154036697979,True,0.0,1.0,0.9415698241679475,12,False,0.0,0.0,-0.16,-0.03,0.0,0.0,-0.19,20260816,independent_pool,2,20312834,20322842,20,120,72
46,v2_independent_pool_r2,deepfake_account_takeover|1.19|0.81|0.51|0.19|0.44|0.92|0.74,deepfake_account_takeover,-0.16214547130055929,0.8533972173713646,True,0.0,1.0,0.9402380597325447,12,False,0.0,0.0,-0.16,-0.03,0.0,0.0,-0.19,20260816,independent_pool,2,20312834,20322842,20,120,72
47,v2_independent_pool_r2,deepfake_account_takeover|1.14|0.62|0.63|0.93|0.21|0.97|0.68,deepfake_account_takeover,-0.17441553766556403,0.9179765140292844,True,0.0,1.0,0.9403161578153023,12,False,0.0,0.0,-0.16,-0.03,0.0,0.0,-0.19,20260816,independent_pool,2,20312834,20322842,20,120,72
48,v2_independent_pool_r2,synthetic_identity_bustout|0.8|0.98|0.64|0.05|0.65|0.82|0.8,synthetic_identity_bustout,-0.1843884484864316,0.97046551834964,True,0.0,1.0,0.8989475167598768,12,False,0.0,0.0,-0.16,-0.03,0.0,0.0,-0.19,20260816,independent_pool,2,20312834,20322842,20,120,72
49,v2_independent_pool_r2,agentic_intent_hijack|1.28|1.73|0.05|0.16|0.71|0.49|0.93,agentic_intent_hijack,-0.1728230003685267,0.9095947387817196,True,0.0,1.0,0.9337097888407193,12,False,0.0,0.0,-0.16,-0.03,0.0,0.0,-0.19,20260816,independent_pool,2,20312834,20322842,20,120,72
50,v2_independent_pool_r2,ai_app_scam_mule|0.72|1.03|0.18|0.81|0.86|0.86|0.78,ai_app_scam_mule,-0.17189917428374918,0.9047324962302588,True,0.0,1.0,0.9428194987045608,12,False,0.0,0.0,-0.16,-0.03,0.0,0.0,-0.19,20260816,independent_pool,2,20312834,20322842,20,120,72
51,v2_independent_pool_r2,adaptive_card_testing|0.72|0.89|0.37|0.08|0.42|0.98|0.9,adaptive_card_testing,-0.18276085469246764,0.9618992352235138,True,0.0,1.0,0.9053686698556763,12,False,0.0,0.0,-0.16,-0.03,0.0,0.0,-0.19,20260816,independent_pool,2,20312834,20322842,20,120,72
52,v2_independent_pool_r2,deepfake_account_takeover|0.96|1.7|0.87|0.43|0.42|0.84|0.98,deepfake_account_takeover,-0.16748208919901475,0.8814846799948145,True,0.0,1.0,0.9409845848969801,12,False,0.0,0.0,-0.16,-0.03,0.0,0.0,-0.19,20260816,independent_pool,2,20312834,20322842,20,120,72
53,v2_independent_pool_r2,ai_app_scam_mule|2.2|0.86|0.29|0.97|0.26|0.87|0.75,ai_app_scam_mule,-0.164425050643488,0.8653950033867789,True,0.0,1.0,0.9368977435851863,12,False,0.0,0.0,-0.16,-0.03,0.0,0.0,-0.19,20260816,independent_pool,2,20312834,20322842,20,120,72
54,v2_independent_pool_r2,agentic_intent_hijack|0.75|0.98|0.48|0.28|0.43|0.84|0.94,agentic_intent_hijack,-0.1691358763602376,0.890188822948619,True,0.0,1.0,0.9212847461477883,12,False,0.0,0.0,-0.16,-0.03,0.0,0.0,-0.19,20260816,independent_pool,2,20312834,20322842,20,120,72
55,v2_independent_pool_r2,ai_app_scam_mule|0.45|0.83|0.15|0.77|0.29|0.68|0.74,ai_app_scam_mule,-0.16289234942796316,0.8573281548840166,True,0.0,1.0,0.9274404748742583,12,False,0.0,0.0,-0.16,-0.03,0.0,0.0,-0.19,20260816,independent_pool,2,20312834,20322842,20,120,72
56,v2_independent_pool_r2,agentic_intent_hijack|0.72|0.66|0.46|0.13|0.6|0.98|0.66,agentic_intent_hijack,-0.1693786703630879,0.8914666861215153,True,0.0,1.0,0.9350095272350355,12,False,0.0,0.0,-0.16,-0.03,0.0,0.0,-0.19,20260816,independent_pool,2,20312834,20322842,20,120,72
57,v2_independent_pool_r2,fake_merchant_collusion|1.43|1.65|0.59|0.38|0.82|0.85|0.61,fake_merchant_collusion,-0.1841564099907373,0.9692442631091437,True,0.0,1.0,0.917143113734043,12,False,0.0,0.0,-0.16,-0.03,0.0,0.0,-0.19,20260816,independent_pool,2,20312834,20322842,20,120,72
58,v2_independent_pool_r2,deepfake_account_takeover|1.14|0.62|0.63|0.93|0.21|0.97|0.68,deepfake_account_takeover,-0.17346553766556405,0.9129765140292845,True,0.0,1.0,0.9405394027115453,12,False,0.0,0.0,-0.16,-0.03,0.0,0.0,-0.19,20260816,independent_pool,2,20312834,20322842,20,120,72
59,v2_independent_pool_r2,adaptive_card_testing|0.76|0.87|0.39|0.15|0.38|0.32|0.63,adaptive_card_testing,-0.18020514696578166,0.9484481419251667,True,0.0,1.0,0.8906192679596109,12,False,0.0,0.0,-0.16,-0.03,0.0,0.0,-0.19,20260816,independent_pool,2,20312834,20322842,20,120,72
60,v2_independent_pool_r2,deepfake_account_takeover|0.96|1.7|0.87|0.43|0.42|0.84|0.98,deepfake_account_takeover,-0.16700708919901475,0.8789846799948144,True,0.0,1.0,0.938339018820523,12,False,0.0,0.0,-0.16,-0.03,0.0,0.0,-0.19,20260816,independent_pool,2,20312834,20322842,20,120,72
61,v2_independent_pool_r2,agentic_intent_hijack|0.66|2.1|0.18|0.05|0.52|0.82|0.54,agentic_intent_hijack,-0.16974107978492223,0.8933741041311696,True,0.0,1.0,0.8992703573314684,12,False,0.0,0.0,-0.16,-0.03,0.0,0.0,-0.19,20260816,independent_pool,2,20312834,20322842,20,120,72
62,v2_independent_pool_r2,deepfake_account_takeover|0.55|1.77|0.93|0.55|0.78|0.98|0.64,deepfake_account_takeover,-0.17441479668484408,0.9179726141307583,True,0.0,1.0,0.9406645513674716,12,False,0.0,0.0,-0.16,-0.03,0.0,0.0,-0.19,20260816,independent_pool,2,20312834,20322842,20,120,72
63,v2_independent_pool_r2,adaptive_card_testing|0.72|0.89|0.37|0.08|0.42|0.98|0.9,adaptive_card_testing,-0.1784858546924676,0.9393992352235138,True,0.0,1.0,0.8859162371016399,12,False,0.0,0.0,-0.16,-0.03,0.0,0.0,-0.19,20260816,independent_pool,2,20312834,20322842,20,120,72
64,v2_independent_pool_r2,synthetic_identity_bustout|1.92|1.07|0.05|0.18|0.51|0.79|0.75,synthetic_identity_bustout,-0.18167946348511962,0.9562077025532612,True,0.0,1.0,0.9003985523802801,12,False,0.0,0.0,-0.16,-0.03,0.0,0.0,-0.19,20260816,independent_pool,2,20312834,20322842,20,120,72
65,v2_independent_pool_r2,ai_app_scam_mule|0.45|0.83|0.15|0.77|0.29|0.68|0.74,ai_app_scam_mule,-0.16479234942796317,0.8673281548840166,True,0.0,1.0,0.9275478409595274,12,False,0.0,0.0,-0.16,-0.03,0.0,0.0,-0.19,20260816,independent_pool,2,20312834,20322842,20,120,72
66,v2_independent_pool_r2,deepfake_account_takeover|1.19|0.81|0.51|0.19|0.44|0.92|0.74,deepfake_account_takeover,-0.16214547130055929,0.8533972173713646,True,0.0,1.0,0.9403696375346081,12,False,0.0,0.0,-0.16,-0.03,0.0,0.0,-0.19,20260816,independent_pool,2,20312834,20322842,20,120,72
67,v2_independent_pool_r2,agentic_intent_hijack|1.67|0.78|0.52|0.07|0.83|0.64|0.88,agentic_intent_hijack,-0.16767792669726161,0.882515403669798,True,0.0,1.0,0.9360038131370536,12,False,0.0,0.0,-0.16,-0.03,0.0,0.0,-0.19,20260816,independent_pool,2,20312834,20322842,20,120,72
68,v2_independent_pool_r2,adaptive_card_testing|1.58|1.91|0.16|0.08|0.51|0.69|0.6,adaptive_card_testing,-0.1823810738960889,0.9599003889267836,True,0.0,1.0,0.8649892480610005,12,False,0.0,0.0,-0.16,-0.03,0.0,0.0,-0.19,20260816,independent_pool,2,20312834,20322842,20,120,72
69,v2_independent_pool_r2,agentic_intent_hijack|1.28|1.73|0.05|0.16|0.71|0.49|0.93,agentic_intent_hijack,-0.16759800036852673,0.8820947387817196,True,0.0,1.0,0.9210090520492966,12,False,0.0,0.0,-0.16,-0.03,0.0,0.0,-0.19,20260816,independent_pool,2,20312834,20322842,20,120,72
70,v2_independent_pool_r2,ai_app_scam_mule|2.06|1.17|0.16|0.49|0.06|0.78|0.5,ai_app_scam_mule,-0.16518158330563776,0.8693767542401987,True,0.0,1.0,0.9316664575501307,12,False,0.0,0.0,-0.16,-0.03,0.0,0.0,-0.19,20260816,independent_pool,2,20312834,20322842,20,120,72
71,v2_independent_pool_r2,deepfake_account_takeover|0.96|1.7|0.87|0.43|0.42|0.84|0.98,deepfake_account_takeover,-0.17223208919901475,0.9064846799948145,True,0.0,1.0,0.9398773450798302,12,False,0.0,0.0,-0.16,-0.03,0.0,0.0,-0.19,20260816,independent_pool,2,20312834,20322842,20,120,72
0,v2_double_search_pressure_r0,fake_merchant_collusion|0.45|0.8|0.34|0.38|0.98|0.64|0.98,fake_merchant_collusion,-0.18738072413042975,0.9862143375285777,True,0.0,1.0,0.9090997730596907,12,False,0.0,0.0,-0.16,-0.03,0.0,0.0,-0.19,20260816,double_search_pressure,0,20350816,20360816,40,240,144
1,v2_double_search_pressure_r0,deepfake_account_takeover|1.69|1.67|0.5|0.62|0.26|0.98|0.68,deepfake_account_takeover,-0.1675536358784496,0.8818612414655241,True,0.0,1.0,0.9375902335965723,12,False,0.0,0.0,-0.16,-0.03,0.0,0.0,-0.19,20260816,double_search_pressure,0,20350816,20360816,40,240,144
2,v2_double_search_pressure_r0,synthetic_identity_bustout|1.73|0.5|0.51|0.23|0.64|0.63|0.95,synthetic_identity_bustout,-0.18393922511714153,0.9681011848270606,True,0.0,1.0,0.9216810460850812,12,False,0.0,0.0,-0.16,-0.03,0.0,0.0,-0.19,20260816,double_search_pressure,0,20350816,20360816,40,240,144
3,v2_double_search_pressure_r0,ai_app_scam_mule|0.55|0.8|0.09|0.87|0.05|0.63|0.5,ai_app_scam_mule,-0.16550179017551733,0.8710620535553544,True,0.0,1.0,0.9245887309104243,12,False,0.0,0.0,-0.16,-0.03,0.0,0.0,-0.19,20260816,double_search_pressure,0,20350816,20360816,40,240,144
4,v2_double_search_pressure_r0,agentic_intent_hijack|0.45|1.42|0.19|0.05|0.68|0.85|0.8,agentic_intent_hijack,-0.17255957929526936,0.908208312080365,True,0.0,1.0,0.9203712257506614,12,False,0.0,0.0,-0.16,-0.03,0.0,0.0,-0.19,20260816,double_search_pressure,0,20350816,20360816,40,240,144
5,v2_double_search_pressure_r0,adaptive_card_testing|0.63|2.1|0.36|0.26|0.21|0.66|0.71,adaptive_card_testing,-0.1824411595419829,0.9602166291683311,True,0.0,1.0,0.8619843282176589,12,False,0.0,0.0,-0.16,-0.03,0.0,0.0,-0.19,20260816,double_search_pressure,0,20350816,20360816,40,240,144
6,v2_double_search_pressure_r0,agentic_intent_hijack|2.2|1.28|0.14|0.17|0.68|0.52|0.84,agentic_intent_hijack,-0.16514230454821893,0.8691700239379944,True,0.0,1.0,0.9332554986713354,12,False,0.0,0.0,-0.16,-0.03,0.0,0.0,-0.19,20260816,double_search_pressure,0,20350816,20360816,40,240,144
7,v2_double_search_pressure_r0,adaptive_card_testing|0.82|0.53|0.06|0.21|0.8|0.84|0.58,adaptive_card_testing,-0.18681673639007187,0.9832459810003783,True,0.0,1.0,0.9014369594013427,12,False,0.0,0.0,-0.16,-0.03,0.0,0.0,-0.19,20260816,double_search_pressure,0,20350816,20360816,40,240,144
8,v2_double_search_pressure_r0,deepfake_account_takeover|0.47|1.05|0.83|0.31|0.26|0.64|0.71,deepfake_account_takeover,-0.16267703051345794,0.8561948974392524,True,0.0,1.0,0.9398908326278138,12,False,0.0,0.0,-0.16,-0.03,0.0,0.0,-0.19,20260816,double_search_pressure,0,20350816,20360816,40,240,144
9,v2_double_search_pressure_r0,fake_merchant_collusion|1.3|1.29|0.59|0.05|0.8|0.8|0.46,fake_merchant_collusion,-0.18307956408790638,0.963576653094244,True,0.0,1.0,0.9128819730654544,12,False,0.0,0.0,-0.16,-0.03,0.0,0.0,-0.19,20260816,double_search_pressure,0,20350816,20360816,40,240,144
10,v2_double_search_pressure_r0,synthetic_identity_bustout|0.63|1.77|0.26|0.21|0.61|0.84|0.54,synthetic_identity_bustout,-0.18409687306862613,0.9689309108875059,True,0.0,1.0,0.9002858167308673,12,False,0.0,0.0,-0.16,-0.03,0.0,0.0,-0.19,20260816,double_search_pressure,0,20350816,20360816,40,240,144
11,v2_double_search_pressure_r0,ai_app_scam_mule|0.99|0.87|0.64|0.96|0.63|0.86|0.82,ai_app_scam_mule,-0.1680067114547252,0.8842458497617116,True,0.0,1.0,0.9457090665507034,12,False,0.0,0.0,-0.16,-0.03,0.0,0.0,-0.19,20260816,double_search_pressure,0,20350816,20360816,40,240,144
12,v2_double_search_pressure_r0,fake_merchant_collusion|0.45|0.6|0.05|0.49|0.54|0.91|0.82,fake_merchant_collusion,-0.18803287681743486,0.9896467200917625,True,0.0,1.0,0.9051849493143064,12,False,0.0,0.0,-0.16,-0.03,0.0,0.0,-0.19,20260816,double_search_pressure,0,20350816,20360816,40,240,144
13,v2_double_search_pressure_r0,synthetic_identity_bustout|1.34|0.84|0.22|0.08|0.05|0.98|0.71,synthetic_identity_bustout,-0.176969652463391,0.9314192234915316,True,0.0,1.0,0.9017751134806274,12,False,0.0,0.0,-0.16,-0.03,0.0,0.0,-0.19,20260816,double_search_pressure,0,20350816,20360816,40,240,144
14,v2_double_search_pressure_r0,agentic_intent_hijack|0.82|0.51|0.54|0.05|0.86|0.69|0.66,agentic_intent_hijack,-0.17322350630361733,0.9117026647558806,True,0.0,1.0,0.9378835196869049,12,False,0.0,0.0,-0.16,-0.03,0.0,0.0,-0.19,20260816,double_search_pressure,0,20350816,20360816,40,240,144
15,v2_double_search_pressure_r0,deepfake_account_takeover|1.62|0.65|0.59|0.05|0.17|0.51|0.6,deepfake_account_takeover,-0.1588953325432563,0.8362912239118753,True,0.0,1.0,0.9389551085020468,12,False,0.0,0.0,-0.16,-0.03,0.0,0.0,-0.19,20260816,double_search_pressure,0,20350816,20360816,40,240,144
16,v2_double_search_pressure_r0,ai_app_scam_mule|1.47|2.1|0.26|0.49|0.2|0.58|0.59,ai_app_scam_mule,-0.1671345178288711,0.8796553569940584,True,0.0,1.0,0.931468755988322,12,False,0.0,0.0,-0.16,-0.03,0.0,0.0,-0.19,20260816,double_search_pressure,0,20350816,20360816,40,240,144
17,v2_double_search_pressure_r0,synthetic_identity_bustout|1.32|0.77|0.05|0.05|0.93|0.5|0.58,synthetic_identity_bustout,-0.18791760000000002,0.98904,True,0.0,1.0,0.9250443456935783,12,False,0.0,0.0,-0.16,-0.03,0.0,0.0,-0.19,20260816,double_search_pressure,0,20350816,20360816,40,240,144
18,v2_double_search_pressure_r0,fake_merchant_collusion|1.28|0.47|0.29|0.09|0.51|0.28|0.5,fake_merchant_collusion,-0.18326618443173548,0.9645588654301867,True,0.0,1.0,0.9136271782011508,12,False,0.0,0.0,-0.16,-0.03,0.0,0.0,-0.19,20260816,double_search_pressure,0,20350816,20360816,40,240,144
19,v2_double_search_pressure_r0,deepfake_account_takeover|0.78|0.75|0.29|0.86|0.41|0.78|0.63,deepfake_account_takeover,-0.16868481348192055,0.8878148077995819,True,0.0,1.0,0.9452868098256394,12,False,0.0,0.0,-0.16,-0.03,0.0,0.0,-0.19,20260816,double_search_pressure,0,20350816,20360816,40,240,144
20,v2_double_search_pressure_r0,adaptive_card_testing|1.48|0.59|0.11|0.18|0.63|0.82|0.86,adaptive_card_testing,-0.1878236074641878,0.9885453024430937,True,0.0,1.0,0.8993256624096587,12,False,0.0,0.0,-0.16,-0.03,0.0,0.0,-0.19,20260816,double_search_pressure,0,20350816,20360816,40,240,144
21,v2_double_search_pressure_r0,fake_merchant_collusion|1.15|1.77|0.24|0.1|0.79|0.51|0.93,fake_merchant_collusion,-0.18528503315414993,0.9751843850218418,True,0.0,1.0,0.8909050049478068,12,False,0.0,0.0,-0.16,-0.03,0.0,0.0,-0.19,20260816,double_search_pressure,0,20350816,20360816,40,240,144
22,v2_double_search_pressure_r0,deepfake_account_takeover|1.32|1.13|0.98|0.74|0.38|0.78|0.87,deepfake_account_takeover,-0.17297143999999998,0.9103759999999999,True,0.0,1.0,0.9444931322210478,12,False,0.0,0.0,-0.16,-0.03,0.0,0.0,-0.19,20260816,double_search_pressure,0,20350816,20360816,40,240,144
23,v2_double_search_pressure_r0,agentic_intent_hijack|1.22|1.01|0.43|0.05|0.05|0.74|0.68,agentic_intent_hijack,-0.16308356254236328,0.8583345396966489,True,0.0,1.0,0.9172478991251901,12,False,0.0,0.0,-0.16,-0.03,0.0,0.0,-0.19,20260816,double_search_pressure,0,20350816,20360816,40,240,144
24,v2_double_search_pressure_r0,ai_app_scam_mule|0.94|1.3|0.1|0.96|0.53|0.49|0.52,ai_app_scam_mule,-0.16925416058519435,0.8908113715010229,True,0.0,1.0,0.9461512058129,12,False,0.0,0.0,-0.16,-0.03,0.0,0.0,-0.19,20260816,double_search_pressure,0,20350816,20360816,40,240,144
25,v2_double_search_pressure_r0,synthetic_identity_bustout|0.45|0.96|0.05|0.19|0.83|0.89|0.83,synthetic_identity_bustout,-0.18768243469820145,0.9878022878852708,True,0.0,1.0,0.9013526258083572,12,False,0.0,0.0,-0.16,-0.03,0.0,0.0,-0.19,20260816,double_search_pressure,0,20350816,20360816,40,240,144
26,v2_double_search_pressure_r0,deepfake_account_takeover|1.53|1.55|0.47|0.58|0.74|0.98|0.7,deepfake_account_takeover,-0.1746024140327615,0.9189600738566395,True,0.0,1.0,0.945883528762736,12,False,0.0,0.0,-0.16,-0.03,0.0,0.0,-0.19,20260816,double_search_pressure,0,20350816,20360816,40,240,144
27,v2_double_search_pressure_r0,ai_app_scam_mule|1.56|0.58|0.08|0.62|0.22|0.73|0.72,ai_app_scam_mule,-0.15803808541151396,0.831779396902705,True,0.0,1.0,0.9402611746124693,12,False,0.0,0.0,-0.16,-0.03,0.0,0.0,-0.19,20260816,double_search_pressure,0,20350816,20360816,40,240,144
28,v2_double_search_pressure_r0,fake_merchant_collusion|1.36|0.56|0.29|0.05|0.98|0.96|0.81,fake_merchant_collusion,-0.1865423267939732,0.98180171996828,True,0.0,1.0,0.9197334070574247,12,False,0.0,0.0,-0.16,-0.03,0.0,0.0,-0.19,20260816,double_search_pressure,0,20350816,20360816,40,240,144
29,v2_double_search_pressure_r0,adaptive_card_testing|1.1|1.69|0.67|0.23|0.75|0.79|0.67,adaptive_card_testing,-0.1893388609213831,0.9965203206388584,True,0.0,1.0,0.9148581461049804,12,False,0.0,0.0,-0.16,-0.03,0.0,0.0,-0.19,20260816,double_search_pressure,0,20350816,20360816,40,240,144
30,v2_double_search_pressure_r0,agentic_intent_hijack|0.82|0.48|0.1|0.21|0.97|0.64|0.71,agentic_intent_hijack,-0.17420774386328525,0.9168828624383434,True,0.0,1.0,0.9330322985232313,12,False,0.0,0.0,-0.16,-0.03,0.0,0.0,-0.19,20260816,double_search_pressure,0,20350816,20360816,40,240,144
31,v2_double_search_pressure_r0,synthetic_identity_bustout|1.73|0.5|0.51|0.23|0.64|0.63|0.95,synthetic_identity_bustout,-0.18203922511714152,0.9581011848270606,True,0.0,1.0,0.9175582107748261,12,False,0.0,0.0,-0.16,-0.03,0.0,0.0,-0.19,20260816,double_search_pressure,0,20350816,20360816,40,240,144
32,v2_double_search_pressure_r0,deepfake_account_takeover|0.59|0.74|0.22|0.29|0.47|0.95|0.64,deepfake_account_takeover,-0.1628435012682305,0.8570710593064763,True,0.0,1.0,0.9381846003565043,12,False,0.0,0.0,-0.16,-0.03,0.0,0.0,-0.19,20260816,double_search_pressure,0,20350816,20360816,40,240,144
33,v2_double_search_pressure_r0,synthetic_identity_bustout|1.29|0.73|0.15|0.05|0.48|0.98|0.36,synthetic_identity_bustout,-0.18060833694570563,0.9505701944510823,True,0.0,1.0,0.9020295421468343,12,False,0.0,0.0,-0.16,-0.03,0.0,0.0,-0.19,20260816,double_search_pressure,0,20350816,20360816,40,240,144
34,v2_double_search_pressure_r0,deepfake_account_takeover|0.75|1.08|0.45|0.77|0.44|0.45|0.58,deepfake_account_takeover,-0.1733290975096455,0.9122584079455027,True,0.0,1.0,0.9417332202738958,12,False,0.0,0.0,-0.16,-0.03,0.0,0.0,-0.19,20260816,double_search_pressure,0,20350816,20360816,40,240,144
35,v2_double_search_pressure_r0,fake_merchant_collusion|1.28|0.47|0.29|0.09|0.51|0.28|0.5,fake_merchant_collusion,-0.18564118443173547,0.9770588654301866,True,0.0,1.0,0.9047421507910963,12,False,0.0,0.0,-0.16,-0.03,0.0,0.0,-0.19,20260816,double_search_pressure,0,20350816,20360816,40,240,144
36,v2_double_search_pressure_r0,agentic_intent_hijack|2.2|1.28|0.14|0.17|0.68|0.52|0.84,agentic_intent_hijack,-0.16989230454821894,0.8941700239379944,True,0.0,1.0,0.9316788774142969,12,False,0.0,0.0,-0.16,-0.03,0.0,0.0,-0.19,20260816,double_search_pressure,0,20350816,20360816,40,240,144
37,v2_double_search_pressure_r0,ai_app_scam_mule|0.99|0.87|0.64|0.96|0.63|0.86|0.82,ai_app_scam_mule,-0.17275671145472518,0.9092458497617115,True,0.0,1.0,0.9393830157423367,12,False,0.0,0.0,-0.16,-0.03,0.0,0.0,-0.19,20260816,double_search_pressure,0,20350816,20360816,40,240,144
38,v2_double_search_pressure_r0,deepfake_account_takeover|1.62|0.65|0.59|0.05|0.17|0.51|0.6,deepfake_account_takeover,-0.15794533254325635,0.8312912239118755,True,0.0,1.0,0.9384642001546193,12,False,0.0,0.0,-0.16,-0.03,0.0,0.0,-0.19,20260816,double_search_pressure,0,20350816,20360816,40,240,144
39,v2_double_search_pressure_r0,synthetic_identity_bustout|0.47|1.06|0.05|0.05|0.51|0.68|0.85,synthetic_identity_bustout,-0.1874426,0.98654,True,0.0,1.0,0.8884655115610159,12,False,0.0,0.0,-0.16,-0.03,0.0,0.0,-0.19,20260816,double_search_pressure,0,20350816,20360816,40,240,144
40,v2_double_search_pressure_r0,fake_merchant_collusion|1.35|1.15|0.08|0.13|0.62|0.93|0.98,fake_merchant_collusion,-0.18697890352323374,0.984099492227546,True,0.0,1.0,0.9177802092770299,12,False,0.0,0.0,-0.16,-0.03,0.0,0.0,-0.19,20260816,double_search_pressure,0,20350816,20360816,40,240,144
41,v2_double_search_pressure_r0,synthetic_identity_bustout|1.32|0.77|0.05|0.05|0.93|0.5|0.58,synthetic_identity_bustout,-0.1840074,0.96846,True,0.0,1.0,0.9408735409305241,12,False,0.0,0.0,-0.16,-0.03,0.0,0.0,-0.19,20260816,double_search_pressure,0,20350816,20360816,40,240,144
42,v2_double_search_pressure_r0,adaptive_card_testing|0.86|0.73|0.25|0.05|0.05|0.58|0.52,adaptive_card_testing,-0.1769920073455423,0.931536880766012,True,0.0,1.0,0.9036269065178043,12,False,0.0,0.0,-0.16,-0.03,0.0,0.0,-0.19,20260816,double_search_pressure,0,20350816,20360816,40,240,144
43,v2_double_search_pressure_r0,fake_merchant_collusion|0.45|0.6|0.05|0.49|0.54|0.91|0.82,fake_merchant_collusion,-0.18423287681743486,0.9696467200917624,True,0.0,1.0,0.9169755319488191,12,False,0.0,0.0,-0.16,-0.03,0.0,0.0,-0.19,20260816,double_search_pressure,0,20350816,20360816,40,240,144
44,v2_double_search_pressure_r0,deepfake_account_takeover|0.59|1.7|0.89|0.29|0.34|0.88|0.89,deepfake_account_takeover,-0.16916848303299445,0.8903604370157603,True,0.0,1.0,0.931825510965954,12,False,0.0,0.0,-0.16,-0.03,0.0,0.0,-0.19,20260816,double_search_pressure,0,20350816,20360816,40,240,144
45,v2_double_search_pressure_r0,agentic_intent_hijack|0.7|0.67|0.47|0.05|0.94|0.91|0.98,agentic_intent_hijack,-0.1740569333219123,0.9160891227469068,True,0.0,1.0,0.9438274920708137,12,False,0.0,0.0,-0.16,-0.03,0.0,0.0,-0.19,20260816,double_search_pressure,0,20350816,20360816,40,240,144
46,v2_double_search_pressure_r0,fake_merchant_collusion|1.26|1.38|0.05|0.05|0.98|0.59|0.59,fake_merchant_collusion,-0.1887574,0.99346,True,0.0,1.0,0.9080847801941566,12,False,0.0,0.0,-0.16,-0.03,0.0,0.0,-0.19,20260816,double_search_pressure,0,20350816,20360816,40,240,144
47,v2_double_search_pressure_r0,deepfake_account_takeover|0.78|0.75|0.29|0.86|0.41|0.78|0.63,deepfake_account_takeover,-0.16049018651807942,0.8446851922004179,True,0.0,1.0,0.9443269354188963,12,False,0.0,0.0,-0.16,-0.03,0.0,0.0,-0.19,20260816,double_search_pressure,0,20350816,20360816,40,240,144
48,v2_double_search_pressure_r0,synthetic_identity_bustout|1.29|0.73|0.15|0.05|0.48|0.98|0.36,synthetic_identity_bustout,-0.18203333694570561,0.9580701944510822,True,0.0,1.0,0.9034710267833229,12,False,0.0,0.0,-0.16,-0.03,0.0,0.0,-0.19,20260816,double_search_pressure,0,20350816,20360816,40,240,144
49,v2_double_search_pressure_r0,ai_app_scam_mule|1.56|0.58|0.08|0.62|0.22|0.73|0.72,ai_app_scam_mule,-0.16136308541151395,0.8492793969027049,True,0.0,1.0,0.9382152334506454,12,False,0.0,0.0,-0.16,-0.03,0.0,0.0,-0.19,20260816,double_search_pressure,0,20350816,20360816,40,240,144
50,v2_double_search_pressure_r0,deepfake_account_takeover|1.53|1.55|0.47|0.58|0.74|0.98|0.7,deepfake_account_takeover,-0.16985241403276152,0.8939600738566396,True,0.0,1.0,0.9420882373282636,12,False,0.0,0.0,-0.16,-0.03,0.0,0.0,-0.19,20260816,double_search_pressure,0,20350816,20360816,40,240,144
51,v2_double_search_pressure_r0,synthetic_identity_bustout|1.73|0.5|0.51|0.23|0.64|0.63|0.95,synthetic_identity_bustout,-0.18441422511714153,0.9706011848270607,True,0.0,1.0,0.9148655804598178,12,False,0.0,0.0,-0.16,-0.03,0.0,0.0,-0.19,20260816,double_search_pressure,0,20350816,20360816,40,240,144
52,v2_double_search_pressure_r0,deepfake_account_takeover|1.4|1.35|0.33|0.24|0.05|0.6|0.77,deepfake_account_takeover,-0.1637370467352944,0.86177393018576,True,0.0,1.0,0.9341476604882484,12,False,0.0,0.0,-0.16,-0.03,0.0,0.0,-0.19,20260816,double_search_pressure,0,20350816,20360816,40,240,144
53,v2_double_search_pressure_r0,agentic_intent_hijack|2.2|1.28|0.14|0.17|0.68|0.52|0.84,agentic_intent_hijack,-0.1746423045482189,0.9191700239379943,True,0.0,1.0,0.9326355493377053,12,False,0.0,0.0,-0.16,-0.03,0.0,0.0,-0.19,20260816,double_search_pressure,0,20350816,20360816,40,240,144
54,v2_double_search_pressure_r0,synthetic_identity_bustout|1.32|0.77|0.05|0.05|0.93|0.5|0.58,synthetic_identity_bustout,-0.1864926,0.9815400000000001,True,0.0,1.0,0.9267053312177489,12,False,0.0,0.0,-0.16,-0.03,0.0,0.0,-0.19,20260816,double_search_pressure,0,20350816,20360816,40,240,144
55,v2_double_search_pressure_r0,adaptive_card_testing|1.25|1.29|0.36|0.48|0.58|0.74|0.41,adaptive_card_testing,-0.1884808946037961,0.9920047084410322,True,0.0,1.0,0.9030523566214365,12,False,0.0,0.0,-0.16,-0.03,0.0,0.0,-0.19,20260816,double_search_pressure,0,20350816,20360816,40,240,144
56,v2_double_search_pressure_r0,deepfake_account_takeover|0.75|1.08|0.45|0.77|0.44|0.45|0.58,deepfake_account_takeover,-0.16534590249035447,0.8702415920544971,True,0.0,1.0,0.9402208864843692,12,False,0.0,0.0,-0.16,-0.03,0.0,0.0,-0.19,20260816,double_search_pressure,0,20350816,20360816,40,240,144
57,v2_double_search_pressure_r0,fake_merchant_collusion|1.28|0.47|0.29|0.09|0.51|0.28|0.5,fake_merchant_collusion,-0.18421618443173546,0.9695588654301867,True,0.0,1.0,0.9120297617720028,12,False,0.0,0.0,-0.16,-0.03,0.0,0.0,-0.19,20260816,double_search_pressure,0,20350816,20360816,40,240,144
58,v2_double_search_pressure_r0,ai_app_scam_mule|1.47|2.1|0.26|0.49|0.2|0.58|0.59,ai_app_scam_mule,-0.1642845178288711,0.8646553569940584,True,0.0,1.0,0.9345672069103751,12,False,0.0,0.0,-0.16,-0.03,0.0,0.0,-0.19,20260816,double_search_pressure,0,20350816,20360816,40,240,144
59,v2_double_search_pressure_r0,synthetic_identity_bustout|0.47|1.06|0.05|0.05|0.51|0.68|0.85,synthetic_identity_bustout,-0.1826926,0.9615400000000001,True,0.0,1.0,0.9008334982022435,12,False,0.0,0.0,-0.16,-0.03,0.0,0.0,-0.19,20260816,double_search_pressure,0,20350816,20360816,40,240,144
60,v2_double_search_pressure_r0,deepfake_account_takeover|0.59|0.74|0.22|0.29|0.47|0.95|0.64,deepfake_account_takeover,-0.1618935012682305,0.8520710593064762,True,0.0,1.0,0.938878628387312,12,False,0.0,0.0,-0.16,-0.03,0.0,0.0,-0.19,20260816,double_search_pressure,0,20350816,20360816,40,240,144
61,v2_double_search_pressure_r0,synthetic_identity_bustout|1.34|0.84|0.22|0.08|0.05|0.98|0.71,synthetic_identity_bustout,-0.178869652463391,0.9414192234915316,True,0.0,1.0,0.9108072097143357,12,False,0.0,0.0,-0.16,-0.03,0.0,0.0,-0.19,20260816,double_search_pressure,0,20350816,20360816,40,240,144
62,v2_double_search_pressure_r0,adaptive_card_testing|1.38|0.84|0.05|0.29|0.32|0.86|0.89,adaptive_card_testing,-0.18185574789526976,0.9571355152382619,True,0.0,1.0,0.8870341258953082,12,False,0.0,0.0,-0.16,-0.03,0.0,0.0,-0.19,20260816,double_search_pressure,0,20350816,20360816,40,240,144
63,v2_double_search_pressure_r0,agentic_intent_hijack|1.22|1.01|0.43|0.05|0.05|0.74|0.68,agentic_intent_hijack,-0.15975856254236329,0.8408345396966489,True,0.0,1.0,0.9230147758324371,12,False,0.0,0.0,-0.16,-0.03,0.0,0.0,-0.19,20260816,double_search_pressure,0,20350816,20360816,40,240,144
64,v2_double_search_pressure_r0,deepfake_account_takeover|2.2|1.32|0.46|0.44|0.53|0.72|0.84,deepfake_account_takeover,-0.1665504262256632,0.8765811906613853,True,0.0,1.0,0.9414143760077335,12,False,0.0,0.0,-0.16,-0.03,0.0,0.0,-0.19,20260816,double_search_pressure,0,20350816,20360816,40,240,144
65,v2_double_search_pressure_r0,deepfake_account_takeover|0.78|0.75|0.29|0.86|0.41|0.78|0.63,deepfake_account_takeover,-0.16904018651807945,0.8896851922004181,True,0.0,1.0,0.9443099659739235,12,False,0.0,0.0,-0.16,-0.03,0.0,0.0,-0.19,20260816,double_search_pressure,0,20350816,20360816,40,240,144
66,v2_double_search_pressure_r0,fake_merchant_collusion|0.45|0.8|0.34|0.38|0.98|0.64|0.98,fake_merchant_collusion,-0.1888057241304298,0.9937143375285777,True,0.0,1.0,0.9122705738742501,12,False,0.0,0.0,-0.16,-0.03,0.0,0.0,-0.19,20260816,double_search_pressure,0,20350816,20360816,40,240,144
67,v2_double_search_pressure_r0,deepfake_account_takeover|1.62|0.65|0.59|0.05|0.17|0.51|0.6,deepfake_account_takeover,-0.1660203325432563,0.8737912239118752,True,0.0,1.0,0.9371740948027788,12,False,0.0,0.0,-0.16,-0.03,0.0,0.0,-0.19,20260816,double_search_pressure,0,20350816,20360816,40,240,144
68,v2_double_search_pressure_r0,agentic_intent_hijack|0.82|0.48|0.1|0.21|0.97|0.64|0.71,agentic_intent_hijack,-0.17420774386328525,0.9168828624383434,True,0.0,1.0,0.9313147439540902,12,False,0.0,0.0,-0.16,-0.03,0.0,0.0,-0.19,20260816,double_search_pressure,0,20350816,20360816,40,240,144
69,v2_double_search_pressure_r0,deepfake_account_takeover|0.59|0.74|0.22|0.29|0.47|0.95|0.64,deepfake_account_takeover,-0.1723435012682305,0.9070710593064764,True,0.0,1.0,0.9383422127573616,12,False,0.0,0.0,-0.16,-0.03,0.0,0.0,-0.19,20260816,double_search_pressure,0,20350816,20360816,40,240,144
70,v2_double_search_pressure_r0,fake_merchant_collusion|1.3|1.29|0.59|0.05|0.8|0.8|0.46,fake_merchant_collusion,-0.18592956408790634,0.9785766530942439,True,0.0,1.0,0.8993036561599806,12,False,0.0,0.0,-0.16,-0.03,0.0,0.0,-0.19,20260816,double_search_pressure,0,20350816,20360816,40,240,144
71,v2_double_search_pressure_r0,adaptive_card_testing|0.45|0.75|0.36|0.06|0.47|0.8|0.53,adaptive_card_testing,-0.18480934326597726,0.9726807540314593,True,0.0,1.0,0.8998713777006535,12,False,0.0,0.0,-0.16,-0.03,0.0,0.0,-0.19,20260816,double_search_pressure,0,20350816,20360816,40,240,144
72,v2_double_search_pressure_r0,ai_app_scam_mule|0.55|0.8|0.09|0.87|0.05|0.63|0.5,ai_app_scam_mule,-0.16550179017551733,0.8710620535553544,True,0.0,1.0,0.9317439356507992,12,False,0.0,0.0,-0.16,-0.03,0.0,0.0,-0.19,20260816,double_search_pressure,0,20350816,20360816,40,240,144
73,v2_double_search_pressure_r0,synthetic_identity_bustout|1.29|0.73|0.15|0.05|0.48|0.98|0.36,synthetic_identity_bustout,-0.18630833694570564,0.9805701944510823,True,0.0,1.0,0.9162993174180811,12,False,0.0,0.0,-0.16,-0.03,0.0,0.0,-0.19,20260816,double_search_pressure,0,20350816,20360816,40,240,144
74,v2_double_search_pressure_r0,fake_merchant_collusion|1.35|1.15|0.08|0.13|0.62|0.93|0.98,fake_merchant_collusion,-0.18840390352323375,0.991599492227546,True,0.0,1.0,0.8932180380940822,12,False,0.0,0.0,-0.16,-0.03,0.0,0.0,-0.19,20260816,double_search_pressure,0,20350816,20360816,40,240,144
75,v2_double_search_pressure_r0,synthetic_identity_bustout|1.73|0.5|0.51|0.23|0.64|0.63|0.95,synthetic_identity_bustout,-0.1810892251171415,0.9531011848270606,True,0.0,1.0,0.9151472139235975,12,False,0.0,0.0,-0.16,-0.03,0.0,0.0,-0.19,20260816,double_search_pressure,0,20350816,20360816,40,240,144
76,v2_double_search_pressure_r0,agentic_intent_hijack|1.03|1.18|0.14|0.05|0.7|0.36|0.91,agentic_intent_hijack,-0.1721705776104018,0.9061609347915884,True,0.0,1.0,0.9296780470653837,12,False,0.0,0.0,-0.16,-0.03,0.0,0.0,-0.19,20260816,double_search_pressure,0,20350816,20360816,40,240,144
77,v2_double_search_pressure_r0,deepfake_account_takeover|1.53|1.55|0.47|0.58|0.74|0.98|0.7,deepfake_account_takeover,-0.1651024140327615,0.8689600738566394,True,0.0,1.0,0.9420988300486233,12,False,0.0,0.0,-0.16,-0.03,0.0,0.0,-0.19,20260816,double_search_pressure,0,20350816,20360816,40,240,144
78,v2_double_search_pressure_r0,deepfake_account_takeover|0.59|1.7|0.89|0.29|0.34|0.88|0.89,deepfake_account_takeover,-0.16441848303299447,0.8653604370157604,True,0.0,1.0,0.9366503270495125,12,False,0.0,0.0,-0.16,-0.03,0.0,0.0,-0.19,20260816,double_search_pressure,0,20350816,20360816,40,240,144
79,v2_double_search_pressure_r0,deepfake_account_takeover|1.62|0.65|0.59|0.05|0.17|0.51|0.6,deepfake_account_takeover,-0.16507033254325632,0.8687912239118754,True,0.0,1.0,0.937705488716552,12,False,0.0,0.0,-0.16,-0.03,0.0,0.0,-0.19,20260816,double_search_pressure,0,20350816,20360816,40,240,144
80,v2_double_search_pressure_r0,ai_app_scam_mule|0.99|0.87|0.64|0.96|0.63|0.86|0.82,ai_app_scam_mule,-0.1680067114547252,0.8842458497617116,True,0.0,1.0,0.9434124204811116,12,False,0.0,0.0,-0.16,-0.03,0.0,0.0,-0.19,20260816,double_search_pressure,0,20350816,20360816,40,240,144
81,v2_double_search_pressure_r0,adaptive_card_testing|0.63|2.1|0.36|0.26|0.21|0.66|0.71,adaptive_card_testing,-0.18671615954198292,0.9827166291683311,True,0.0,1.0,0.8454777469832099,12,False,0.0,0.0,-0.16,-0.03,0.0,0.0,-0.19,20260816,double_search_pressure,0,20350816,20360816,40,240,144
82,v2_double_search_pressure_r0,synthetic_identity_bustout|1.32|0.77|0.05|0.05|0.93|0.5|0.58,synthetic_identity_bustout,-0.1887574,0.99346,True,0.0,1.0,0.9378565302102374,12,False,0.0,0.0,-0.16,-0.03,0.0,0.0,-0.19,20260816,double_search_pressure,0,20350816,20360816,40,240,144
83,v2_double_search_pressure_r0,deepfake_account_takeover|1.32|1.13|0.98|0.74|0.38|0.78|0.87,deepfake_account_takeover,-0.17377855999999997,0.9146239999999999,True,0.0,1.0,0.9407871837706617,12,False,0.0,0.0,-0.16,-0.03,0.0,0.0,-0.19,20260816,double_search_pressure,0,20350816,20360816,40,240,144
84,v2_double_search_pressure_r0,agentic_intent_hijack|0.7|0.67|0.47|0.05|0.94|0.91|0.98,agentic_intent_hijack,-0.17459306667808772,0.9189108772530932,True,0.0,1.0,0.9407247262461929,12,False,0.0,0.0,-0.16,-0.03,0.0,0.0,-0.19,20260816,double_search_pressure,0,20350816,20360816,40,240,144
85,v2_double_search_pressure_r0,deepfake_account_takeover|1.53|1.55|0.47|0.58|0.74|0.98|0.7,deepfake_account_takeover,-0.1664475859672385,0.8760399261433605,True,0.0,1.0,0.9414474005627843,12,False,0.0,0.0,-0.16,-0.03,0.0,0.0,-0.19,20260816,double_search_pressure,0,20350816,20360816,40,240,144
86,v2_double_search_pressure_r0,ai_app_scam_mule|1.86|0.78|0.26|0.83|0.37|0.91|0.85,ai_app_scam_mule,-0.16839784223991153,0.8863044328416396,True,0.0,1.0,0.9380977636051623,12,False,0.0,0.0,-0.16,-0.03,0.0,0.0,-0.19,20260816,double_search_pressure,0,20350816,20360816,40,240,144
87,v2_double_search_pressure_r0,agentic_intent_hijack|1.08|1.04|0.24|0.55|0.54|0.72|0.63,agentic_intent_hijack,-0.16925016188695,0.8907903257207894,True,0.0,1.0,0.926148376936789,12,False,0.0,0.0,-0.16,-0.03,0.0,0.0,-0.19,20260816,double_search_pressure,0,20350816,20360816,40,240,144
88,v2_double_search_pressure_r0,fake_merchant_collusion|1.35|1.15|0.08|0.13|0.62|0.93|0.98,fake_merchant_collusion,-0.18080390352323375,0.951599492227546,True,0.0,1.0,0.9109372474247385,12,False,0.0,0.0,-0.16,-0.03,0.0,0.0,-0.19,20260816,double_search_pressure,0,20350816,20360816,40,240,144
89,v2_double_search_pressure_r0,ai_app_scam_mule|0.94|1.3|0.1|0.96|0.53|0.49|0.52,ai_app_scam_mule,-0.16640416058519433,0.8758113715010228,True,0.0,1.0,0.9368377874226143,12,False,0.0,0.0,-0.16,-0.03,0.0,0.0,-0.19,20260816,double_search_pressure,0,20350816,20360816,40,240,144
90,v2_double_search_pressure_r0,synthetic_identity_bustout|1.73|0.5|0.51|0.23|0.64|0.63|0.95,synthetic_identity_bustout,-0.1837107748828585,0.9668988151729394,True,0.0,1.0,0.9255486964454299,12,False,0.0,0.0,-0.16,-0.03,0.0,0.0,-0.19,20260816,double_search_pressure,0,20350816,20360816,40,240,144
91,v2_double_search_pressure_r0,adaptive_card_testing|1.48|0.59|0.11|0.18|0.63|0.82|0.86,adaptive_card_testing,-0.18497360746418778,0.9735453024430936,True,0.0,1.0,0.9076126779380046,12,False,0.0,0.0,-0.16,-0.03,0.0,0.0,-0.19,20260816,double_search_pressure,0,20350816,20360816,40,240,144
92,v2_double_search_pressure_r0,deepfake_account_takeover|0.75|1.08|0.45|0.77|0.44|0.45|0.58,deepfake_account_takeover,-0.16677090249035445,0.8777415920544971,True,0.0,1.0,0.941526453273299,12,False,0.0,0.0,-0.16,-0.03,0.0,0.0,-0.19,20260816,double_search_pressure,0,20350816,20360816,40,240,144
93,v2_double_search_pressure_r0,deepfake_account_takeover|1.07|0.81|0.98|0.69|0.4|0.82|0.58,deepfake_account_takeover,-0.17095842178213969,0.8997811672744194,True,0.0,1.0,0.9425026960399904,12,False,0.0,0.0,-0.16,-0.03,0.0,0.0,-0.19,20260816,double_search_pressure,0,20350816,20360816,40,240,144
94,v2_double_search_pressure_r0,agentic_intent_hijack|2.2|1.28|0.14|0.17|0.68|0.52|0.84,agentic_intent_hijack,-0.16371730454821895,0.8616700239379944,True,0.0,1.0,0.9221677583666671,12,False,0.0,0.0,-0.16,-0.03,0.0,0.0,-0.19,20260816,double_search_pressure,0,20350816,20360816,40,240,144
95,v2_double_search_pressure_r0,deepfake_account_takeover|0.78|0.75|0.29|0.86|0.41|0.78|0.63,deepfake_account_takeover,-0.16571518651807945,0.8721851922004181,True,0.0,1.0,0.9420554594507734,12,False,0.0,0.0,-0.16,-0.03,0.0,0.0,-0.19,20260816,double_search_pressure,0,20350816,20360816,40,240,144
96,v2_double_search_pressure_r0,deepfake_account_takeover|1.62|0.65|0.59|0.05|0.17|0.51|0.6,deepfake_account_takeover,-0.15699533254325632,0.8262912239118754,True,0.0,1.0,0.9385524604462782,12,False,0.0,0.0,-0.16,-0.03,0.0,0.0,-0.19,20260816,double_search_pressure,0,20350816,20360816,40,240,144
97,v2_double_search_pressure_r0,fake_merchant_collusion|1.3|1.29|0.59|0.05|0.8|0.8|0.46,fake_merchant_collusion,-0.18877956408790636,0.993576653094244,True,0.0,1.0,0.9004684740390144,12,False,0.0,0.0,-0.16,-0.03,0.0,0.0,-0.19,20260816,double_search_pressure,0,20350816,20360816,40,240,144
98,v2_double_search_pressure_r0,agentic_intent_hijack|0.82|0.48|0.1|0.21|0.97|0.64|0.71,agentic_intent_hijack,-0.17420774386328525,0.9168828624383434,True,0.0,1.0,0.9423789557293288,12,False,0.0,0.0,-0.16,-0.03,0.0,0.0,-0.19,20260816,double_search_pressure,0,20350816,20360816,40,240,144
99,v2_double_search_pressure_r0,deepfake_account_takeover|0.59|1.7|0.89|0.29|0.34|0.88|0.89,deepfake_account_takeover,-0.17011848303299448,0.8953604370157604,True,0.0,1.0,0.9350455824488392,12,False,0.0,0.0,-0.16,-0.03,0.0,0.0,-0.19,20260816,double_search_pressure,0,20350816,20360816,40,240,144
100,v2_double_search_pressure_r0,agentic_intent_hijack|1.22|1.01|0.43|0.05|0.05|0.74|0.68,agentic_intent_hijack,-0.1649835625423633,0.8683345396966489,True,0.0,1.0,0.9067276038501418,12,False,0.0,0.0,-0.16,-0.03,0.0,0.0,-0.19,20260816,double_search_pressure,0,20350816,20360816,40,240,144
101,v2_double_search_pressure_r0,synthetic_identity_bustout|0.47|1.06|0.05|0.05|0.51|0.68|0.85,synthetic_identity_bustout,-0.18459260000000002,0.9715400000000001,True,0.0,1.0,0.8835485589749369,12,False,0.0,0.0,-0.16,-0.03,0.0,0.0,-0.19,20260816,double_search_pressure,0,20350816,20360816,40,240,144
102,v2_double_search_pressure_r0,ai_app_scam_mule|1.47|2.1|0.26|0.49|0.2|0.58|0.59,ai_app_scam_mule,-0.1623845178288711,0.8546553569940584,True,0.0,1.0,0.9346319836323853,12,False,0.0,0.0,-0.16,-0.03,0.0,0.0,-0.19,20260816,double_search_pressure,0,20350816,20360816,40,240,144
103,v2_double_search_pressure_r0,fake_merchant_collusion|0.45|0.6|0.05|0.49|0.54|0.91|0.82,fake_merchant_collusion,-0.18328287681743488,0.9646467200917626,True,0.0,1.0,0.9083760642286527,12,False,0.0,0.0,-0.16,-0.03,0.0,0.0,-0.19,20260816,double_search_pressure,0,20350816,20360816,40,240,144
104,v2_double_search_pressure_r0,agentic_intent_hijack|0.7|0.67|0.47|0.05|0.94|0.91|0.98,agentic_intent_hijack,-0.17310693332191227,0.9110891227469067,True,0.0,1.0,0.9367184092884996,12,False,0.0,0.0,-0.16,-0.03,0.0,0.0,-0.19,20260816,double_search_pressure,0,20350816,20360816,40,240,144
105,v2_double_search_pressure_r0,synthetic_identity_bustout|1.73|0.5|0.51|0.23|0.64|0.63|0.95,synthetic_identity_bustout,-0.18678922511714155,0.9831011848270608,True,0.0,1.0,0.92659424559824,12,False,0.0,0.0,-0.16,-0.03,0.0,0.0,-0.19,20260816,double_search_pressure,0,20350816,20360816,40,240,144
106,v2_double_search_pressure_r0,deepfake_account_takeover|1.53|1.55|0.47|0.58|0.74|0.98|0.7,deepfake_account_takeover,-0.1659725859672385,0.8735399261433604,True,0.0,1.0,0.9429644856129823,12,False,0.0,0.0,-0.16,-0.03,0.0,0.0,-0.19,20260816,double_search_pressure,0,20350816,20360816,40,240,144
107,v2_double_search_pressure_r0,deepfake_account_takeover|1.62|0.65|0.59|0.05|0.17|0.51|0.6,deepfake_account_takeover,-0.15794533254325635,0.8312912239118755,True,0.0,1.0,0.9385451563258144,12,False,0.0,0.0,-0.16,-0.03,0.0,0.0,-0.19,20260816,double_search_pressure,0,20350816,20360816,40,240,144
108,v2_double_search_pressure_r0,agentic_intent_hijack|1.51|0.99|0.09|0.3|0.42|0.77|0.96,agentic_intent_hijack,-0.16312228467649298,0.8585383404025946,True,0.0,1.0,0.9291815193439678,12,False,0.0,0.0,-0.16,-0.03,0.0,0.0,-0.19,20260816,double_search_pressure,0,20350816,20360816,40,240,144
109,v2_double_search_pressure_r0,synthetic_identity_bustout|1.29|0.73|0.15|0.05|0.48|0.98|0.36,synthetic_identity_bustout,-0.18250833694570565,0.9605701944510823,True,0.0,1.0,0.9089217130995658,12,False,0.0,0.0,-0.16,-0.03,0.0,0.0,-0.19,20260816,double_search_pressure,0,20350816,20360816,40,240,144
110,v2_double_search_pressure_r0,deepfake_account_takeover|0.59|0.74|0.22|0.29|0.47|0.95|0.64,deepfake_account_takeover,-0.16759350126823047,0.8820710593064762,True,0.0,1.0,0.9376371893984671,12,False,0.0,0.0,-0.16,-0.03,0.0,0.0,-0.19,20260816,double_search_pressure,0,20350816,20360816,40,240,144
111,v2_double_search_pressure_r0,ai_app_scam_mule|1.86|0.78|0.26|0.83|0.37|0.91|0.85,ai_app_scam_mule,-0.17172284223991155,0.9038044328416397,True,0.0,1.0,0.9384209061686302,12,False,0.0,0.0,-0.16,-0.03,0.0,0.0,-0.19,20260816,double_search_pressure,0,20350816,20360816,40,240,144
112,v2_double_search_pressure_r0,adaptive_card_testing|1.1|1.69|0.67|0.23|0.75|0.79|0.67,adaptive_card_testing,-0.1878111390786169,0.9884796793611417,True,0.0,1.0,0.9114630678725932,12,False,0.0,0.0,-0.16,-0.03,0.0,0.0,-0.19,20260816,double_search_pressure,0,20350816,20360816,40,240,144
113,v2_double_search_pressure_r0,fake_merchant_collusion|1.28|0.47|0.29|0.09|0.51|0.28|0.5,fake_merchant_collusion,-0.18564118443173547,0.9770588654301866,True,0.0,1.0,0.9077415247243618,12,False,0.0,0.0,-0.16,-0.03,0.0,0.0,-0.19,20260816,double_search_pressure,0,20350816,20360816,40,240,144
114,v2_double_search_pressure_r0,agentic_intent_hijack|1.22|1.01|0.43|0.05|0.05|0.74|0.68,agentic_intent_hijack,-0.1654585625423633,0.8708345396966489,True,0.0,1.0,0.9270941278010731,12,False,0.0,0.0,-0.16,-0.03,0.0,0.0,-0.19,20260816,double_search_pressure,0,20350816,20360816,40,240,144
115,v2_double_search_pressure_r0,deepfake_account_takeover|1.32|1.13|0.98|0.74|0.38|0.78|0.87,deepfake_account_takeover,-0.16727144,0.8803759999999999,True,0.0,1.0,0.9433297491776731,12,False,0.0,0.0,-0.16,-0.03,0.0,0.0,-0.19,20260816,double_search_pressure,0,20350816,20360816,40,240,144
116,v2_double_search_pressure_r0,agentic_intent_hijack|1.03|1.18|0.14|0.05|0.7|0.36|0.91,agentic_intent_hijack,-0.17074557761040182,0.8986609347915885,True,0.0,1.0,0.9321068805640004,12,False,0.0,0.0,-0.16,-0.03,0.0,0.0,-0.19,20260816,double_search_pressure,0,20350816,20360816,40,240,144
117,v2_double_search_pressure_r0,deepfake_account_takeover|0.78|0.75|0.29|0.86|0.41|0.78|0.63,deepfake_account_takeover,-0.17141518651807944,0.902185192200418,True,0.0,1.0,0.9417874672221775,12,False,0.0,0.0,-0.16,-0.03,0.0,0.0,-0.19,20260816,double_search_pressure,0,20350816,20360816,40,240,144
118,v2_double_search_pressure_r0,agentic_intent_hijack|0.82|0.51|0.54|0.05|0.86|0.69|0.66,agentic_intent_hijack,-0.1694235063036173,0.8917026647558806,True,0.0,1.0,0.9452557469668723,12,False,0.0,0.0,-0.16,-0.03,0.0,0.0,-0.19,20260816,double_search_pressure,0,20350816,20360816,40,240,144
119,v2_double_search_pressure_r0,deepfake_account_takeover|0.59|1.7|0.89|0.29|0.34|0.88|0.89,deepfake_account_takeover,-0.17011848303299448,0.8953604370157604,True,0.0,1.0,0.9364423258637279,12,False,0.0,0.0,-0.16,-0.03,0.0,0.0,-0.19,20260816,double_search_pressure,0,20350816,20360816,40,240,144
120,v2_double_search_pressure_r0,deepfake_account_takeover|1.53|1.55|0.47|0.58|0.74|0.98|0.7,deepfake_account_takeover,-0.1689024140327615,0.8889600738566394,True,0.0,1.0,0.9429503664538915,12,False,0.0,0.0,-0.16,-0.03,0.0,0.0,-0.19,20260816,double_search_pressure,0,20350816,20360816,40,240,144
121,v2_double_search_pressure_r0,adaptive_card_testing|1.48|0.59|0.11|0.18|0.63|0.82|0.86,adaptive_card_testing,-0.1859236074641878,0.9785453024430937,True,0.0,1.0,0.9124543566369289,12,False,0.0,0.0,-0.16,-0.03,0.0,0.0,-0.19,20260816,double_search_pressure,0,20350816,20360816,40,240,144
122,v2_double_search_pressure_r0,ai_app_scam_mule|0.55|0.8|0.09|0.87|0.05|0.63|0.5,ai_app_scam_mule,-0.16312679017551732,0.8585620535553543,True,0.0,1.0,0.9328602323368466,12,False,0.0,0.0,-0.16,-0.03,0.0,0.0,-0.19,20260816,double_search_pressure,0,20350816,20360816,40,240,144
123,v2_double_search_pressure_r0,agentic_intent_hijack|0.7|0.67|0.47|0.05|0.94|0.91|0.98,agentic_intent_hijack,-0.1726930666780877,0.9089108772530932,True,0.0,1.0,0.9230887711786067,12,False,0.0,0.0,-0.16,-0.03,0.0,0.0,-0.19,20260816,double_search_pressure,0,20350816,20360816,40,240,144
124,v2_double_search_pressure_r0,deepfake_account_takeover|1.62|0.65|0.59|0.05|0.17|0.51|0.6,deepfake_account_takeover,-0.1603203325432563,0.8437912239118753,True,0.0,1.0,0.9384808922020732,12,False,0.0,0.0,-0.16,-0.03,0.0,0.0,-0.19,20260816,double_search_pressure,0,20350816,20360816,40,240,144
125,v2_double_search_pressure_r0,synthetic_identity_bustout|1.73|0.5|0.51|0.23|0.64|0.63|0.95,synthetic_identity_bustout,-0.18346422511714153,0.9656011848270606,True,0.0,1.0,0.9171856443275174,12,False,0.0,0.0,-0.16,-0.03,0.0,0.0,-0.19,20260816,double_search_pressure,0,20350816,20360816,40,240,144
126,v2_double_search_pressure_r0,deepfake_account_takeover|0.59|0.74|0.22|0.29|0.47|0.95|0.64,deepfake_account_takeover,-0.16901850126823048,0.8895710593064762,True,0.0,1.0,0.9403005609015437,12,False,0.0,0.0,-0.16,-0.03,0.0,0.0,-0.19,20260816,double_search_pressure,0,20350816,20360816,40,240,144
127,v2_double_search_pressure_r0,synthetic_identity_bustout|1.34|0.84|0.22|0.08|0.05|0.98|0.71,synthetic_identity_bustout,-0.176494652463391,0.9289192234915316,True,0.0,1.0,0.9042855027207212,12,False,0.0,0.0,-0.16,-0.03,0.0,0.0,-0.19,20260816,double_search_pressure,0,20350816,20360816,40,240,144
128,v2_double_search_pressure_r0,agentic_intent_hijack|2.2|1.28|0.14|0.17|0.68|0.52|0.84,agentic_intent_hijack,-0.17084230454821894,0.8991700239379944,True,0.0,1.0,0.9322461634732199,12,False,0.0,0.0,-0.16,-0.03,0.0,0.0,-0.19,20260816,double_search_pressure,0,20350816,20360816,40,240,144
129,v2_double_search_pressure_r0,adaptive_card_testing|0.63|2.1|0.36|0.26|0.21|0.66|0.71,adaptive_card_testing,-0.1781661595419829,0.937716629168331,True,0.0,1.0,0.8018992813420646,12,False,0.0,0.0,-0.16,-0.03,0.0,0.0,-0.19,20260816,double_search_pressure,0,20350816,20360816,40,240,144
130,v2_double_search_pressure_r0,synthetic_identity_bustout|0.47|1.06|0.05|0.05|0.51|0.68|0.85,synthetic_identity_bustout,-0.1860176,0.97904,True,0.0,1.0,0.8992892201553552,12,False,0.0,0.0,-0.16,-0.03,0.0,0.0,-0.19,20260816,double_search_pressure,0,20350816,20360816,40,240,144
131,v2_double_search_pressure_r0,deepfake_account_takeover|0.75|1.08|0.45|0.77|0.44|0.45|0.58,deepfake_account_takeover,-0.1733290975096455,0.9122584079455027,True,0.0,1.0,0.9411011274183977,12,False,0.0,0.0,-0.16,-0.03,0.0,0.0,-0.19,20260816,double_search_pressure,0,20350816,20360816,40,240,144
132,v2_double_search_pressure_r0,fake_merchant_collusion|1.15|1.77|0.24|0.1|0.79|0.51|0.93,fake_merchant_collusion,-0.18813503315414992,0.9901843850218417,True,0.0,1.0,0.9024292828142069,12,False,0.0,0.0,-0.16,-0.03,0.0,0.0,-0.19,20260816,double_search_pressure,0,20350816,20360816,40,240,144
133,v2_double_search_pressure_r0,agentic_intent_hijack|1.08|1.04|0.24|0.55|0.54|0.72|0.63,agentic_intent_hijack,-0.17210016188695,0.9057903257207893,True,0.0,1.0,0.9162419421817591,12,False,0.0,0.0,-0.16,-0.03,0.0,0.0,-0.19,20260816,double_search_pressure,0,20350816,20360816,40,240,144
134,v2_double_search_pressure_r0,synthetic_identity_bustout|1.29|0.73|0.15|0.05|0.48|0.98|0.36,synthetic_identity_bustout,-0.17870833694570562,0.9405701944510823,True,0.0,1.0,0.9173256061883125,12,False,0.0,0.0,-0.16,-0.03,0.0,0.0,-0.19,20260816,double_search_pressure,0,20350816,20360816,40,240,144
135,v2_double_search_pressure_r0,agentic_intent_hijack|1.22|1.01|0.43|0.05|0.05|0.74|0.68,agentic_intent_hijack,-0.1621335625423633,0.853334539696649,True,0.0,1.0,0.9119024322921154,12,False,0.0,0.0,-0.16,-0.03,0.0,0.0,-0.19,20260816,double_search_pressure,0,20350816,20360816,40,240,144
136,v2_double_search_pressure_r0,fake_merchant_collusion|0.45|0.6|0.05|0.49|0.54|0.91|0.82,fake_merchant_collusion,-0.18328287681743488,0.9646467200917626,True,0.0,1.0,0.9037260342363446,12,False,0.0,0.0,-0.16,-0.03,0.0,0.0,-0.19,20260816,double_search_pressure,0,20350816,20360816,40,240,144
137,v2_double_search_pressure_r0,deepfake_account_takeover|0.59|0.74|0.22|0.29|0.47|0.95|0.64,deepfake_account_takeover,-0.16949350126823048,0.8920710593064762,True,0.0,1.0,0.9393149437619943,12,False,0.0,0.0,-0.16,-0.03,0.0,0.0,-0.19,20260816,double_search_pressure,0,20350816,20360816,40,240,144
138,v2_double_search_pressure_r0,deepfake_account_takeover|1.07|0.81|0.98|0.69|0.4|0.82|0.58,deepfake_account_takeover,-0.17475842178213968,0.9197811672744194,True,0.0,1.0,0.9412842208846334,12,False,0.0,0.0,-0.16,-0.03,0.0,0.0,-0.19,20260816,double_search_pressure,0,20350816,20360816,40,240,144
139,v2_double_search_pressure_r0,fake_merchant_collusion|1.3|1.29|0.59|0.05|0.8|0.8|0.46,fake_merchant_collusion,-0.18592956408790634,0.9785766530942439,True,0.0,1.0,0.9121804311384976,12,False,0.0,0.0,-0.16,-0.03,0.0,0.0,-0.19,20260816,double_search_pressure,0,20350816,20360816,40,240,144
140,v2_double_search_pressure_r0,ai_app_scam_mule|1.47|2.1|0.26|0.49|0.2|0.58|0.59,ai_app_scam_mule,-0.1671345178288711,0.8796553569940584,True,0.0,1.0,0.938170816551258,12,False,0.0,0.0,-0.16,-0.03,0.0,0.0,-0.19,20260816,double_search_pressure,0,20350816,20360816,40,240,144
141,v2_double_search_pressure_r0,deepfake_account_takeover|0.59|1.7|0.89|0.29|0.34|0.88|0.89,deepfake_account_takeover,-0.17106848303299446,0.9003604370157603,True,0.0,1.0,0.9356898892900577,12,False,0.0,0.0,-0.16,-0.03,0.0,0.0,-0.19,20260816,double_search_pressure,0,20350816,20360816,40,240,144
142,v2_double_search_pressure_r0,agentic_intent_hijack|0.82|0.51|0.54|0.05|0.86|0.69|0.66,agentic_intent_hijack,-0.1741735063036173,0.9167026647558805,True,0.0,1.0,0.9332913579830717,12,False,0.0,0.0,-0.16,-0.03,0.0,0.0,-0.19,20260816,double_search_pressure,0,20350816,20360816,40,240,144
143,v2_double_search_pressure_r0,deepfake_account_takeover|1.53|1.55|0.47|0.58|0.74|0.98|0.7,deepfake_account_takeover,-0.1717524140327615,0.9039600738566395,True,0.0,1.0,0.9414333943285547,12,False,0.0,0.0,-0.16,-0.03,0.0,0.0,-0.19,20260816,double_search_pressure,0,20350816,20360816,40,240,144
