iteration,strategy,action_id,family,reward,fidelity,valid,approved_value,detection_rate,mean_risk_score,event_count,novel_evasion,value_term,evasion_term,detection_cost_term,resource_cost_term,novelty_term,validity_term,pre_fidelity_reward,seed,generation,protocol,fresh_pool_seed,fresh_arena_seed,campaign_budget,action_variants_per_family,search_family_count
0,fresh_bandit_v0,agentic_intent_hijack|0.83|1.34|0.37|0.22|0.96|0.98|0.92,agentic_intent_hijack,0.6087474477016904,0.9182337803944196,True,104.810709084097,0.8333333333333334,0.6500240304595931,12,True,0.209621418168194,0.4166666666666666,-0.13333333333333333,-0.03,0.2,0.0,0.6629547515015273,20260812,V0,full,20261721,20261589,72,20,6
1,fresh_bandit_v0,ai_app_scam_mule|1.92|1.75|0.18|0.98|0.3|0.63|0.75,ai_app_scam_mule,-0.16142856,0.8496239999999999,True,0.0,1.0,0.9420155853133187,12,False,0.0,0.0,-0.16,-0.03,0.0,0.0,-0.19,20260812,V0,full,20261721,20261589,72,20,6
2,fresh_bandit_v0,adaptive_card_testing|0.52|0.53|0.49|0.31|0.54|0.76|0.6,adaptive_card_testing,-0.18231898013703274,0.9595735796685934,True,0.0,1.0,0.9146036457877953,12,False,0.0,0.0,-0.16,-0.03,0.0,0.0,-0.19,20260812,V0,full,20261721,20261589,72,20,6
3,fresh_bandit_v0,synthetic_identity_bustout|0.77|2.1|0.63|0.12|0.71|0.66|0.7,synthetic_identity_bustout,-0.18885277020755695,0.993961948460826,True,0.0,1.0,0.9064469999752635,12,False,0.0,0.0,-0.16,-0.03,0.0,0.0,-0.19,20260812,V0,full,20261721,20261589,72,20,6
4,fresh_bandit_v0,agentic_intent_hijack|1.58|0.71|0.53|0.05|0.53|0.98|0.73,agentic_intent_hijack,-0.17045437621215026,0.8971282958534224,True,0.0,1.0,0.923342107946567,12,False,0.0,0.0,-0.16,-0.03,0.0,0.0,-0.19,20260812,V0,full,20261721,20261589,72,20,6
5,fresh_bandit_v0,fake_merchant_collusion|0.58|1.15|0.13|0.08|0.98|0.8|0.95,fake_merchant_collusion,3.6451790663518193,0.9964771003013302,True,1380.6996997637307,0.6666666666666666,0.4524875657545255,12,True,2.7613993995274613,0.8333333333333335,-0.10666666666666666,-0.03,0.2,0.0,3.6580660661941287,20260812,V0,full,20261721,20261589,72,20,6
6,fresh_bandit_v0,fake_merchant_collusion|0.58|1.15|0.13|0.08|0.98|0.8|0.95,fake_merchant_collusion,1.3296790727236185,0.9935228996986698,True,431.67384245843925,0.75,0.6092698637688889,12,False,0.8633476849168785,0.625,-0.12,-0.03,0.0,0.0,1.3383476849168783,20260812,V0,full,20261721,20261589,72,20,6
7,fresh_bandit_v0,fake_merchant_collusion|0.61|0.71|0.05|0.05|0.84|0.84|0.9,fake_merchant_collusion,-0.18970739999999997,0.9984599999999999,True,0.0,1.0,0.7522049538882273,12,False,0.0,0.0,-0.16,-0.03,0.0,0.0,-0.19,20260812,V0,full,20261721,20261589,72,20,6
8,fresh_bandit_v0,fake_merchant_collusion|0.93|1.47|0.05|0.16|0.98|0.62|0.85,fake_merchant_collusion,1.706030805866609,0.995491156641652,True,408.5456024987058,0.6666666666666666,0.4390962412547377,12,True,0.8170912049974116,0.8333333333333335,-0.10666666666666666,-0.03,0.2,0.0,1.7137578716640782,20260812,V0,full,20261721,20261589,72,20,6
9,fresh_bandit_v0,agentic_intent_hijack|0.47|1.58|0.34|0.05|0.8|0.7|0.56,agentic_intent_hijack,0.7305906814617423,0.9135195441322141,True,62.37687518812601,0.75,0.5481740141113995,12,True,0.12475375037625201,0.625,-0.12,-0.03,0.2,0.0,0.799753750376252,20260812,V0,full,20261721,20261589,72,20,6
10,fresh_bandit_v0,fake_merchant_collusion|1.21|1.57|0.24|0.1|0.9|0.61|0.89,fake_merchant_collusion,1.6809694926514398,0.9899450986152354,True,400.68824119783494,0.6666666666666666,0.5528922137963356,12,True,0.8013764823956698,0.8333333333333335,-0.10666666666666666,-0.03,0.2,0.0,1.6980431490623367,20260812,V0,full,20261721,20261589,72,20,6
11,fresh_bandit_v0,fake_merchant_collusion|0.93|1.47|0.05|0.16|0.98|0.62|0.85,fake_merchant_collusion,0.7347385637558512,0.9920088433583479,True,243.661969350562,0.8333333333333334,0.42796872689638793,12,False,0.487323938701124,0.4166666666666666,-0.13333333333333333,-0.03,0.0,0.0,0.7406572720344573,20260812,V0,full,20261721,20261589,72,20,6
12,fresh_bandit_v0,fake_merchant_collusion|0.51|1.19|0.17|0.05|0.95|0.72|0.74,fake_merchant_collusion,0.8281479337951095,0.9942222817324748,True,78.98027257648374,0.75,0.709144367396222,12,True,0.15796054515296748,0.625,-0.12,-0.03,0.2,0.0,0.8329605451529676,20260812,V0,full,20261721,20261589,72,20,6
13,fresh_bandit_v0,adaptive_card_testing|0.78|1.85|0.16|0.05|0.66|0.98|0.61,adaptive_card_testing,-0.18526640722485385,0.9750863538150203,True,0.0,1.0,0.8722893964778962,12,False,0.0,0.0,-0.16,-0.03,0.0,0.0,-0.19,20260812,V0,full,20261721,20261589,72,20,6
14,fresh_bandit_v0,fake_merchant_collusion|1.39|0.99|0.53|0.11|0.94|0.7|0.98,fake_merchant_collusion,0.9001567699648528,0.9871223845992174,True,118.44993285980765,0.75,0.5918531288364961,12,True,0.2368998657196153,0.625,-0.12,-0.03,0.2,0.0,0.9118998657196153,20260812,V0,full,20261721,20261589,72,20,6
15,fresh_bandit_v0,fake_merchant_collusion|0.58|1.15|0.13|0.08|0.98|0.8|0.95,fake_merchant_collusion,1.734210771024361,0.9985228996986697,True,630.8880818094931,0.75,0.5908545755519038,12,False,1.2617761636189861,0.625,-0.12,-0.03,0.0,0.0,1.736776163618986,20260812,V0,full,20261721,20261589,72,20,6
16,fresh_bandit_v0,fake_merchant_collusion|0.58|1.15|0.13|0.08|0.98|0.8|0.95,fake_merchant_collusion,0.9396789342504529,0.9935228996986698,True,124.56917074354928,0.6666666666666666,0.5730729523088146,12,False,0.24913834148709857,0.8333333333333335,-0.10666666666666666,-0.03,0.0,0.0,0.9458050081537652,20260812,V0,full,20261721,20261589,72,20,6
17,fresh_bandit_v0,fake_merchant_collusion|0.66|0.82|0.2|0.51|0.98|0.71|0.84,fake_merchant_collusion,0.2896245496609138,0.9936449719331022,True,29.905113416645698,0.9166666666666666,0.7417030817437148,12,True,0.059810226833291395,0.20833333333333343,-0.14666666666666667,-0.03,0.2,0.0,0.2914768934999582,20260812,V0,full,20261721,20261589,72,20,6
18,fresh_bandit_v0,fake_merchant_collusion|1.21|1.57|0.24|0.1|0.9|0.61|0.89,fake_merchant_collusion,3.4089832127425015,0.9825549013847646,True,1275.5879042677657,0.5833333333333334,0.4181377015535644,12,False,2.551175808535531,1.0416666666666665,-0.09333333333333334,-0.03,0.0,0.0,3.4695091418688646,20260812,V0,full,20261721,20261589,72,20,6
19,fresh_bandit_v0,fake_merchant_collusion|1.21|1.57|0.24|0.1|0.9|0.61|0.89,fake_merchant_collusion,3.22539100106909,0.9849450986152353,True,1178.1789100582525,0.5833333333333334,0.4463232578142126,12,False,2.356357820116505,1.0416666666666665,-0.09333333333333334,-0.03,0.0,0.0,3.2746911534498384,20260812,V0,full,20261721,20261589,72,20,6
20,fresh_bandit_v0,fake_merchant_collusion|1.21|1.57|0.24|0.1|0.9|0.61|0.89,fake_merchant_collusion,1.445139421373288,0.9774450986152353,True,501.74326973486484,0.75,0.377574502561143,12,False,1.0034865394697297,0.625,-0.12,-0.03,0.0,0.0,1.4784865394697297,20260812,V0,full,20261721,20261589,72,20,6
21,fresh_bandit_v0,fake_merchant_collusion|1.21|1.57|0.24|0.1|0.9|0.61|0.89,fake_merchant_collusion,3.2500930933462495,0.9849450986152353,True,1190.7187421320855,0.5833333333333334,0.32103381972037254,12,False,2.381437484264171,1.0416666666666665,-0.09333333333333334,-0.03,0.0,0.0,3.2997708175975045,20260812,V0,full,20261721,20261589,72,20,6
22,fresh_bandit_v0,fake_merchant_collusion|1.21|1.57|0.24|0.1|0.9|0.61|0.89,fake_merchant_collusion,1.7926954274815496,0.9799450986152354,True,566.3584335905562,0.6666666666666666,0.5691026090088748,12,False,1.1327168671811123,0.8333333333333335,-0.10666666666666666,-0.03,0.0,0.0,1.829383533847779,20260812,V0,full,20261721,20261589,72,20,6
23,fresh_bandit_v0,fake_merchant_collusion|1.21|1.57|0.24|0.1|0.9|0.61|0.89,fake_merchant_collusion,1.6539861868166095,0.9774450986152353,True,497.7429266836448,0.6666666666666666,0.49112626250223257,12,False,0.9954858533672896,0.8333333333333335,-0.10666666666666666,-0.03,0.0,0.0,1.6921525200339564,20260812,V0,full,20261721,20261589,72,20,6
24,fresh_bandit_v0,fake_merchant_collusion|1.21|1.57|0.24|0.1|0.9|0.61|0.89,fake_merchant_collusion,4.32530429974104,0.9999450986152354,True,1481.937555653921,0.4166666666666667,0.3292074783015026,12,False,2.963875111307842,1.458333333333333,-0.06666666666666667,-0.03,0.0,0.0,4.325541777974508,20260812,V0,full,20261721,20261589,72,20,6
25,fresh_bandit_v0,fake_merchant_collusion|1.21|1.57|0.24|0.1|0.9|0.61|0.89,fake_merchant_collusion,3.573156455868707,0.9999450986152354,True,1327.5096522717224,0.5833333333333334,0.33778855826163295,12,False,2.655019304543445,1.0416666666666665,-0.09333333333333334,-0.03,0.0,0.0,3.5733526378767784,20260812,V0,full,20261721,20261589,72,20,6
26,fresh_bandit_v0,fake_merchant_collusion|1.21|1.57|0.24|0.1|0.9|0.61|0.89,fake_merchant_collusion,1.182470623824822,0.9949450986152353,True,245.9057987909339,0.6666666666666666,0.4717103328516677,12,False,0.49181159758186777,0.8333333333333335,-0.10666666666666666,-0.03,0.0,0.0,1.1884782642485345,20260812,V0,full,20261721,20261589,72,20,6
27,fresh_bandit_v0,fake_merchant_collusion|1.21|1.57|0.24|0.1|0.9|0.61|0.89,fake_merchant_collusion,8.841225965256022,0.9999450986152354,True,3961.689027060774,0.5833333333333334,0.31657220095933,12,False,7.923378054121549,1.0416666666666665,-0.09333333333333334,-0.03,0.0,0.0,8.841711387454882,20260812,V0,full,20261721,20261589,72,20,6
28,fresh_bandit_v0,fake_merchant_collusion|1.21|1.57|0.24|0.1|0.9|0.61|0.89,fake_merchant_collusion,5.265069364662788,0.9800549013847646,True,1894.4427325228735,0.3333333333333333,0.2956310378247481,12,False,3.788885465045747,1.666666666666667,-0.05333333333333333,-0.03,0.0,0.0,5.37221879837908,20260812,V0,full,20261721,20261589,72,20,6
29,fresh_bandit_v0,fake_merchant_collusion|1.21|1.57|0.24|0.1|0.9|0.61|0.89,fake_merchant_collusion,1.2355320286563045,0.9849450986152354,True,278.87524427844266,0.6666666666666666,0.46423024718422884,12,False,0.5577504885568854,0.8333333333333335,-0.10666666666666666,-0.03,0.0,0.0,1.2544171552235521,20260812,V0,full,20261721,20261589,72,20,6
30,fresh_bandit_v0,fake_merchant_collusion|1.21|1.57|0.24|0.1|0.9|0.61|0.89,fake_merchant_collusion,0.7023279633285191,0.9849450986152354,True,119.03152866892967,0.75,0.5717311157081905,12,False,0.23806305733785935,0.625,-0.12,-0.03,0.0,0.0,0.7130630573378594,20260812,V0,full,20261721,20261589,72,20,6
31,fresh_bandit_v0,fake_merchant_collusion|1.21|1.57|0.24|0.1|0.9|0.61|0.89,fake_merchant_collusion,1.3869484866158033,0.9774450986152353,True,361.1430805239354,0.6666666666666666,0.5119284350358244,12,False,0.7222861610478708,0.8333333333333335,-0.10666666666666666,-0.03,0.0,0.0,1.4189528277145376,20260812,V0,full,20261721,20261589,72,20,6
32,fresh_bandit_v0,fake_merchant_collusion|1.21|1.57|0.24|0.1|0.9|0.61|0.89,fake_merchant_collusion,2.397067812852271,0.9899450986152354,True,640.7074504461716,0.5,0.3733011528546228,12,False,1.2814149008923432,1.25,-0.08,-0.03,0.0,0.0,2.4214149008923433,20260812,V0,full,20261721,20261589,72,20,6
33,fresh_bandit_v0,fake_merchant_collusion|1.21|1.57|0.24|0.1|0.9|0.61|0.89,fake_merchant_collusion,4.219561806034415,0.9900549013847646,True,1450.1403127405465,0.4166666666666667,0.34887045850379694,12,False,2.900280625481093,1.458333333333333,-0.06666666666666667,-0.03,0.0,0.0,4.2619472921477595,20260812,V0,full,20261721,20261589,72,20,6
34,fresh_bandit_v0,fake_merchant_collusion|1.21|1.57|0.24|0.1|0.9|0.61|0.89,fake_merchant_collusion,0.9842711381207804,0.9749450986152354,True,156.44952034673088,0.6666666666666666,0.3830996044195591,12,False,0.31289904069346175,0.8333333333333335,-0.10666666666666666,-0.03,0.0,0.0,1.0095657073601285,20260812,V0,full,20261721,20261589,72,20,6
35,fresh_bandit_v0,fake_merchant_collusion|1.21|1.57|0.24|0.1|0.9|0.61|0.89,fake_merchant_collusion,4.117414333208808,0.9999450986152354,True,1599.6535320176272,0.5833333333333334,0.38480607243117393,12,False,3.1993070640352546,1.0416666666666665,-0.09333333333333334,-0.03,0.0,0.0,4.117640397368587,20260812,V0,full,20261721,20261589,72,20,6
36,fresh_bandit_v0,fake_merchant_collusion|1.21|1.57|0.24|0.1|0.9|0.61|0.89,fake_merchant_collusion,1.220384893754088,0.9899450986152354,True,268.05685611313123,0.6666666666666666,0.49079416971070294,12,False,0.5361137122262625,0.8333333333333335,-0.10666666666666666,-0.03,0.0,0.0,1.2327803788929292,20260812,V0,full,20261721,20261589,72,20,6
37,fresh_bandit_v0,fake_merchant_collusion|1.21|1.57|0.24|0.1|0.9|0.61|0.89,fake_merchant_collusion,3.211284625764519,0.9799450986152354,True,1179.3356485662982,0.5833333333333334,0.39447342960105547,12,False,2.3586712971325965,1.0416666666666665,-0.09333333333333334,-0.03,0.0,0.0,3.27700463046593,20260812,V0,full,20261721,20261589,72,20,6
38,fresh_bandit_v0,fake_merchant_collusion|1.21|1.57|0.24|0.1|0.9|0.61|0.89,fake_merchant_collusion,1.7946810290045643,0.9949450986152353,True,442.7328610069717,0.5833333333333334,0.46784638868439493,12,False,0.8854657220139434,1.0416666666666665,-0.09333333333333334,-0.03,0.0,0.0,1.8037990553472765,20260812,V0,full,20261721,20261589,72,20,6
39,fresh_bandit_v0,fake_merchant_collusion|1.21|1.57|0.24|0.1|0.9|0.61|0.89,fake_merchant_collusion,11.665360910984313,0.9774450986152353,True,5286.43834643203,0.4166666666666667,0.3048890184115362,12,False,10.57287669286406,1.458333333333333,-0.06666666666666667,-0.03,0.0,0.0,11.934543359530727,20260812,V0,full,20261721,20261589,72,20,6
40,fresh_bandit_v0,fake_merchant_collusion|1.21|1.57|0.24|0.1|0.9|0.61|0.89,fake_merchant_collusion,2.035394114993492,0.9949450986152353,True,452.867552102299,0.5,0.316254865425399,12,False,0.905735104204598,1.25,-0.08,-0.03,0.0,0.0,2.045735104204598,20260812,V0,full,20261721,20261589,72,20,6
41,fresh_bandit_v0,fake_merchant_collusion|1.21|1.57|0.24|0.1|0.9|0.61|0.89,fake_merchant_collusion,0.3631709476065979,0.9700549013847647,True,60.52425783057946,0.8333333333333334,0.4800813006465529,12,False,0.12104851566115891,0.4166666666666666,-0.13333333333333333,-0.03,0.0,0.0,0.3743818489944921,20260812,V0,full,20261721,20261589,72,20,6
42,fresh_bandit_v0,fake_merchant_collusion|1.21|1.57|0.24|0.1|0.9|0.61|0.89,fake_merchant_collusion,2.775135862668912,0.9799450986152354,True,845.9649691551435,0.5,0.35358346901981436,12,False,1.691929938310287,1.25,-0.08,-0.03,0.0,0.0,2.8319299383102874,20260812,V0,full,20261721,20261589,72,20,6
43,fresh_bandit_v0,fake_merchant_collusion|1.21|1.57|0.24|0.1|0.9|0.61|0.89,fake_merchant_collusion,1.163234015491818,0.9999450986152354,True,233.31560774488764,0.6666666666666666,0.48237196615308675,12,False,0.46663121548977526,0.8333333333333335,-0.10666666666666666,-0.03,0.0,0.0,1.1632978821564421,20260812,V0,full,20261721,20261589,72,20,6
44,fresh_bandit_v0,fake_merchant_collusion|1.21|1.57|0.24|0.1|0.9|0.61|0.89,fake_merchant_collusion,0.8174430927145148,0.9849450986152353,True,177.46886164710264,0.75,0.45629441628501755,12,False,0.3549377232942053,0.625,-0.12,-0.03,0.0,0.0,0.8299377232942052,20260812,V0,full,20261721,20261589,72,20,6
45,fresh_bandit_v0,fake_merchant_collusion|1.21|1.57|0.24|0.1|0.9|0.61|0.89,fake_merchant_collusion,1.0404771185032626,0.9949450986152353,True,174.54834121906097,0.6666666666666666,0.4642259406266385,12,False,0.3490966824381219,0.8333333333333335,-0.10666666666666666,-0.03,0.0,0.0,1.0457633491047886,20260812,V0,full,20261721,20261589,72,20,6
46,fresh_bandit_v0,fake_merchant_collusion|1.21|1.57|0.24|0.1|0.9|0.61|0.89,fake_merchant_collusion,5.623485931734618,0.9899450986152354,True,2381.135254925207,0.5833333333333334,0.3569197011942859,12,False,4.7622705098504134,1.0416666666666665,-0.09333333333333334,-0.03,0.0,0.0,5.680603843183746,20260812,V0,full,20261721,20261589,72,20,6
47,fresh_bandit_v0,fake_merchant_collusion|1.21|1.57|0.24|0.1|0.9|0.61|0.89,fake_merchant_collusion,2.489120616121196,0.9825549013847646,True,807.4906023638736,0.5833333333333334,0.2841949493564084,12,False,1.6149812047277472,1.0416666666666665,-0.09333333333333334,-0.03,0.0,0.0,2.533314538061081,20260812,V0,full,20261721,20261589,72,20,6
48,fresh_bandit_v0,fake_merchant_collusion|1.21|1.57|0.24|0.1|0.9|0.61|0.89,fake_merchant_collusion,1.3738146830509197,0.9899450986152354,True,456.38427952855795,0.75,0.46480711387003465,12,False,0.912768559057116,0.625,-0.12,-0.03,0.0,0.0,1.3877685590571158,20260812,V0,full,20261721,20261589,72,20,6
49,fresh_bandit_v0,fake_merchant_collusion|1.21|1.57|0.24|0.1|0.9|0.61|0.89,fake_merchant_collusion,1.8053186023739674,0.9950549013847647,True,447.9785571102335,0.5833333333333334,0.5807278563476473,12,False,0.895957114220467,1.0416666666666665,-0.09333333333333334,-0.03,0.0,0.0,1.8142904475538002,20260812,V0,full,20261721,20261589,72,20,6
50,fresh_bandit_v0,fake_merchant_collusion|1.21|1.57|0.24|0.1|0.9|0.61|0.89,fake_merchant_collusion,1.9742668763874482,0.9999450986152354,True,528.0209694953054,0.5833333333333334,0.41755982929700913,12,False,1.0560419389906108,1.0416666666666665,-0.09333333333333334,-0.03,0.0,0.0,1.9743752723239438,20260812,V0,full,20261721,20261589,72,20,6
51,fresh_bandit_v0,fake_merchant_collusion|1.21|1.57|0.24|0.1|0.9|0.61|0.89,fake_merchant_collusion,0.6616588358155406,0.9950549013847647,True,94.97353231200884,0.75,0.593012640723423,12,False,0.1899470646240177,0.625,-0.12,-0.03,0.0,0.0,0.6649470646240176,20260812,V0,full,20261721,20261589,72,20,6
52,fresh_bandit_v0,fake_merchant_collusion|1.21|1.57|0.24|0.1|0.9|0.61|0.89,fake_merchant_collusion,1.532820225900107,0.9874450986152353,True,538.6546581423565,0.75,0.4873983691940981,12,False,1.0773093162847132,0.625,-0.12,-0.03,0.0,0.0,1.552309316284713,20260812,V0,full,20261721,20261589,72,20,6
53,fresh_bandit_v0,fake_merchant_collusion|1.21|1.57|0.24|0.1|0.9|0.61|0.89,fake_merchant_collusion,1.7558800223327926,0.9799450986152354,True,547.5740112791526,0.6666666666666666,0.44668803469946594,12,False,1.0951480225583052,0.8333333333333335,-0.10666666666666666,-0.03,0.0,0.0,1.791814689224972,20260812,V0,full,20261721,20261589,72,20,6
54,fresh_bandit_v0,fake_merchant_collusion|1.21|1.57|0.24|0.1|0.9|0.61|0.89,fake_merchant_collusion,1.4666274318367607,0.9999450986152354,True,385.02064473396547,0.6666666666666666,0.4627983023207956,12,False,0.7700412894679309,0.8333333333333335,-0.10666666666666666,-0.03,0.0,0.0,1.4667079561345977,20260812,V0,full,20261721,20261589,72,20,6
55,fresh_bandit_v0,fake_merchant_collusion|1.21|1.57|0.24|0.1|0.9|0.61|0.89,fake_merchant_collusion,1.8566772953639012,0.9899450986152354,True,589.4344772053906,0.6666666666666666,0.41245634892442834,12,False,1.1788689544107813,0.8333333333333335,-0.10666666666666666,-0.03,0.0,0.0,1.8755356210774483,20260812,V0,full,20261721,20261589,72,20,6
56,fresh_bandit_v0,fake_merchant_collusion|1.21|1.57|0.24|0.1|0.9|0.61|0.89,fake_merchant_collusion,7.445476347888057,0.9950549013847647,True,3282.0723029251553,0.5833333333333334,0.4466428447604757,12,False,6.564144605850311,1.0416666666666665,-0.09333333333333334,-0.03,0.0,0.0,7.482477939183643,20260812,V0,full,20261721,20261589,72,20,6
57,fresh_bandit_v0,fake_merchant_collusion|1.21|1.57|0.24|0.1|0.9|0.61|0.89,fake_merchant_collusion,2.0723114728588983,0.9999450986152354,True,909.5459592708569,0.8333333333333334,0.4884485716758619,12,False,1.8190919185417138,0.4166666666666666,-0.13333333333333333,-0.03,0.0,0.0,2.0724252518750474,20260812,V0,full,20261721,20261589,72,20,6
58,fresh_bandit_v0,fake_merchant_collusion|1.21|1.57|0.24|0.1|0.9|0.61|0.89,fake_merchant_collusion,3.7256621035207296,0.9924450986152353,True,1417.8450233095186,0.5833333333333334,0.3847695007741485,12,False,2.835690046619037,1.0416666666666665,-0.09333333333333334,-0.03,0.0,0.0,3.7540233799523706,20260812,V0,full,20261721,20261589,72,20,6
59,fresh_bandit_v0,fake_merchant_collusion|1.21|1.57|0.24|0.1|0.9|0.61|0.89,fake_merchant_collusion,1.1523221827527947,0.9849450986152353,True,236.63438942242232,0.6666666666666666,0.4708468652513454,12,False,0.47326877884484464,0.8333333333333335,-0.10666666666666666,-0.03,0.0,0.0,1.1699354455115114,20260812,V0,full,20261721,20261589,72,20,6
60,fresh_bandit_v0,fake_merchant_collusion|1.21|1.57|0.24|0.1|0.9|0.61|0.89,fake_merchant_collusion,3.4534965835605353,0.9950549013847647,True,1497.82966811906,0.75,0.5063794703387983,12,False,2.99565933623812,0.625,-0.12,-0.03,0.0,0.0,3.47065933623812,20260812,V0,full,20261721,20261589,72,20,6
61,fresh_bandit_v0,fake_merchant_collusion|1.21|1.57|0.24|0.1|0.9|0.61|0.89,fake_merchant_collusion,1.3598572953897314,0.9874450986152353,True,229.40695494366713,0.5833333333333334,0.5358784802949357,12,False,0.4588139098873343,1.0416666666666665,-0.09333333333333334,-0.03,0.0,0.0,1.3771472432206675,20260812,V0,full,20261721,20261589,72,20,6
62,fresh_bandit_v0,fake_merchant_collusion|1.21|1.57|0.24|0.1|0.9|0.61|0.89,fake_merchant_collusion,8.7801985892292,0.9949450986152353,True,4064.07022614421,0.6666666666666666,0.4047166337503892,12,False,8.12814045228842,0.8333333333333335,-0.10666666666666666,-0.03,0.0,0.0,8.824807118955087,20260812,V0,full,20261721,20261589,72,20,6
63,fresh_bandit_v0,fake_merchant_collusion|1.21|1.57|0.24|0.1|0.9|0.61|0.89,fake_merchant_collusion,2.084896185993432,0.9899450986152354,True,704.702935501093,0.6666666666666666,0.4571894411140987,12,False,1.409405871002186,0.8333333333333335,-0.10666666666666666,-0.03,0.0,0.0,2.106072537668853,20260812,V0,full,20261721,20261589,72,20,6
64,fresh_bandit_v0,fake_merchant_collusion|1.21|1.57|0.24|0.1|0.9|0.61|0.89,fake_merchant_collusion,8.55476691398123,0.9849450986152353,True,3772.7633306712423,0.5,0.41234355192556676,12,False,7.5455266613424845,1.25,-0.08,-0.03,0.0,0.0,8.685526661342486,20260812,V0,full,20261721,20261589,72,20,6
65,fresh_bandit_v0,fake_merchant_collusion|1.21|1.57|0.24|0.1|0.9|0.61|0.89,fake_merchant_collusion,2.0493476162350293,0.9800549013847646,True,586.3602794969675,0.5833333333333334,0.5106667342409293,12,False,1.172720558993935,1.0416666666666665,-0.09333333333333334,-0.03,0.0,0.0,2.0910538923272686,20260812,V0,full,20261721,20261589,72,20,6
66,fresh_bandit_v0,fake_merchant_collusion|1.21|1.57|0.24|0.1|0.9|0.61|0.89,fake_merchant_collusion,3.333379553948308,0.9949450986152353,True,1105.1575331079605,0.5,0.38696643042088996,12,False,2.2103150662159208,1.25,-0.08,-0.03,0.0,0.0,3.350315066215921,20260812,V0,full,20261721,20261589,72,20,6
67,fresh_bandit_v0,fake_merchant_collusion|1.21|1.57|0.24|0.1|0.9|0.61|0.89,fake_merchant_collusion,2.1921225004946003,0.9899450986152354,True,758.8606431614268,0.6666666666666666,0.42150395844904337,12,False,1.5177212863228535,0.8333333333333335,-0.10666666666666666,-0.03,0.0,0.0,2.214387952989521,20260812,V0,full,20261721,20261589,72,20,6
68,fresh_bandit_v0,fake_merchant_collusion|1.21|1.57|0.24|0.1|0.9|0.61|0.89,fake_merchant_collusion,5.509548200879815,0.9900549013847646,True,1990.7791316288371,0.3333333333333333,0.24822463857037677,12,False,3.9815582632576745,1.666666666666667,-0.05333333333333333,-0.03,0.0,0.0,5.564891596591007,20260812,V0,full,20261721,20261589,72,20,6
69,fresh_bandit_v0,fake_merchant_collusion|1.21|1.57|0.24|0.1|0.9|0.61|0.89,fake_merchant_collusion,0.39193742966782225,0.9724450986152353,True,74.85495662391415,0.8333333333333334,0.4792092690322127,12,False,0.14970991324782829,0.4166666666666666,-0.13333333333333333,-0.03,0.0,0.0,0.40304324658116153,20260812,V0,full,20261721,20261589,72,20,6
70,fresh_bandit_v0,fake_merchant_collusion|1.21|1.57|0.24|0.1|0.9|0.61|0.89,fake_merchant_collusion,2.425555220431372,0.9849450986152354,True,661.3149351377731,0.5,0.41487330208671996,12,False,1.3226298702755461,1.25,-0.08,-0.03,0.0,0.0,2.462629870275546,20260812,V0,full,20261721,20261589,72,20,6
71,fresh_bandit_v0,fake_merchant_collusion|1.21|1.57|0.24|0.1|0.9|0.61|0.89,fake_merchant_collusion,0.06678701005850961,0.9700549013847647,True,18.591012115140913,0.9166666666666666,0.5221000969823658,12,False,0.03718202423028182,0.20833333333333343,-0.14666666666666667,-0.03,0.0,0.0,0.06884869089694859,20260812,V0,full,20261721,20261589,72,20,6
0,fresh_bandit_v1,agentic_intent_hijack|0.83|1.34|0.37|0.22|0.96|0.98|0.92,agentic_intent_hijack,-0.17446441827493972,0.9182337803944196,True,0.0,1.0,0.8595139293789081,12,False,0.0,0.0,-0.16,-0.03,0.0,0.0,-0.19,20260812,V1,full,20261721,20261589,72,20,6
1,fresh_bandit_v1,ai_app_scam_mule|1.92|1.75|0.18|0.98|0.3|0.63|0.75,ai_app_scam_mule,-0.16142856,0.8496239999999999,True,0.0,1.0,0.9410001063857939,12,False,0.0,0.0,-0.16,-0.03,0.0,0.0,-0.19,20260812,V1,full,20261721,20261589,72,20,6
2,fresh_bandit_v1,adaptive_card_testing|0.52|0.53|0.49|0.31|0.54|0.76|0.6,adaptive_card_testing,-0.18231898013703274,0.9595735796685934,True,0.0,1.0,0.897791832366353,12,False,0.0,0.0,-0.16,-0.03,0.0,0.0,-0.19,20260812,V1,full,20261721,20261589,72,20,6
3,fresh_bandit_v1,synthetic_identity_bustout|2.2|1.05|0.1|0.05|0.38|0.87|0.7,synthetic_identity_bustout,-0.18303367426131822,0.9633351276911486,True,0.0,1.0,0.8971153601348888,12,False,0.0,0.0,-0.16,-0.03,0.0,0.0,-0.19,20260812,V1,full,20261721,20261589,72,20,6
4,fresh_bandit_v1,fake_merchant_collusion|0.51|1.19|0.17|0.05|0.95|0.72|0.74,fake_merchant_collusion,-0.18919776647082978,0.9957777182675251,True,0.0,1.0,0.9016994605226806,12,False,0.0,0.0,-0.16,-0.03,0.0,0.0,-0.19,20260812,V1,full,20261721,20261589,72,20,6
5,fresh_bandit_v1,deepfake_account_takeover|1.28|0.77|0.85|0.64|0.52|0.6|0.56,deepfake_account_takeover,-0.17436048551982009,0.91768676589379,True,0.0,1.0,0.9398478752064551,12,False,0.0,0.0,-0.16,-0.03,0.0,0.0,-0.19,20260812,V1,full,20261721,20261589,72,20,6
6,fresh_bandit_v1,synthetic_identity_bustout|0.77|2.1|0.63|0.12|0.71|0.66|0.7,synthetic_identity_bustout,-0.18212222979244308,0.9585380515391742,True,0.0,1.0,0.9009880008170904,12,False,0.0,0.0,-0.16,-0.03,0.0,0.0,-0.19,20260812,V1,full,20261721,20261589,72,20,6
7,fresh_bandit_v1,ai_app_scam_mule|0.61|0.71|0.11|0.92|0.77|0.56|0.44,ai_app_scam_mule,-0.17066191830634933,0.8982206226649965,True,0.0,1.0,0.936599824206562,12,False,0.0,0.0,-0.16,-0.03,0.0,0.0,-0.19,20260812,V1,full,20261721,20261589,72,20,6
8,fresh_bandit_v1,adaptive_card_testing|2.13|0.74|0.09|0.09|0.59|0.77|0.56,adaptive_card_testing,-0.18312330892007456,0.963806889053024,True,0.0,1.0,0.8978490323247447,12,False,0.0,0.0,-0.16,-0.03,0.0,0.0,-0.19,20260812,V1,full,20261721,20261589,72,20,6
9,fresh_bandit_v1,adaptive_card_testing|0.94|0.76|0.92|0.05|0.1|0.43|0.54,adaptive_card_testing,-0.18110429795636945,0.9531805155598392,True,0.0,1.0,0.8995832459391978,12,False,0.0,0.0,-0.16,-0.03,0.0,0.0,-0.19,20260812,V1,full,20261721,20261589,72,20,6
10,fresh_bandit_v1,adaptive_card_testing|0.78|1.85|0.16|0.05|0.66|0.98|0.61,adaptive_card_testing,-0.18431640722485385,0.9700863538150202,True,0.0,1.0,0.8695417630537313,12,False,0.0,0.0,-0.16,-0.03,0.0,0.0,-0.19,20260812,V1,full,20261721,20261589,72,20,6
11,fresh_bandit_v1,agentic_intent_hijack|1.58|0.71|0.53|0.05|0.53|0.98|0.73,agentic_intent_hijack,-0.16712937621215024,0.8796282958534223,True,0.0,1.0,0.922135186140301,12,False,0.0,0.0,-0.16,-0.03,0.0,0.0,-0.19,20260812,V1,full,20261721,20261589,72,20,6
12,fresh_bandit_v1,deepfake_account_takeover|0.55|1.04|0.38|0.2|0.51|0.73|0.84,deepfake_account_takeover,-0.16746052802744563,0.8813712001444507,True,0.0,1.0,0.9332019852376771,12,False,0.0,0.0,-0.16,-0.03,0.0,0.0,-0.19,20260812,V1,full,20261721,20261589,72,20,6
13,fresh_bandit_v1,fake_merchant_collusion|1.61|1.03|0.24|0.36|0.98|0.51|0.76,fake_merchant_collusion,-0.1861701849670491,0.9798430787739426,True,0.0,1.0,0.9172474251935078,12,False,0.0,0.0,-0.16,-0.03,0.0,0.0,-0.19,20260812,V1,full,20261721,20261589,72,20,6
14,fresh_bandit_v1,ai_app_scam_mule|1.23|1.29|0.05|0.96|0.1|0.87|0.56,ai_app_scam_mule,-0.16446504244143206,0.8656054865338529,True,0.0,1.0,0.9404876830862096,12,False,0.0,0.0,-0.16,-0.03,0.0,0.0,-0.19,20260812,V1,full,20261721,20261589,72,20,6
15,fresh_bandit_v1,deepfake_account_takeover|1.97|1.55|0.55|0.18|0.65|0.98|0.49,deepfake_account_takeover,-0.17022021859571007,0.8958958873458425,True,0.0,1.0,0.9357447756987846,12,False,0.0,0.0,-0.16,-0.03,0.0,0.0,-0.19,20260812,V1,full,20261721,20261589,72,20,6
16,fresh_bandit_v1,agentic_intent_hijack|0.47|1.58|0.34|0.05|0.8|0.7|0.56,agentic_intent_hijack,-0.1745187133851207,0.9185195441322143,True,0.0,1.0,0.8724901617945927,12,False,0.0,0.0,-0.16,-0.03,0.0,0.0,-0.19,20260812,V1,full,20261721,20261589,72,20,6
17,fresh_bandit_v1,synthetic_identity_bustout|0.73|0.97|0.38|0.05|0.14|0.78|0.92,synthetic_identity_bustout,-0.18215061845486907,0.9586874655519425,True,0.0,1.0,0.8934810986938838,12,False,0.0,0.0,-0.16,-0.03,0.0,0.0,-0.19,20260812,V1,full,20261721,20261589,72,20,6
18,fresh_bandit_v1,deepfake_account_takeover|0.88|0.79|0.54|0.98|0.58|0.5|0.79,deepfake_account_takeover,-0.17249123691878632,0.9078486153620332,True,0.0,1.0,0.9441867073670217,12,False,0.0,0.0,-0.16,-0.03,0.0,0.0,-0.19,20260812,V1,full,20261721,20261589,72,20,6
19,fresh_bandit_v1,synthetic_identity_bustout|1.77|2.02|0.05|0.24|0.75|0.48|0.77,synthetic_identity_bustout,-0.1837689144377588,0.9672048128303095,True,0.0,1.0,0.9112833949915657,12,False,0.0,0.0,-0.16,-0.03,0.0,0.0,-0.19,20260812,V1,full,20261721,20261589,72,20,6
20,fresh_bandit_v1,ai_app_scam_mule|1.09|2.1|0.16|0.45|0.21|0.87|0.72,ai_app_scam_mule,-0.15901580089221762,0.8369252678537769,True,0.0,1.0,0.9330491613474668,12,False,0.0,0.0,-0.16,-0.03,0.0,0.0,-0.19,20260812,V1,full,20261721,20261589,72,20,6
21,fresh_bandit_v1,adaptive_card_testing|0.78|1.85|0.16|0.05|0.66|0.98|0.61,adaptive_card_testing,-0.17956640722485384,0.9450863538150203,True,0.0,1.0,0.8688062592081233,12,False,0.0,0.0,-0.16,-0.03,0.0,0.0,-0.19,20260812,V1,full,20261721,20261589,72,20,6
22,fresh_bandit_v1,ai_app_scam_mule|0.61|0.71|0.11|0.92|0.77|0.56|0.44,ai_app_scam_mule,-0.17276308169365065,0.9092793773350034,True,0.0,1.0,0.9429953094704362,12,False,0.0,0.0,-0.16,-0.03,0.0,0.0,-0.19,20260812,V1,full,20261721,20261589,72,20,6
23,fresh_bandit_v1,fake_merchant_collusion|0.61|0.71|0.05|0.05|0.84|0.84|0.9,fake_merchant_collusion,-0.1874426,0.98654,True,0.0,1.0,0.9122619822835681,12,False,0.0,0.0,-0.16,-0.03,0.0,0.0,-0.19,20260812,V1,full,20261721,20261589,72,20,6
24,fresh_bandit_v1,adaptive_card_testing|0.94|0.76|0.92|0.05|0.1|0.43|0.54,adaptive_card_testing,-0.17825429795636946,0.9381805155598393,True,0.0,1.0,0.8965697735833,12,False,0.0,0.0,-0.16,-0.03,0.0,0.0,-0.19,20260812,V1,full,20261721,20261589,72,20,6
25,fresh_bandit_v1,agentic_intent_hijack|1.28|1.82|0.37|0.05|0.5|0.71|0.89,agentic_intent_hijack,0.2702666062738484,0.8769862854414665,True,38.25494077108931,0.9166666666666666,0.7773376756975994,12,True,0.07650988154217862,0.20833333333333343,-0.14666666666666667,-0.03,0.2,0.0,0.30817654820884544,20260812,V1,full,20261721,20261589,72,20,6
26,fresh_bandit_v1,agentic_intent_hijack|0.47|1.58|0.34|0.05|0.8|0.7|0.56,agentic_intent_hijack,-0.17261871338512072,0.9085195441322143,True,0.0,1.0,0.9096613761140042,12,False,0.0,0.0,-0.16,-0.03,0.0,0.0,-0.19,20260812,V1,full,20261721,20261589,72,20,6
27,fresh_bandit_v1,deepfake_account_takeover|1.3|1.28|0.64|0.32|0.48|0.34|0.75,deepfake_account_takeover,-0.17249134488919649,0.9078491836273499,True,0.0,1.0,0.9393732037649271,12,False,0.0,0.0,-0.16,-0.03,0.0,0.0,-0.19,20260812,V1,full,20261721,20261589,72,20,6
28,fresh_bandit_v1,adaptive_card_testing|1.2|0.61|0.06|0.05|0.63|0.47|0.68,adaptive_card_testing,-0.18166953684566015,0.9561554570824218,True,0.0,1.0,0.8874585391597075,12,False,0.0,0.0,-0.16,-0.03,0.0,0.0,-0.19,20260812,V1,full,20261721,20261589,72,20,6
29,fresh_bandit_v1,agentic_intent_hijack|1.58|0.71|0.53|0.05|0.53|0.98|0.73,agentic_intent_hijack,-0.16712937621215024,0.8796282958534223,True,0.0,1.0,0.9298716281818332,12,False,0.0,0.0,-0.16,-0.03,0.0,0.0,-0.19,20260812,V1,full,20261721,20261589,72,20,6
30,fresh_bandit_v1,ai_app_scam_mule|1.28|0.71|0.45|0.6|0.73|0.56|0.58,ai_app_scam_mule,-0.16817434719262858,0.8851281431190978,True,0.0,1.0,0.942149964754644,12,False,0.0,0.0,-0.16,-0.03,0.0,0.0,-0.19,20260812,V1,full,20261721,20261589,72,20,6
31,fresh_bandit_v1,ai_app_scam_mule|1.92|1.75|0.18|0.98|0.3|0.63|0.75,ai_app_scam_mule,-0.16095355999999997,0.8471239999999999,True,0.0,1.0,0.9390512751748337,12,False,0.0,0.0,-0.16,-0.03,0.0,0.0,-0.19,20260812,V1,full,20261721,20261589,72,20,6
32,fresh_bandit_v1,deepfake_account_takeover|1.97|1.55|0.55|0.18|0.65|0.98|0.49,deepfake_account_takeover,-0.17069521859571007,0.8983958873458424,True,0.0,1.0,0.9349600398387917,12,False,0.0,0.0,-0.16,-0.03,0.0,0.0,-0.19,20260812,V1,full,20261721,20261589,72,20,6
33,fresh_bandit_v1,fake_merchant_collusion|1.39|0.99|0.53|0.11|0.94|0.7|0.98,fake_merchant_collusion,-0.1876967469261487,0.9878776154007827,True,0.0,1.0,0.909424113399877,12,False,0.0,0.0,-0.16,-0.03,0.0,0.0,-0.19,20260812,V1,full,20261721,20261589,72,20,6
34,fresh_bandit_v1,synthetic_identity_bustout|1.77|2.02|0.05|0.24|0.75|0.48|0.77,synthetic_identity_bustout,-0.18139391443775882,0.9547048128303095,True,0.0,1.0,0.9191714087884383,12,False,0.0,0.0,-0.16,-0.03,0.0,0.0,-0.19,20260812,V1,full,20261721,20261589,72,20,6
35,fresh_bandit_v1,fake_merchant_collusion|0.98|0.86|0.05|0.48|0.54|0.74|0.56,fake_merchant_collusion,-0.18336105533711097,0.9650581859847946,True,0.0,1.0,0.8998886152929151,12,False,0.0,0.0,-0.16,-0.03,0.0,0.0,-0.19,20260812,V1,full,20261721,20261589,72,20,6
36,fresh_bandit_v1,ai_app_scam_mule|1.09|2.1|0.16|0.45|0.21|0.87|0.72,ai_app_scam_mule,-0.1647158008922176,0.8669252678537769,True,0.0,1.0,0.9278855044942698,12,False,0.0,0.0,-0.16,-0.03,0.0,0.0,-0.19,20260812,V1,full,20261721,20261589,72,20,6
37,fresh_bandit_v1,agentic_intent_hijack|0.64|1.39|0.05|0.33|0.66|0.79|0.86,agentic_intent_hijack,0.2750482557813114,0.8991743913606565,True,37.111556125262375,0.9166666666666666,0.7280893484326153,12,True,0.07422311225052475,0.20833333333333343,-0.14666666666666667,-0.03,0.2,0.0,0.3058897789171915,20260812,V1,full,20261721,20261589,72,20,6
38,fresh_bandit_v1,agentic_intent_hijack|0.64|1.39|0.05|0.33|0.66|0.79|0.86,agentic_intent_hijack,-0.17179313435852472,0.9041743913606564,True,0.0,1.0,0.8736257149609412,12,False,0.0,0.0,-0.16,-0.03,0.0,0.0,-0.19,20260812,V1,full,20261721,20261589,72,20,6
39,fresh_bandit_v1,deepfake_account_takeover|0.88|0.79|0.54|0.98|0.58|0.5|0.79,deepfake_account_takeover,-0.1658412369187863,0.8728486153620332,True,0.0,1.0,0.9481210207186832,12,False,0.0,0.0,-0.16,-0.03,0.0,0.0,-0.19,20260812,V1,full,20261721,20261589,72,20,6
40,fresh_bandit_v1,synthetic_identity_bustout|0.73|0.97|0.38|0.05|0.14|0.78|0.92,synthetic_identity_bustout,-0.17740061845486907,0.9336874655519425,True,0.0,1.0,0.8861366812993459,12,False,0.0,0.0,-0.16,-0.03,0.0,0.0,-0.19,20260812,V1,full,20261721,20261589,72,20,6
41,fresh_bandit_v1,agentic_intent_hijack|0.47|1.58|0.34|0.05|0.8|0.7|0.56,agentic_intent_hijack,-0.17261871338512072,0.9085195441322143,True,0.0,1.0,0.851468614039737,12,False,0.0,0.0,-0.16,-0.03,0.0,0.0,-0.19,20260812,V1,full,20261721,20261589,72,20,6
42,fresh_bandit_v1,agentic_intent_hijack|1.58|0.71|0.53|0.05|0.53|0.98|0.73,agentic_intent_hijack,-0.16475437621215025,0.8671282958534223,True,0.0,1.0,0.9166786825251921,12,False,0.0,0.0,-0.16,-0.03,0.0,0.0,-0.19,20260812,V1,full,20261721,20261589,72,20,6
43,fresh_bandit_v1,adaptive_card_testing|1.35|1.0|0.05|0.4|0.32|0.59|0.75,adaptive_card_testing,-0.18435015865045662,0.9702639928971402,True,0.0,1.0,0.8794452382058267,12,False,0.0,0.0,-0.16,-0.03,0.0,0.0,-0.19,20260812,V1,full,20261721,20261589,72,20,6
44,fresh_bandit_v1,synthetic_identity_bustout|0.65|0.63|0.14|0.09|0.67|0.69|0.52,synthetic_identity_bustout,-0.18730094495504826,0.985794447131833,True,0.0,1.0,0.8950528844122805,12,False,0.0,0.0,-0.16,-0.03,0.0,0.0,-0.19,20260812,V1,full,20261721,20261589,72,20,6
45,fresh_bandit_v1,deepfake_account_takeover|0.55|1.04|0.38|0.2|0.51|0.73|0.84,deepfake_account_takeover,-0.16841052802744566,0.8863712001444508,True,0.0,1.0,0.9320652387334021,12,False,0.0,0.0,-0.16,-0.03,0.0,0.0,-0.19,20260812,V1,full,20261721,20261589,72,20,6
46,fresh_bandit_v1,ai_app_scam_mule|1.23|1.29|0.05|0.96|0.1|0.87|0.56,ai_app_scam_mule,-0.16256504244143208,0.855605486533853,True,0.0,1.0,0.9391521986725374,12,False,0.0,0.0,-0.16,-0.03,0.0,0.0,-0.19,20260812,V1,full,20261721,20261589,72,20,6
47,fresh_bandit_v1,agentic_intent_hijack|0.83|1.34|0.37|0.22|0.96|0.98|0.92,agentic_intent_hijack,-0.17446441827493972,0.9182337803944196,True,0.0,1.0,0.9164458851203136,12,False,0.0,0.0,-0.16,-0.03,0.0,0.0,-0.19,20260812,V1,full,20261721,20261589,72,20,6
48,fresh_bandit_v1,adaptive_card_testing|0.94|0.76|0.92|0.05|0.1|0.43|0.54,adaptive_card_testing,-0.18015429795636947,0.9481805155598393,True,0.0,1.0,0.8938528702242851,12,False,0.0,0.0,-0.16,-0.03,0.0,0.0,-0.19,20260812,V1,full,20261721,20261589,72,20,6
49,fresh_bandit_v1,synthetic_identity_bustout|0.77|2.1|0.63|0.12|0.71|0.66|0.7,synthetic_identity_bustout,-0.18734722979244306,0.986038051539174,True,0.0,1.0,0.8985447204502873,12,False,0.0,0.0,-0.16,-0.03,0.0,0.0,-0.19,20260812,V1,full,20261721,20261589,72,20,6
50,fresh_bandit_v1,agentic_intent_hijack|0.47|1.58|0.34|0.05|0.8|0.7|0.56,agentic_intent_hijack,-0.17413128661487928,0.9164804558677857,True,0.0,1.0,0.8590994664332526,12,False,0.0,0.0,-0.16,-0.03,0.0,0.0,-0.19,20260812,V1,full,20261721,20261589,72,20,6
51,fresh_bandit_v1,deepfake_account_takeover|1.45|0.81|0.69|0.7|0.31|0.98|0.6,deepfake_account_takeover,-0.1665476642709655,0.8765666540577133,True,0.0,1.0,0.941233691776122,12,False,0.0,0.0,-0.16,-0.03,0.0,0.0,-0.19,20260812,V1,full,20261721,20261589,72,20,6
52,fresh_bandit_v1,ai_app_scam_mule|0.61|0.71|0.11|0.92|0.77|0.56|0.44,ai_app_scam_mule,-0.17418808169365066,0.9167793773350035,True,0.0,1.0,0.9451258935007595,12,False,0.0,0.0,-0.16,-0.03,0.0,0.0,-0.19,20260812,V1,full,20261721,20261589,72,20,6
53,fresh_bandit_v1,deepfake_account_takeover|0.88|0.79|0.54|0.98|0.58|0.5|0.79,deepfake_account_takeover,-0.17378376308121368,0.9146513846379667,True,0.0,1.0,0.945482655748516,12,False,0.0,0.0,-0.16,-0.03,0.0,0.0,-0.19,20260812,V1,full,20261721,20261589,72,20,6
54,fresh_bandit_v1,deepfake_account_takeover|1.97|1.55|0.55|0.18|0.65|0.98|0.49,deepfake_account_takeover,-0.16974521859571007,0.8933958873458424,True,0.0,1.0,0.9499774032591263,12,False,0.0,0.0,-0.16,-0.03,0.0,0.0,-0.19,20260812,V1,full,20261721,20261589,72,20,6
55,fresh_bandit_v1,fake_merchant_collusion|0.98|0.86|0.05|0.48|0.54|0.74|0.56,fake_merchant_collusion,-0.18526105533711099,0.9750581859847947,True,0.0,1.0,0.8939186119742715,12,False,0.0,0.0,-0.16,-0.03,0.0,0.0,-0.19,20260812,V1,full,20261721,20261589,72,20,6
56,fresh_bandit_v1,agentic_intent_hijack|1.58|0.71|0.53|0.05|0.53|0.98|0.73,agentic_intent_hijack,-0.17140437621215024,0.9021282958534222,True,0.0,1.0,0.9117366719779957,12,False,0.0,0.0,-0.16,-0.03,0.0,0.0,-0.19,20260812,V1,full,20261721,20261589,72,20,6
57,fresh_bandit_v1,deepfake_account_takeover|0.55|1.04|0.38|0.2|0.51|0.73|0.84,deepfake_account_takeover,-0.16508552802744564,0.8688712001444507,True,0.0,1.0,0.9406307797978267,12,False,0.0,0.0,-0.16,-0.03,0.0,0.0,-0.19,20260812,V1,full,20261721,20261589,72,20,6
58,fresh_bandit_v1,adaptive_card_testing|0.78|1.85|0.16|0.05|0.66|0.98|0.61,adaptive_card_testing,-0.18716640722485386,0.9850863538150203,True,0.0,1.0,0.8659790205082345,12,False,0.0,0.0,-0.16,-0.03,0.0,0.0,-0.19,20260812,V1,full,20261721,20261589,72,20,6
59,fresh_bandit_v1,ai_app_scam_mule|1.13|0.6|0.24|0.46|0.26|0.58|0.59,ai_app_scam_mule,-0.16088270413273664,0.8467510743828244,True,0.0,1.0,0.9313195221265623,12,False,0.0,0.0,-0.16,-0.03,0.0,0.0,-0.19,20260812,V1,full,20261721,20261589,72,20,6
60,fresh_bandit_v1,agentic_intent_hijack|1.28|1.82|0.37|0.05|0.5|0.71|0.89,agentic_intent_hijack,0.3680110906093986,0.8869862854414665,True,191.61693768536327,0.9166666666666666,0.7960304852054291,12,False,0.38323387537072656,0.20833333333333343,-0.14666666666666667,-0.03,0.0,0.0,0.41490054203739335,20260812,V1,full,20261721,20261589,72,20,6
61,fresh_bandit_v1,agentic_intent_hijack|1.28|1.82|0.37|0.05|0.5|0.71|0.89,agentic_intent_hijack,-0.16710239423387863,0.8794862854414665,True,0.0,1.0,0.8976666797931417,12,False,0.0,0.0,-0.16,-0.03,0.0,0.0,-0.19,20260812,V1,full,20261721,20261589,72,20,6
62,fresh_bandit_v1,synthetic_identity_bustout|1.77|2.02|0.05|0.24|0.75|0.48|0.77,synthetic_identity_bustout,-0.1875689144377588,0.9872048128303095,True,0.0,1.0,0.9087403294634862,12,False,0.0,0.0,-0.16,-0.03,0.0,0.0,-0.19,20260812,V1,full,20261721,20261589,72,20,6
63,fresh_bandit_v1,agentic_intent_hijack|0.47|1.58|0.34|0.05|0.8|0.7|0.56,agentic_intent_hijack,-0.17166871338512069,0.9035195441322141,True,0.0,1.0,0.8708025193393724,12,False,0.0,0.0,-0.16,-0.03,0.0,0.0,-0.19,20260812,V1,full,20261721,20261589,72,20,6
64,fresh_bandit_v1,fake_merchant_collusion|1.39|0.99|0.53|0.11|0.94|0.7|0.98,fake_merchant_collusion,-0.1894532530738513,0.9971223845992174,True,0.0,1.0,0.9111583011557477,12,False,0.0,0.0,-0.16,-0.03,0.0,0.0,-0.19,20260812,V1,full,20261721,20261589,72,20,6
65,fresh_bandit_v1,ai_app_scam_mule|1.09|2.1|0.16|0.45|0.21|0.87|0.72,ai_app_scam_mule,-0.1704158008922176,0.8969252678537769,True,0.0,1.0,0.9219670340452701,12,False,0.0,0.0,-0.16,-0.03,0.0,0.0,-0.19,20260812,V1,full,20261721,20261589,72,20,6
66,fresh_bandit_v1,adaptive_card_testing|0.94|0.76|0.92|0.05|0.1|0.43|0.54,adaptive_card_testing,-0.17682929795636948,0.9306805155598393,True,0.0,1.0,0.8982515238103451,12,False,0.0,0.0,-0.16,-0.03,0.0,0.0,-0.19,20260812,V1,full,20261721,20261589,72,20,6
67,fresh_bandit_v1,adaptive_card_testing|1.2|0.61|0.06|0.05|0.63|0.47|0.68,adaptive_card_testing,-0.18166953684566015,0.9561554570824218,True,0.0,1.0,0.898119648675218,12,False,0.0,0.0,-0.16,-0.03,0.0,0.0,-0.19,20260812,V1,full,20261721,20261589,72,20,6
68,fresh_bandit_v1,deepfake_account_takeover|1.3|1.28|0.64|0.32|0.48|0.34|0.75,deepfake_account_takeover,-0.1696413448891965,0.8928491836273499,True,0.0,1.0,0.939077241684919,12,False,0.0,0.0,-0.16,-0.03,0.0,0.0,-0.19,20260812,V1,full,20261721,20261589,72,20,6
69,fresh_bandit_v1,synthetic_identity_bustout|0.73|0.97|0.38|0.05|0.14|0.78|0.92,synthetic_identity_bustout,-0.17502561845486908,0.9211874655519425,True,0.0,1.0,0.9084527728546291,12,False,0.0,0.0,-0.16,-0.03,0.0,0.0,-0.19,20260812,V1,full,20261721,20261589,72,20,6
70,fresh_bandit_v1,agentic_intent_hijack|1.58|0.71|0.53|0.05|0.53|0.98|0.73,agentic_intent_hijack,-0.16855437621215025,0.8871282958534223,True,0.0,1.0,0.9116579837459562,12,False,0.0,0.0,-0.16,-0.03,0.0,0.0,-0.19,20260812,V1,full,20261721,20261589,72,20,6
71,fresh_bandit_v1,agentic_intent_hijack|0.64|1.39|0.05|0.33|0.66|0.79|0.86,agentic_intent_hijack,-0.1698931343585247,0.8941743913606564,True,0.0,1.0,0.9224217513882471,12,False,0.0,0.0,-0.16,-0.03,0.0,0.0,-0.19,20260812,V1,full,20261721,20261589,72,20,6
0,fresh_bandit_v2,agentic_intent_hijack|0.83|1.34|0.37|0.22|0.96|0.98|0.92,agentic_intent_hijack,-0.17446441827493972,0.9182337803944196,True,0.0,1.0,0.918215337933037,12,False,0.0,0.0,-0.16,-0.03,0.0,0.0,-0.19,20260812,V2,full,20261721,20261589,72,20,6
1,fresh_bandit_v2,ai_app_scam_mule|1.92|1.75|0.18|0.98|0.3|0.63|0.75,ai_app_scam_mule,-0.16142856,0.8496239999999999,True,0.0,1.0,0.9411901629341974,12,False,0.0,0.0,-0.16,-0.03,0.0,0.0,-0.19,20260812,V2,full,20261721,20261589,72,20,6
2,fresh_bandit_v2,adaptive_card_testing|0.52|0.53|0.49|0.31|0.54|0.76|0.6,adaptive_card_testing,-0.18231898013703274,0.9595735796685934,True,0.0,1.0,0.9158845097641461,12,False,0.0,0.0,-0.16,-0.03,0.0,0.0,-0.19,20260812,V2,full,20261721,20261589,72,20,6
3,fresh_bandit_v2,synthetic_identity_bustout|2.2|1.05|0.1|0.05|0.38|0.87|0.7,synthetic_identity_bustout,-0.18303367426131822,0.9633351276911486,True,0.0,1.0,0.903012507767127,12,False,0.0,0.0,-0.16,-0.03,0.0,0.0,-0.19,20260812,V2,full,20261721,20261589,72,20,6
4,fresh_bandit_v2,fake_merchant_collusion|0.51|1.19|0.17|0.05|0.95|0.72|0.74,fake_merchant_collusion,-0.18919776647082978,0.9957777182675251,True,0.0,1.0,0.9025199036257708,12,False,0.0,0.0,-0.16,-0.03,0.0,0.0,-0.19,20260812,V2,full,20261721,20261589,72,20,6
5,fresh_bandit_v2,deepfake_account_takeover|1.28|0.77|0.85|0.64|0.52|0.6|0.56,deepfake_account_takeover,-0.17436048551982009,0.91768676589379,True,0.0,1.0,0.9381543575064818,12,False,0.0,0.0,-0.16,-0.03,0.0,0.0,-0.19,20260812,V2,full,20261721,20261589,72,20,6
6,fresh_bandit_v2,synthetic_identity_bustout|0.77|2.1|0.63|0.12|0.71|0.66|0.7,synthetic_identity_bustout,-0.18212222979244308,0.9585380515391742,True,0.0,1.0,0.90402563618871,12,False,0.0,0.0,-0.16,-0.03,0.0,0.0,-0.19,20260812,V2,full,20261721,20261589,72,20,6
7,fresh_bandit_v2,ai_app_scam_mule|0.61|0.71|0.11|0.92|0.77|0.56|0.44,ai_app_scam_mule,-0.17066191830634933,0.8982206226649965,True,0.0,1.0,0.9398250685911734,12,False,0.0,0.0,-0.16,-0.03,0.0,0.0,-0.19,20260812,V2,full,20261721,20261589,72,20,6
8,fresh_bandit_v2,adaptive_card_testing|2.13|0.74|0.09|0.09|0.59|0.77|0.56,adaptive_card_testing,-0.18312330892007456,0.963806889053024,True,0.0,1.0,0.9043983270015757,12,False,0.0,0.0,-0.16,-0.03,0.0,0.0,-0.19,20260812,V2,full,20261721,20261589,72,20,6
9,fresh_bandit_v2,adaptive_card_testing|0.94|0.76|0.92|0.05|0.1|0.43|0.54,adaptive_card_testing,-0.18110429795636945,0.9531805155598392,True,0.0,1.0,0.910981468630788,12,False,0.0,0.0,-0.16,-0.03,0.0,0.0,-0.19,20260812,V2,full,20261721,20261589,72,20,6
10,fresh_bandit_v2,adaptive_card_testing|0.78|1.85|0.16|0.05|0.66|0.98|0.61,adaptive_card_testing,-0.18431640722485385,0.9700863538150202,True,0.0,1.0,0.8778732100339001,12,False,0.0,0.0,-0.16,-0.03,0.0,0.0,-0.19,20260812,V2,full,20261721,20261589,72,20,6
11,fresh_bandit_v2,agentic_intent_hijack|1.58|0.71|0.53|0.05|0.53|0.98|0.73,agentic_intent_hijack,-0.16712937621215024,0.8796282958534223,True,0.0,1.0,0.9391936579534393,12,False,0.0,0.0,-0.16,-0.03,0.0,0.0,-0.19,20260812,V2,full,20261721,20261589,72,20,6
12,fresh_bandit_v2,deepfake_account_takeover|0.55|1.04|0.38|0.2|0.51|0.73|0.84,deepfake_account_takeover,-0.16746052802744563,0.8813712001444507,True,0.0,1.0,0.9313587557030581,12,False,0.0,0.0,-0.16,-0.03,0.0,0.0,-0.19,20260812,V2,full,20261721,20261589,72,20,6
13,fresh_bandit_v2,fake_merchant_collusion|1.61|1.03|0.24|0.36|0.98|0.51|0.76,fake_merchant_collusion,-0.1861701849670491,0.9798430787739426,True,0.0,1.0,0.9217998419580491,12,False,0.0,0.0,-0.16,-0.03,0.0,0.0,-0.19,20260812,V2,full,20261721,20261589,72,20,6
14,fresh_bandit_v2,ai_app_scam_mule|1.23|1.29|0.05|0.96|0.1|0.87|0.56,ai_app_scam_mule,-0.16446504244143206,0.8656054865338529,True,0.0,1.0,0.9402447157249575,12,False,0.0,0.0,-0.16,-0.03,0.0,0.0,-0.19,20260812,V2,full,20261721,20261589,72,20,6
15,fresh_bandit_v2,deepfake_account_takeover|1.97|1.55|0.55|0.18|0.65|0.98|0.49,deepfake_account_takeover,-0.17022021859571007,0.8958958873458425,True,0.0,1.0,0.9352179009996254,12,False,0.0,0.0,-0.16,-0.03,0.0,0.0,-0.19,20260812,V2,full,20261721,20261589,72,20,6
16,fresh_bandit_v2,agentic_intent_hijack|0.47|1.58|0.34|0.05|0.8|0.7|0.56,agentic_intent_hijack,-0.1745187133851207,0.9185195441322143,True,0.0,1.0,0.9288975687876103,12,False,0.0,0.0,-0.16,-0.03,0.0,0.0,-0.19,20260812,V2,full,20261721,20261589,72,20,6
17,fresh_bandit_v2,synthetic_identity_bustout|0.73|0.97|0.38|0.05|0.14|0.78|0.92,synthetic_identity_bustout,-0.18215061845486907,0.9586874655519425,True,0.0,1.0,0.896155490553774,12,False,0.0,0.0,-0.16,-0.03,0.0,0.0,-0.19,20260812,V2,full,20261721,20261589,72,20,6
18,fresh_bandit_v2,deepfake_account_takeover|0.88|0.79|0.54|0.98|0.58|0.5|0.79,deepfake_account_takeover,-0.17249123691878632,0.9078486153620332,True,0.0,1.0,0.9440277412797232,12,False,0.0,0.0,-0.16,-0.03,0.0,0.0,-0.19,20260812,V2,full,20261721,20261589,72,20,6
19,fresh_bandit_v2,synthetic_identity_bustout|1.77|2.02|0.05|0.24|0.75|0.48|0.77,synthetic_identity_bustout,-0.1837689144377588,0.9672048128303095,True,0.0,1.0,0.9111651627038339,12,False,0.0,0.0,-0.16,-0.03,0.0,0.0,-0.19,20260812,V2,full,20261721,20261589,72,20,6
20,fresh_bandit_v2,ai_app_scam_mule|1.09|2.1|0.16|0.45|0.21|0.87|0.72,ai_app_scam_mule,-0.15901580089221762,0.8369252678537769,True,0.0,1.0,0.9257793641922377,12,False,0.0,0.0,-0.16,-0.03,0.0,0.0,-0.19,20260812,V2,full,20261721,20261589,72,20,6
21,fresh_bandit_v2,adaptive_card_testing|0.78|1.85|0.16|0.05|0.66|0.98|0.61,adaptive_card_testing,-0.17956640722485384,0.9450863538150203,True,0.0,1.0,0.871692654942276,12,False,0.0,0.0,-0.16,-0.03,0.0,0.0,-0.19,20260812,V2,full,20261721,20261589,72,20,6
22,fresh_bandit_v2,ai_app_scam_mule|0.61|0.71|0.11|0.92|0.77|0.56|0.44,ai_app_scam_mule,-0.17276308169365065,0.9092793773350034,True,0.0,1.0,0.9429596013754877,12,False,0.0,0.0,-0.16,-0.03,0.0,0.0,-0.19,20260812,V2,full,20261721,20261589,72,20,6
23,fresh_bandit_v2,fake_merchant_collusion|0.61|0.71|0.05|0.05|0.84|0.84|0.9,fake_merchant_collusion,-0.1874426,0.98654,True,0.0,1.0,0.9160124200235232,12,False,0.0,0.0,-0.16,-0.03,0.0,0.0,-0.19,20260812,V2,full,20261721,20261589,72,20,6
24,fresh_bandit_v2,adaptive_card_testing|0.94|0.76|0.92|0.05|0.1|0.43|0.54,adaptive_card_testing,-0.17825429795636946,0.9381805155598393,True,0.0,1.0,0.900881690069363,12,False,0.0,0.0,-0.16,-0.03,0.0,0.0,-0.19,20260812,V2,full,20261721,20261589,72,20,6
25,fresh_bandit_v2,agentic_intent_hijack|1.28|1.82|0.37|0.05|0.5|0.71|0.89,agentic_intent_hijack,-0.16662739423387865,0.8769862854414665,True,0.0,1.0,0.9058226398909884,12,False,0.0,0.0,-0.16,-0.03,0.0,0.0,-0.19,20260812,V2,full,20261721,20261589,72,20,6
26,fresh_bandit_v2,ai_app_scam_mule|1.28|0.71|0.45|0.6|0.73|0.56|0.58,ai_app_scam_mule,-0.1719743471926286,0.905128143119098,True,0.0,1.0,0.9458621552341544,12,False,0.0,0.0,-0.16,-0.03,0.0,0.0,-0.19,20260812,V2,full,20261721,20261589,72,20,6
27,fresh_bandit_v2,deepfake_account_takeover|1.97|1.55|0.55|0.18|0.65|0.98|0.49,deepfake_account_takeover,-0.16784521859571006,0.8833958873458424,True,0.0,1.0,0.9383809393116191,12,False,0.0,0.0,-0.16,-0.03,0.0,0.0,-0.19,20260812,V2,full,20261721,20261589,72,20,6
28,fresh_bandit_v2,synthetic_identity_bustout|0.65|0.63|0.14|0.09|0.67|0.69|0.52,synthetic_identity_bustout,-0.18889905504495175,0.994205552868167,True,0.0,1.0,0.898604624084105,12,False,0.0,0.0,-0.16,-0.03,0.0,0.0,-0.19,20260812,V2,full,20261721,20261589,72,20,6
29,fresh_bandit_v2,adaptive_card_testing|1.2|0.61|0.06|0.05|0.63|0.47|0.68,adaptive_card_testing,-0.18926953684566014,0.9961554570824218,True,0.0,1.0,0.8972312542965413,12,False,0.0,0.0,-0.16,-0.03,0.0,0.0,-0.19,20260812,V2,full,20261721,20261589,72,20,6
30,fresh_bandit_v2,fake_merchant_collusion|0.98|0.86|0.05|0.48|0.54|0.74|0.56,fake_merchant_collusion,-0.181461055337111,0.9550581859847946,True,0.0,1.0,0.905192122065026,12,False,0.0,0.0,-0.16,-0.03,0.0,0.0,-0.19,20260812,V2,full,20261721,20261589,72,20,6
31,fresh_bandit_v2,deepfake_account_takeover|0.88|0.79|0.54|0.98|0.58|0.5|0.79,deepfake_account_takeover,-0.1710662369187863,0.9003486153620333,True,0.0,1.0,0.9432112719989111,12,False,0.0,0.0,-0.16,-0.03,0.0,0.0,-0.19,20260812,V2,full,20261721,20261589,72,20,6
32,fresh_bandit_v2,agentic_intent_hijack|0.47|1.58|0.34|0.05|0.8|0.7|0.56,agentic_intent_hijack,-0.1735687133851207,0.9135195441322141,True,0.0,1.0,0.9046176629133011,12,False,0.0,0.0,-0.16,-0.03,0.0,0.0,-0.19,20260812,V2,full,20261721,20261589,72,20,6
33,fresh_bandit_v2,ai_app_scam_mule|1.23|1.29|0.05|0.96|0.1|0.87|0.56,ai_app_scam_mule,-0.16541504244143207,0.8706054865338531,True,0.0,1.0,0.9447676330589451,12,False,0.0,0.0,-0.16,-0.03,0.0,0.0,-0.19,20260812,V2,full,20261721,20261589,72,20,6
34,fresh_bandit_v2,synthetic_identity_bustout|1.77|2.02|0.05|0.24|0.75|0.48|0.77,synthetic_identity_bustout,-0.18139391443775882,0.9547048128303095,True,0.0,1.0,0.9220926186555194,12,False,0.0,0.0,-0.16,-0.03,0.0,0.0,-0.19,20260812,V2,full,20261721,20261589,72,20,6
35,fresh_bandit_v2,fake_merchant_collusion|1.39|0.99|0.53|0.11|0.94|0.7|0.98,fake_merchant_collusion,-0.1880282530738513,0.9896223845992174,True,0.0,1.0,0.9096685096393617,12,False,0.0,0.0,-0.16,-0.03,0.0,0.0,-0.19,20260812,V2,full,20261721,20261589,72,20,6
36,fresh_bandit_v2,adaptive_card_testing|0.94|0.76|0.92|0.05|0.1|0.43|0.54,adaptive_card_testing,-0.17920429795636944,0.9431805155598392,True,0.0,1.0,0.9215119627694134,12,False,0.0,0.0,-0.16,-0.03,0.0,0.0,-0.19,20260812,V2,full,20261721,20261589,72,20,6
37,fresh_bandit_v2,agentic_intent_hijack|1.58|0.71|0.53|0.05|0.53|0.98|0.73,agentic_intent_hijack,-0.16570437621215023,0.8721282958534222,True,0.0,1.0,0.9230430307993865,12,False,0.0,0.0,-0.16,-0.03,0.0,0.0,-0.19,20260812,V2,full,20261721,20261589,72,20,6
38,fresh_bandit_v2,ai_app_scam_mule|1.92|1.75|0.18|0.98|0.3|0.63|0.75,ai_app_scam_mule,-0.16807856,0.8846239999999999,True,0.0,1.0,0.9418433891567869,12,False,0.0,0.0,-0.16,-0.03,0.0,0.0,-0.19,20260812,V2,full,20261721,20261589,72,20,6
39,fresh_bandit_v2,synthetic_identity_bustout|0.77|2.1|0.63|0.12|0.71|0.66|0.7,synthetic_identity_bustout,-0.1836277702075569,0.9664619484608259,True,0.0,1.0,0.9211066747207507,12,False,0.0,0.0,-0.16,-0.03,0.0,0.0,-0.19,20260812,V2,full,20261721,20261589,72,20,6
40,fresh_bandit_v2,deepfake_account_takeover|1.3|1.28|0.64|0.32|0.48|0.34|0.75,deepfake_account_takeover,-0.16774134488919648,0.8828491836273499,True,0.0,1.0,0.9410784463816203,12,False,0.0,0.0,-0.16,-0.03,0.0,0.0,-0.19,20260812,V2,full,20261721,20261589,72,20,6
41,fresh_bandit_v2,ai_app_scam_mule|0.61|0.71|0.11|0.92|0.77|0.56|0.44,ai_app_scam_mule,-0.17066191830634933,0.8982206226649965,True,0.0,1.0,0.9501455946439394,12,False,0.0,0.0,-0.16,-0.03,0.0,0.0,-0.19,20260812,V2,full,20261721,20261589,72,20,6
42,fresh_bandit_v2,adaptive_card_testing|0.56|1.41|0.28|0.26|0.8|0.73|0.75,adaptive_card_testing,-0.18956068634542933,0.9976878228706807,True,0.0,1.0,0.8944585407780093,12,False,0.0,0.0,-0.16,-0.03,0.0,0.0,-0.19,20260812,V2,full,20261721,20261589,72,20,6
43,fresh_bandit_v2,synthetic_identity_bustout|0.73|0.97|0.38|0.05|0.14|0.78|0.92,synthetic_identity_bustout,-0.17835061845486908,0.9386874655519425,True,0.0,1.0,0.8845953323765601,12,False,0.0,0.0,-0.16,-0.03,0.0,0.0,-0.19,20260812,V2,full,20261721,20261589,72,20,6
44,fresh_bandit_v2,deepfake_account_takeover|1.45|0.81|0.69|0.7|0.31|0.98|0.6,deepfake_account_takeover,-0.17355233572903445,0.9134333459422865,True,0.0,1.0,0.9399073736906836,12,False,0.0,0.0,-0.16,-0.03,0.0,0.0,-0.19,20260812,V2,full,20261721,20261589,72,20,6
45,fresh_bandit_v2,agentic_intent_hijack|0.64|1.39|0.05|0.33|0.66|0.79|0.86,agentic_intent_hijack,-0.16894313435852473,0.8891743913606565,True,0.0,1.0,0.9164645837108512,12,False,0.0,0.0,-0.16,-0.03,0.0,0.0,-0.19,20260812,V2,full,20261721,20261589,72,20,6
46,fresh_bandit_v2,ai_app_scam_mule|1.09|2.1|0.16|0.45|0.21|0.87|0.72,ai_app_scam_mule,-0.16281580089221762,0.8569252678537769,True,0.0,1.0,0.9212863782040337,12,False,0.0,0.0,-0.16,-0.03,0.0,0.0,-0.19,20260812,V2,full,20261721,20261589,72,20,6
47,fresh_bandit_v2,fake_merchant_collusion|0.98|0.86|0.05|0.48|0.54|0.74|0.56,fake_merchant_collusion,-0.18621105533711102,0.9800581859847948,True,0.0,1.0,0.9066793281280842,12,False,0.0,0.0,-0.16,-0.03,0.0,0.0,-0.19,20260812,V2,full,20261721,20261589,72,20,6
48,fresh_bandit_v2,adaptive_card_testing|1.2|0.61|0.06|0.05|0.63|0.47|0.68,adaptive_card_testing,-0.18978046315433988,0.9988445429175783,True,0.0,1.0,0.8921708819207573,12,False,0.0,0.0,-0.16,-0.03,0.0,0.0,-0.19,20260812,V2,full,20261721,20261589,72,20,6
49,fresh_bandit_v2,deepfake_account_takeover|0.55|1.04|0.38|0.2|0.51|0.73|0.84,deepfake_account_takeover,-0.16746052802744563,0.8813712001444507,True,0.0,1.0,0.9268960997316219,12,False,0.0,0.0,-0.16,-0.03,0.0,0.0,-0.19,20260812,V2,full,20261721,20261589,72,20,6
50,fresh_bandit_v2,ai_app_scam_mule|1.28|0.71|0.45|0.6|0.73|0.56|0.58,ai_app_scam_mule,-0.17097565280737137,0.899871856880902,True,0.0,1.0,0.9415249728197174,12,False,0.0,0.0,-0.16,-0.03,0.0,0.0,-0.19,20260812,V2,full,20261721,20261589,72,20,6
51,fresh_bandit_v2,adaptive_card_testing|0.94|0.76|0.92|0.05|0.1|0.43|0.54,adaptive_card_testing,-0.17920429795636944,0.9431805155598392,True,0.0,1.0,0.9217758802535659,12,False,0.0,0.0,-0.16,-0.03,0.0,0.0,-0.19,20260812,V2,full,20261721,20261589,72,20,6
52,fresh_bandit_v2,deepfake_account_takeover|0.88|0.79|0.54|0.98|0.58|0.5|0.79,deepfake_account_takeover,-0.16869123691878632,0.8878486153620332,True,0.0,1.0,0.943393899969884,12,False,0.0,0.0,-0.16,-0.03,0.0,0.0,-0.19,20260812,V2,full,20261721,20261589,72,20,6
53,fresh_bandit_v2,deepfake_account_takeover|1.97|1.55|0.55|0.18|0.65|0.98|0.49,deepfake_account_takeover,-0.16927021859571004,0.8908958873458424,True,0.0,1.0,0.9394884963186084,12,False,0.0,0.0,-0.16,-0.03,0.0,0.0,-0.19,20260812,V2,full,20261721,20261589,72,20,6
54,fresh_bandit_v2,fake_merchant_collusion|1.39|0.99|0.53|0.11|0.94|0.7|0.98,fake_merchant_collusion,-0.18959674692614872,0.9978776154007827,True,0.0,1.0,0.9309176511454669,12,False,0.0,0.0,-0.16,-0.03,0.0,0.0,-0.19,20260812,V2,full,20261721,20261589,72,20,6
55,fresh_bandit_v2,agentic_intent_hijack|1.58|0.71|0.53|0.05|0.53|0.98|0.73,agentic_intent_hijack,-0.17045437621215026,0.8971282958534224,True,0.0,1.0,0.9310338905776977,12,False,0.0,0.0,-0.16,-0.03,0.0,0.0,-0.19,20260812,V2,full,20261721,20261589,72,20,6
56,fresh_bandit_v2,ai_app_scam_mule|1.92|1.75|0.18|0.98|0.3|0.63|0.75,ai_app_scam_mule,-0.16807856,0.8846239999999999,True,0.0,1.0,0.9390185809573758,12,False,0.0,0.0,-0.16,-0.03,0.0,0.0,-0.19,20260812,V2,full,20261721,20261589,72,20,6
57,fresh_bandit_v2,synthetic_identity_bustout|0.77|2.1|0.63|0.12|0.71|0.66|0.7,synthetic_identity_bustout,-0.1830722297924431,0.9635380515391742,True,0.0,1.0,0.9192131329131428,12,False,0.0,0.0,-0.16,-0.03,0.0,0.0,-0.19,20260812,V2,full,20261721,20261589,72,20,6
58,fresh_bandit_v2,agentic_intent_hijack|0.47|1.58|0.34|0.05|0.8|0.7|0.56,agentic_intent_hijack,-0.1735687133851207,0.9135195441322141,True,0.0,1.0,0.9154652797238607,12,False,0.0,0.0,-0.16,-0.03,0.0,0.0,-0.19,20260812,V2,full,20261721,20261589,72,20,6
59,fresh_bandit_v2,adaptive_card_testing|0.78|1.85|0.16|0.05|0.66|0.98|0.61,adaptive_card_testing,-0.18384140722485384,0.9675863538150202,True,0.0,1.0,0.8734892533788363,12,False,0.0,0.0,-0.16,-0.03,0.0,0.0,-0.19,20260812,V2,full,20261721,20261589,72,20,6
60,fresh_bandit_v2,ai_app_scam_mule|1.09|2.1|0.16|0.45|0.21|0.87|0.72,ai_app_scam_mule,-0.1675658008922176,0.8819252678537768,True,0.0,1.0,0.9243811917288028,12,False,0.0,0.0,-0.16,-0.03,0.0,0.0,-0.19,20260812,V2,full,20261721,20261589,72,20,6
61,fresh_bandit_v2,ai_app_scam_mule|0.61|0.71|0.11|0.92|0.77|0.56|0.44,ai_app_scam_mule,-0.17256191830634934,0.9082206226649965,True,0.0,1.0,0.9496150633035331,12,False,0.0,0.0,-0.16,-0.03,0.0,0.0,-0.19,20260812,V2,full,20261721,20261589,72,20,6
62,fresh_bandit_v2,deepfake_account_takeover|0.55|1.04|0.38|0.2|0.51|0.73|0.84,deepfake_account_takeover,-0.17126052802744562,0.9013712001444507,True,0.0,1.0,0.930304456675271,12,False,0.0,0.0,-0.16,-0.03,0.0,0.0,-0.19,20260812,V2,full,20261721,20261589,72,20,6
63,fresh_bandit_v2,synthetic_identity_bustout|1.77|2.02|0.05|0.24|0.75|0.48|0.77,synthetic_identity_bustout,-0.1847189144377588,0.9722048128303095,True,0.0,1.0,0.89551277835612,12,False,0.0,0.0,-0.16,-0.03,0.0,0.0,-0.19,20260812,V2,full,20261721,20261589,72,20,6
64,fresh_bandit_v2,synthetic_identity_bustout|0.73|0.67|0.05|0.05|0.65|0.89|0.67,synthetic_identity_bustout,-0.1874426,0.98654,True,0.0,1.0,0.9036950771164616,12,False,0.0,0.0,-0.16,-0.03,0.0,0.0,-0.19,20260812,V2,full,20261721,20261589,72,20,6
65,fresh_bandit_v2,adaptive_card_testing|1.2|0.61|0.06|0.05|0.63|0.47|0.68,adaptive_card_testing,-0.18835546315433987,0.9913445429175783,True,0.0,1.0,0.8899071518157659,12,False,0.0,0.0,-0.16,-0.03,0.0,0.0,-0.19,20260812,V2,full,20261721,20261589,72,20,6
66,fresh_bandit_v2,adaptive_card_testing|0.94|0.76|0.92|0.05|0.1|0.43|0.54,adaptive_card_testing,-0.17682929795636948,0.9306805155598393,True,0.0,1.0,0.9120746301427615,12,False,0.0,0.0,-0.16,-0.03,0.0,0.0,-0.19,20260812,V2,full,20261721,20261589,72,20,6
67,fresh_bandit_v2,fake_merchant_collusion|0.98|0.86|0.05|0.48|0.54|0.74|0.56,fake_merchant_collusion,-0.184311055337111,0.9700581859847948,True,0.0,1.0,0.9079769808193133,12,False,0.0,0.0,-0.16,-0.03,0.0,0.0,-0.19,20260812,V2,full,20261721,20261589,72,20,6
68,fresh_bandit_v2,deepfake_account_takeover|1.97|1.55|0.55|0.18|0.65|0.98|0.49,deepfake_account_takeover,-0.17259521859571006,0.9083958873458424,True,0.0,1.0,0.9420403330568458,12,False,0.0,0.0,-0.16,-0.03,0.0,0.0,-0.19,20260812,V2,full,20261721,20261589,72,20,6
69,fresh_bandit_v2,deepfake_account_takeover|0.88|0.79|0.54|0.98|0.58|0.5|0.79,deepfake_account_takeover,-0.16903376308121368,0.8896513846379667,True,0.0,1.0,0.9455270300058816,12,False,0.0,0.0,-0.16,-0.03,0.0,0.0,-0.19,20260812,V2,full,20261721,20261589,72,20,6
70,fresh_bandit_v2,ai_app_scam_mule|1.28|0.71|0.45|0.6|0.73|0.56|0.58,ai_app_scam_mule,-0.16765065280737138,0.8823718568809019,True,0.0,1.0,0.9447759429139483,12,False,0.0,0.0,-0.16,-0.03,0.0,0.0,-0.19,20260812,V2,full,20261721,20261589,72,20,6
71,fresh_bandit_v2,agentic_intent_hijack|0.83|1.34|0.37|0.22|0.96|0.98|0.92,agentic_intent_hijack,-0.16828941827493973,0.8857337803944196,True,0.0,1.0,0.9382222544496375,12,False,0.0,0.0,-0.16,-0.03,0.0,0.0,-0.19,20260812,V2,full,20261721,20261589,72,20,6
0,fresh_bandit_v0,deepfake_account_takeover|2.12|1.05|0.62|0.88|0.94|0.98|0.69,deepfake_account_takeover,-0.16518126964639726,0.8693751034020908,True,0.0,1.0,0.9463559073456068,12,False,0.0,0.0,-0.16,-0.03,0.0,0.0,-0.19,20260813,V0,full,20261722,20261590,72,20,6
1,fresh_bandit_v0,ai_app_scam_mule|0.45|2.04|0.05|0.73|0.31|0.5|0.56,ai_app_scam_mule,-0.16627111009905038,0.8751111057844756,True,0.0,1.0,0.9305127916068585,12,False,0.0,0.0,-0.16,-0.03,0.0,0.0,-0.19,20260813,V0,full,20261722,20261590,72,20,6
2,fresh_bandit_v0,synthetic_identity_bustout|0.77|0.52|0.05|0.05|0.37|0.96|0.82,synthetic_identity_bustout,-0.1864926,0.9815400000000001,True,0.0,1.0,0.8985461627464252,12,False,0.0,0.0,-0.16,-0.03,0.0,0.0,-0.19,20260813,V0,full,20261722,20261590,72,20,6
3,fresh_bandit_v0,agentic_intent_hijack|1.23|2.1|0.19|0.11|0.83|0.98|0.92,agentic_intent_hijack,2.2308752101647364,0.907857691200542,True,558.6480754569852,0.5,0.40554505987700534,12,True,1.1172961509139705,1.25,-0.08,-0.03,0.2,0.0,2.457296150913971,20260813,V0,full,20261722,20261590,72,20,6
4,fresh_bandit_v0,fake_merchant_collusion|1.48|1.71|0.22|0.05|0.5|0.98|0.89,fake_merchant_collusion,1.4234461492640649,0.9313254885424057,True,315.8711079581129,0.6666666666666666,0.2830375937567201,12,True,0.6317422159162257,0.8333333333333335,-0.10666666666666666,-0.03,0.2,0.0,1.5284088825828925,20260813,V0,full,20261722,20261590,72,20,6
5,fresh_bandit_v0,agentic_intent_hijack|1.23|2.1|0.19|0.11|0.83|0.98|0.92,agentic_intent_hijack,0.14931936195908774,0.8928576912005421,True,67.78545800972597,0.9166666666666666,0.7312781184752644,12,False,0.13557091601945195,0.20833333333333343,-0.14666666666666667,-0.03,0.0,0.0,0.16723758268611874,20260813,V0,full,20261722,20261590,72,20,6
6,fresh_bandit_v0,fake_merchant_collusion|1.6|1.4|0.19|0.22|0.98|0.53|0.5,fake_merchant_collusion,0.936878792513168,0.9791523918678646,True,140.913166476541,0.75,0.6511674720387158,12,True,0.281826332953082,0.625,-0.12,-0.03,0.2,0.0,0.956826332953082,20260813,V0,full,20261722,20261590,72,20,6
7,fresh_bandit_v0,adaptive_card_testing|0.94|1.46|0.48|0.05|0.05|0.73|0.85,adaptive_card_testing,-0.1795361455265901,0.9449270817188953,True,0.0,1.0,0.8812228530410228,12,False,0.0,0.0,-0.16,-0.03,0.0,0.0,-0.19,20260813,V0,full,20261722,20261590,72,20,6
8,fresh_bandit_v0,agentic_intent_hijack|2.2|0.65|0.17|0.1|0.57|0.53|0.63,agentic_intent_hijack,0.28762245515304147,0.8619123788674031,True,51.01799761691476,0.9166666666666666,0.8534805575068778,12,True,0.10203599523382953,0.20833333333333343,-0.14666666666666667,-0.03,0.2,0.0,0.33370266190049624,20260813,V0,full,20261722,20261590,72,20,6
9,fresh_bandit_v0,fake_merchant_collusion|0.48|0.76|0.42|0.33|0.98|0.83|0.66,fake_merchant_collusion,-0.18550797665495672,0.9763577718681933,True,0.0,1.0,0.7276390755480583,12,False,0.0,0.0,-0.16,-0.03,0.0,0.0,-0.19,20260813,V0,full,20261722,20261590,72,20,6
10,fresh_bandit_v0,fake_merchant_collusion|1.48|1.71|0.22|0.05|0.5|0.98|0.89,fake_merchant_collusion,2.671231458694963,0.9763254885424058,True,1019.6691873644248,0.6666666666666666,0.5727719203237913,12,False,2.0393383747288496,0.8333333333333335,-0.10666666666666666,-0.03,0.0,0.0,2.736005041395517,20260813,V0,full,20261722,20261590,72,20,6
11,fresh_bandit_v0,fake_merchant_collusion|1.48|1.71|0.22|0.05|0.5|0.98|0.89,fake_merchant_collusion,0.4744496353063863,0.9813254885424056,True,115.07251204920553,0.8333333333333334,0.5913963557711014,12,False,0.23014502409841106,0.4166666666666666,-0.13333333333333333,-0.03,0.0,0.0,0.4834783574317443,20260813,V0,full,20261722,20261590,72,20,6
12,fresh_bandit_v0,fake_merchant_collusion|1.48|1.71|0.22|0.05|0.5|0.98|0.89,fake_merchant_collusion,5.118883227094512,0.9913254885424057,True,1901.0044617490153,0.4166666666666667,0.3350675515085739,12,False,3.8020089234980303,1.458333333333333,-0.06666666666666667,-0.03,0.0,0.0,5.163675590164696,20260813,V0,full,20261722,20261590,72,20,6
13,fresh_bandit_v0,fake_merchant_collusion|1.48|1.71|0.22|0.05|0.5|0.98|0.89,fake_merchant_collusion,0.6036811747212488,0.9713254885424056,True,184.08456031243145,0.8333333333333334,0.6873833149037661,12,False,0.3681691206248629,0.4166666666666666,-0.13333333333333333,-0.03,0.0,0.0,0.6215024539581961,20260813,V0,full,20261722,20261590,72,20,6
14,fresh_bandit_v0,fake_merchant_collusion|1.48|1.71|0.22|0.05|0.5|0.98|0.89,fake_merchant_collusion,3.5152186815207234,0.9563254885424057,True,1267.8777537752776,0.5,0.4204295090857253,12,False,2.5357555075505553,1.25,-0.08,-0.03,0.0,0.0,3.6757555075505555,20260813,V0,full,20261722,20261590,72,20,6
15,fresh_bandit_v0,fake_merchant_collusion|1.48|1.71|0.22|0.05|0.5|0.98|0.89,fake_merchant_collusion,0.7777523370805385,0.9588254885424058,True,168.07554339886582,0.75,0.6678919477978801,12,False,0.33615108679773165,0.625,-0.12,-0.03,0.0,0.0,0.8111510867977316,20260813,V0,full,20261722,20261590,72,20,6
16,fresh_bandit_v0,fake_merchant_collusion|1.48|1.71|0.22|0.05|0.5|0.98|0.89,fake_merchant_collusion,3.689924987801159,0.9438254885424058,True,1495.6041212571072,0.5833333333333334,0.4352076892781456,12,False,2.9912082425142144,1.0416666666666665,-0.09333333333333334,-0.03,0.0,0.0,3.9095415758475482,20260813,V0,full,20261722,20261590,72,20,6
17,fresh_bandit_v0,fake_merchant_collusion|1.48|1.71|0.22|0.05|0.5|0.98|0.89,fake_merchant_collusion,0.7173367597827897,0.9761745114575943,True,129.92239802578135,0.75,0.43930521100452036,12,False,0.2598447960515627,0.625,-0.12,-0.03,0.0,0.0,0.7348447960515626,20260813,V0,full,20261722,20261590,72,20,6
18,fresh_bandit_v0,fake_merchant_collusion|1.48|1.71|0.22|0.05|0.5|0.98|0.89,fake_merchant_collusion,0.3608062425911686,0.9763254885424058,True,58.1109750242362,0.8333333333333334,0.6583037914276716,12,False,0.1162219500484724,0.4166666666666666,-0.13333333333333333,-0.03,0.0,0.0,0.36955528338180565,20260813,V0,full,20261722,20261590,72,20,6
19,fresh_bandit_v0,fake_merchant_collusion|1.48|1.71|0.22|0.05|0.5|0.98|0.89,fake_merchant_collusion,3.581198834512848,0.9613254885424058,True,1403.4692860858095,0.5833333333333334,0.525372039929513,12,False,2.806938572171619,1.0416666666666665,-0.09333333333333334,-0.03,0.0,0.0,3.7252719055049526,20260813,V0,full,20261722,20261590,72,20,6
20,fresh_bandit_v0,fake_merchant_collusion|1.48|1.71|0.22|0.05|0.5|0.98|0.89,fake_merchant_collusion,0.06485121904699741,0.9563254885424058,True,18.073124156281963,0.9166666666666666,0.6706594792601767,12,False,0.036146248312563925,0.20833333333333343,-0.14666666666666667,-0.03,0.0,0.0,0.06781291497923067,20260813,V0,full,20261722,20261590,72,20,6
21,fresh_bandit_v0,fake_merchant_collusion|1.48|1.71|0.22|0.05|0.5|0.98|0.89,fake_merchant_collusion,4.057055186136999,0.9763254885424058,True,1507.7165165450792,0.5,0.3640532781438606,12,False,3.0154330330901584,1.25,-0.08,-0.03,0.0,0.0,4.155433033090158,20260813,V0,full,20261722,20261590,72,20,6
22,fresh_bandit_v0,fake_merchant_collusion|1.48|1.71|0.22|0.05|0.5|0.98|0.89,fake_merchant_collusion,0.1229756147338793,0.9763254885424058,True,47.145466348253535,0.9166666666666666,0.6067295121629893,12,False,0.09429093269650707,0.20833333333333343,-0.14666666666666667,-0.03,0.0,0.0,0.12595759936317383,20260813,V0,full,20261722,20261590,72,20,6
23,fresh_bandit_v0,fake_merchant_collusion|1.48|1.71|0.22|0.05|0.5|0.98|0.89,fake_merchant_collusion,0.3417745158423189,0.9613254885424058,True,51.09545444411812,0.8333333333333334,0.5703482414867765,12,False,0.10219090888823623,0.4166666666666666,-0.13333333333333333,-0.03,0.0,0.0,0.3555242422215694,20260813,V0,full,20261722,20261590,72,20,6
24,fresh_bandit_v0,fake_merchant_collusion|1.48|1.71|0.22|0.05|0.5|0.98|0.89,fake_merchant_collusion,2.565405844974804,0.9863254885424058,True,952.1531058673643,0.6666666666666666,0.4065056591279887,12,False,1.9043062117347285,0.8333333333333335,-0.10666666666666666,-0.03,0.0,0.0,2.6009728784013957,20260813,V0,full,20261722,20261590,72,20,6
25,fresh_bandit_v0,fake_merchant_collusion|1.48|1.71|0.22|0.05|0.5|0.98|0.89,fake_merchant_collusion,2.481955354757999,0.9413254885424058,True,859.1633822737797,0.5833333333333334,0.5385197576036143,12,False,1.7183267645475593,1.0416666666666665,-0.09333333333333334,-0.03,0.0,0.0,2.6366600978808927,20260813,V0,full,20261722,20261590,72,20,6
26,fresh_bandit_v0,fake_merchant_collusion|1.48|1.71|0.22|0.05|0.5|0.98|0.89,fake_merchant_collusion,1.3631705921443473,0.9488254885424057,True,370.012984617327,0.6666666666666666,0.5001809059432266,12,False,0.740025969234654,0.8333333333333335,-0.10666666666666666,-0.03,0.0,0.0,1.4366926359013208,20260813,V0,full,20261722,20261590,72,20,6
27,fresh_bandit_v0,fake_merchant_collusion|1.48|1.71|0.22|0.05|0.5|0.98|0.89,fake_merchant_collusion,0.9348118878404604,0.9688254885424058,True,244.9459610609963,0.75,0.5378325608890465,12,False,0.4898919221219926,0.625,-0.12,-0.03,0.0,0.0,0.9648919221219926,20260813,V0,full,20261722,20261590,72,20,6
28,fresh_bandit_v0,fake_merchant_collusion|1.48|1.71|0.22|0.05|0.5|0.98|0.89,fake_merchant_collusion,2.5334260493502128,0.9913254885424057,True,1040.2972919243873,0.75,0.6055380020147744,12,False,2.0805945838487747,0.625,-0.12,-0.03,0.0,0.0,2.555594583848775,20260813,V0,full,20261722,20261590,72,20,6
29,fresh_bandit_v0,fake_merchant_collusion|1.48|1.71|0.22|0.05|0.5|0.98|0.89,fake_merchant_collusion,2.1789559278377415,0.9638254885424057,True,782.0351585463422,0.6666666666666666,0.43711349248182657,12,False,1.5640703170926844,0.8333333333333335,-0.10666666666666666,-0.03,0.0,0.0,2.2607369837593514,20260813,V0,full,20261722,20261590,72,20,6
30,fresh_bandit_v0,fake_merchant_collusion|1.48|1.71|0.22|0.05|0.5|0.98|0.89,fake_merchant_collusion,0.23272445668612693,0.9738254885424057,True,103.65648256502757,0.9166666666666666,0.6621728438355574,12,False,0.20731296513005515,0.20833333333333343,-0.14666666666666667,-0.03,0.0,0.0,0.2389796317967219,20260813,V0,full,20261722,20261590,72,20,6
31,fresh_bandit_v0,fake_merchant_collusion|1.48|1.71|0.22|0.05|0.5|0.98|0.89,fake_merchant_collusion,1.027636641223917,0.9913254885424057,True,169.98111187219718,0.6666666666666666,0.4660509787882387,12,False,0.33996222374439433,0.8333333333333335,-0.10666666666666666,-0.03,0.0,0.0,1.0366288904110612,20260813,V0,full,20261722,20261590,72,20,6
32,fresh_bandit_v0,fake_merchant_collusion|1.48|1.71|0.22|0.05|0.5|0.98|0.89,fake_merchant_collusion,2.7750335075950305,0.9763254885424058,True,961.9954048767004,0.5833333333333334,0.5063988724548918,12,False,1.9239908097534006,1.0416666666666665,-0.09333333333333334,-0.03,0.0,0.0,2.842324143086734,20260813,V0,full,20261722,20261590,72,20,6
33,fresh_bandit_v0,fake_merchant_collusion|1.48|1.71|0.22|0.05|0.5|0.98|0.89,fake_merchant_collusion,1.6659313185283118,0.9688254885424058,True,733.1018562665497,0.8333333333333334,0.5059763294731512,12,False,1.4662037125330993,0.4166666666666666,-0.13333333333333333,-0.03,0.0,0.0,1.7195370458664325,20260813,V0,full,20261722,20261590,72,20,6
34,fresh_bandit_v0,fake_merchant_collusion|1.48|1.71|0.22|0.05|0.5|0.98|0.89,fake_merchant_collusion,3.758597671171081,0.9738254885424057,True,1359.810687537478,0.5,0.4199158336148077,12,False,2.719621375074956,1.25,-0.08,-0.03,0.0,0.0,3.859621375074956,20260813,V0,full,20261722,20261590,72,20,6
35,fresh_bandit_v0,fake_merchant_collusion|1.48|1.71|0.22|0.05|0.5|0.98|0.89,fake_merchant_collusion,3.37940776711471,0.9763254885424058,True,1160.6768115620741,0.5,0.4420510752549868,12,False,2.321353623124148,1.25,-0.08,-0.03,0.0,0.0,3.461353623124148,20260813,V0,full,20261722,20261590,72,20,6
36,fresh_bandit_v0,fake_merchant_collusion|1.48|1.71|0.22|0.05|0.5|0.98|0.89,fake_merchant_collusion,3.374881032019475,0.9663254885424057,True,1397.9111112327032,0.6666666666666666,0.5200240031765156,12,False,2.7958222224654063,0.8333333333333335,-0.10666666666666666,-0.03,0.0,0.0,3.4924888891320736,20260813,V0,full,20261722,20261590,72,20,6
37,fresh_bandit_v0,fake_merchant_collusion|1.48|1.71|0.22|0.05|0.5|0.98|0.89,fake_merchant_collusion,0.313504855309075,0.9563254885424057,True,37.24450116537923,0.8333333333333334,0.6602432242782177,12,False,0.07448900233075846,0.4166666666666666,-0.13333333333333333,-0.03,0.0,0.0,0.3278223356640917,20260813,V0,full,20261722,20261590,72,20,6
38,fresh_bandit_v0,fake_merchant_collusion|1.48|1.71|0.22|0.05|0.5|0.98|0.89,fake_merchant_collusion,1.367180656752995,0.9538254885424057,True,368.34947351965843,0.6666666666666666,0.5379918629872114,12,False,0.7366989470393168,0.8333333333333335,-0.10666666666666666,-0.03,0.0,0.0,1.4333656137059836,20260813,V0,full,20261722,20261590,72,20,6
39,fresh_bandit_v0,fake_merchant_collusion|1.48|1.71|0.22|0.05|0.5|0.98|0.89,fake_merchant_collusion,1.1728051794371128,0.9613254885424058,True,372.49380200319024,0.75,0.5744594399850238,12,False,0.7449876040063805,0.625,-0.12,-0.03,0.0,0.0,1.2199876040063804,20260813,V0,full,20261722,20261590,72,20,6
40,fresh_bandit_v0,fake_merchant_collusion|1.48|1.71|0.22|0.05|0.5|0.98|0.89,fake_merchant_collusion,1.5365383243117678,0.9563254885424057,True,455.0219796436846,0.6666666666666666,0.5332675254121798,12,False,0.9100439592873691,0.8333333333333335,-0.10666666666666666,-0.03,0.0,0.0,1.6067106259540358,20260813,V0,full,20261722,20261590,72,20,6
41,fresh_bandit_v0,fake_merchant_collusion|1.48|1.71|0.22|0.05|0.5|0.98|0.89,fake_merchant_collusion,1.3810408806796897,0.9363254885424058,True,499.9790591408443,0.75,0.5667483689891744,12,False,0.9999581182816886,0.625,-0.12,-0.03,0.0,0.0,1.4749581182816887,20260813,V0,full,20261722,20261590,72,20,6
42,fresh_bandit_v0,fake_merchant_collusion|1.48|1.71|0.22|0.05|0.5|0.98|0.89,fake_merchant_collusion,1.5433579116562948,0.9513254885424058,True,573.661863234099,0.75,0.6146105547306874,12,False,1.147323726468198,0.625,-0.12,-0.03,0.0,0.0,1.622323726468198,20260813,V0,full,20261722,20261590,72,20,6
43,fresh_bandit_v0,fake_merchant_collusion|1.48|1.71|0.22|0.05|0.5|0.98|0.89,fake_merchant_collusion,0.8125994062555334,0.9763254885424058,True,289.4852292900263,0.8333333333333334,0.5331229445404939,12,False,0.5789704585800527,0.4166666666666666,-0.13333333333333333,-0.03,0.0,0.0,0.832303791913386,20260813,V0,full,20261722,20261590,72,20,6
44,fresh_bandit_v0,fake_merchant_collusion|1.48|1.71|0.22|0.05|0.5|0.98|0.89,fake_merchant_collusion,0.48123546075559104,0.9638254885424058,True,122.98198159815766,0.8333333333333334,0.696230530177726,12,False,0.24596396319631533,0.4166666666666666,-0.13333333333333333,-0.03,0.0,0.0,0.4992972965296486,20260813,V0,full,20261722,20261590,72,20,6
45,fresh_bandit_v0,fake_merchant_collusion|1.48|1.71|0.22|0.05|0.5|0.98|0.89,fake_merchant_collusion,1.6074016343378255,0.9338254885424058,True,733.9875208982897,0.8333333333333334,0.4885999849675076,12,False,1.4679750417965796,0.4166666666666666,-0.13333333333333333,-0.03,0.0,0.0,1.7213083751299127,20260813,V0,full,20261722,20261590,72,20,6
46,fresh_bandit_v0,fake_merchant_collusion|1.48|1.71|0.22|0.05|0.5|0.98|0.89,fake_merchant_collusion,2.700641747693834,0.9713254885424056,True,931.0170459766007,0.5833333333333334,0.5138256661887572,12,False,1.8620340919532015,1.0416666666666665,-0.09333333333333334,-0.03,0.0,0.0,2.780367425286535,20260813,V0,full,20261722,20261590,72,20,6
47,fresh_bandit_v0,fake_merchant_collusion|1.48|1.71|0.22|0.05|0.5|0.98|0.89,fake_merchant_collusion,1.7397607650324596,0.9863254885424058,True,533.6071544885328,0.6666666666666666,0.5059003661469909,12,False,1.0672143089770656,0.8333333333333335,-0.10666666666666666,-0.03,0.0,0.0,1.7638809756437324,20260813,V0,full,20261722,20261590,72,20,6
48,fresh_bandit_v0,fake_merchant_collusion|1.48|1.71|0.22|0.05|0.5|0.98|0.89,fake_merchant_collusion,6.2716696045393805,0.9538254885424057,True,2828.4733051501235,0.5833333333333334,0.5391429045542093,12,False,5.656946610300247,1.0416666666666665,-0.09333333333333334,-0.03,0.0,0.0,6.575279943633579,20260813,V0,full,20261722,20261590,72,20,6
49,fresh_bandit_v0,fake_merchant_collusion|1.48|1.71|0.22|0.05|0.5|0.98|0.89,fake_merchant_collusion,2.6782159452525525,0.9713254885424056,True,919.4731285638422,0.5833333333333334,0.43343267303320054,12,False,1.8389462571276844,1.0416666666666665,-0.09333333333333334,-0.03,0.0,0.0,2.757279590461018,20260813,V0,full,20261722,20261590,72,20,6
50,fresh_bandit_v0,fake_merchant_collusion|1.48|1.71|0.22|0.05|0.5|0.98|0.89,fake_merchant_collusion,1.2864356045040768,0.9613254885424058,True,320.76138007877745,0.6666666666666666,0.5636800509286285,12,False,0.6415227601575549,0.8333333333333335,-0.10666666666666666,-0.03,0.0,0.0,1.3381894268242216,20260813,V0,full,20261722,20261590,72,20,6
51,fresh_bandit_v0,fake_merchant_collusion|1.48|1.71|0.22|0.05|0.5|0.98|0.89,fake_merchant_collusion,0.11964048015445546,0.9263254885424058,True,48.74465876246465,0.9166666666666666,0.5809410943120764,12,False,0.0974893175249293,0.20833333333333343,-0.14666666666666667,-0.03,0.0,0.0,0.12915598419159605,20260813,V0,full,20261722,20261590,72,20,6
52,fresh_bandit_v0,fake_merchant_collusion|1.48|1.71|0.22|0.05|0.5|0.98|0.89,fake_merchant_collusion,1.5650865656861852,0.9563254885424057,True,469.9479863832568,0.6666666666666666,0.44343380086942435,12,False,0.9398959727665136,0.8333333333333335,-0.10666666666666666,-0.03,0.0,0.0,1.6365626394331803,20260813,V0,full,20261722,20261590,72,20,6
53,fresh_bandit_v0,fake_merchant_collusion|1.48|1.71|0.22|0.05|0.5|0.98|0.89,fake_merchant_collusion,1.4205856384301252,0.9663254885424057,True,497.54510399126514,0.75,0.5641736027562814,12,False,0.9950902079825302,0.625,-0.12,-0.03,0.0,0.0,1.47009020798253,20260813,V0,full,20261722,20261590,72,20,6
54,fresh_bandit_v0,fake_merchant_collusion|1.48|1.71|0.22|0.05|0.5|0.98|0.89,fake_merchant_collusion,1.3323336236857632,0.9613254885424058,True,344.6336375653019,0.6666666666666666,0.47304851649378504,12,False,0.6892672751306038,0.8333333333333335,-0.10666666666666666,-0.03,0.0,0.0,1.3859339417972705,20260813,V0,full,20261722,20261590,72,20,6
55,fresh_bandit_v0,fake_merchant_collusion|1.48|1.71|0.22|0.05|0.5|0.98|0.89,fake_merchant_collusion,1.4114560582961033,0.9563254885424057,True,500.45798355609554,0.75,0.38490348192409596,12,False,1.000915967112191,0.625,-0.12,-0.03,0.0,0.0,1.475915967112191,20260813,V0,full,20261722,20261590,72,20,6
56,fresh_bandit_v0,fake_merchant_collusion|1.48|1.71|0.22|0.05|0.5|0.98|0.89,fake_merchant_collusion,1.7681609934433509,0.9588254885424058,True,573.711926503932,0.6666666666666666,0.4481148262883468,12,False,1.147423853007864,0.8333333333333335,-0.10666666666666666,-0.03,0.0,0.0,1.8440905196745307,20260813,V0,full,20261722,20261590,72,20,6
57,fresh_bandit_v0,fake_merchant_collusion|1.48|1.71|0.22|0.05|0.5|0.98|0.89,fake_merchant_collusion,1.283642474321649,0.9638254885424058,True,317.5768804870662,0.6666666666666666,0.4855096365563439,12,False,0.6351537609741325,0.8333333333333335,-0.10666666666666666,-0.03,0.0,0.0,1.3318204276407992,20260813,V0,full,20261722,20261590,72,20,6
58,fresh_bandit_v0,fake_merchant_collusion|1.48|1.71|0.22|0.05|0.5|0.98|0.89,fake_merchant_collusion,0.6433079089214594,0.9563254885424057,True,209.67693006312692,0.8333333333333334,0.5747481903412403,12,False,0.4193538601262538,0.4166666666666666,-0.13333333333333333,-0.03,0.0,0.0,0.672687193459587,20260813,V0,full,20261722,20261590,72,20,6
59,fresh_bandit_v0,fake_merchant_collusion|1.48|1.71|0.22|0.05|0.5|0.98|0.89,fake_merchant_collusion,1.1643452883218017,0.9663254885424057,True,475.7935302997235,0.8333333333333334,0.6159674983557609,12,False,0.951587060599447,0.4166666666666666,-0.13333333333333333,-0.03,0.0,0.0,1.2049203939327802,20260813,V0,full,20261722,20261590,72,20,6
60,fresh_bandit_v0,fake_merchant_collusion|1.48|1.71|0.22|0.05|0.5|0.98|0.89,fake_merchant_collusion,2.68124765032118,0.9563254885424057,True,1164.3488905946833,0.75,0.5392714330589142,12,False,2.3286977811893665,0.625,-0.12,-0.03,0.0,0.0,2.8036977811893666,20260813,V0,full,20261722,20261590,72,20,6
61,fresh_bandit_v0,fake_merchant_collusion|1.48|1.71|0.22|0.05|0.5|0.98|0.89,fake_merchant_collusion,1.0845102222263086,0.9813254885424056,True,315.074163663662,0.75,0.5910162846279626,12,False,0.630148327327324,0.625,-0.12,-0.03,0.0,0.0,1.105148327327324,20260813,V0,full,20261722,20261590,72,20,6
62,fresh_bandit_v0,fake_merchant_collusion|1.48|1.71|0.22|0.05|0.5|0.98|0.89,fake_merchant_collusion,0.06840752454528658,0.9863254885424058,True,18.84463318985736,0.9166666666666666,0.5740337794149947,12,False,0.03768926637971472,0.20833333333333343,-0.14666666666666667,-0.03,0.0,0.0,0.06935593304638146,20260813,V0,full,20261722,20261590,72,20,6
63,fresh_bandit_v0,fake_merchant_collusion|1.48|1.71|0.22|0.05|0.5|0.98|0.89,fake_merchant_collusion,0.8074494452016581,0.9663254885424057,True,180.29372208198996,0.75,0.5695883020834006,12,False,0.3605874441639799,0.625,-0.12,-0.03,0.0,0.0,0.8355874441639799,20260813,V0,full,20261722,20261590,72,20,6
64,fresh_bandit_v0,fake_merchant_collusion|1.48|1.71|0.22|0.05|0.5|0.98|0.89,fake_merchant_collusion,0.3784045797507482,0.9663254885424057,True,69.12894476935654,0.8333333333333334,0.5315746469902761,12,False,0.13825788953871307,0.4166666666666666,-0.13333333333333333,-0.03,0.0,0.0,0.3915912228720463,20260813,V0,full,20261722,20261590,72,20,6
65,fresh_bandit_v0,fake_merchant_collusion|1.48|1.71|0.22|0.05|0.5|0.98|0.89,fake_merchant_collusion,1.3642093709231773,0.9713254885424059,True,353.9077727712446,0.6666666666666666,0.5434285168028913,12,False,0.7078155455424892,0.8333333333333335,-0.10666666666666666,-0.03,0.0,0.0,1.4044822122091558,20260813,V0,full,20261722,20261590,72,20,6
66,fresh_bandit_v0,fake_merchant_collusion|1.48|1.71|0.22|0.05|0.5|0.98|0.89,fake_merchant_collusion,0.8536036027260265,0.9513254885424057,True,211.13908988389147,0.75,0.4427040528837887,12,False,0.4222781797677829,0.625,-0.12,-0.03,0.0,0.0,0.8972781797677828,20260813,V0,full,20261722,20261590,72,20,6
67,fresh_bandit_v0,fake_merchant_collusion|1.48|1.71|0.22|0.05|0.5|0.98|0.89,fake_merchant_collusion,1.0795559257391947,0.9463254885424057,True,222.06022512507798,0.6666666666666666,0.5156424191097054,12,False,0.44412045025015595,0.8333333333333335,-0.10666666666666666,-0.03,0.0,0.0,1.1407871169168227,20260813,V0,full,20261722,20261590,72,20,6
68,fresh_bandit_v0,fake_merchant_collusion|1.48|1.71|0.22|0.05|0.5|0.98|0.89,fake_merchant_collusion,0.8891237597408239,0.9513254885424058,True,229.8078617409455,0.75,0.580156333308043,12,False,0.459615723481891,0.625,-0.12,-0.03,0.0,0.0,0.9346157234818909,20260813,V0,full,20261722,20261590,72,20,6
69,fresh_bandit_v0,fake_merchant_collusion|1.48|1.71|0.22|0.05|0.5|0.98|0.89,fake_merchant_collusion,2.4617102860328353,0.9738254885424057,True,915.6047721055852,0.6666666666666666,0.5769396786502387,12,False,1.8312095442111704,0.8333333333333335,-0.10666666666666666,-0.03,0.0,0.0,2.5278762108778374,20260813,V0,full,20261722,20261590,72,20,6
70,fresh_bandit_v0,fake_merchant_collusion|1.48|1.71|0.22|0.05|0.5|0.98|0.89,fake_merchant_collusion,1.848495316424909,0.9563254885424057,True,618.1238711286713,0.6666666666666666,0.47751356052829735,12,False,1.2362477422573426,0.8333333333333335,-0.10666666666666666,-0.03,0.0,0.0,1.9329144089240096,20260813,V0,full,20261722,20261590,72,20,6
71,fresh_bandit_v0,fake_merchant_collusion|1.48|1.71|0.22|0.05|0.5|0.98|0.89,fake_merchant_collusion,2.4062109714228486,0.9763254885424058,True,773.1124245077194,0.5833333333333334,0.40827324638956847,12,False,1.5462248490154389,1.0416666666666665,-0.09333333333333334,-0.03,0.0,0.0,2.4645581823487723,20260813,V0,full,20261722,20261590,72,20,6
0,fresh_bandit_v1,deepfake_account_takeover|2.12|1.05|0.62|0.88|0.94|0.98|0.69,deepfake_account_takeover,-0.16518126964639726,0.8693751034020908,True,0.0,1.0,0.9463739980595097,12,False,0.0,0.0,-0.16,-0.03,0.0,0.0,-0.19,20260813,V1,full,20261722,20261590,72,20,6
1,fresh_bandit_v1,ai_app_scam_mule|0.45|2.04|0.05|0.73|0.31|0.5|0.56,ai_app_scam_mule,-0.16627111009905038,0.8751111057844756,True,0.0,1.0,0.9296963495070654,12,False,0.0,0.0,-0.16,-0.03,0.0,0.0,-0.19,20260813,V1,full,20261722,20261590,72,20,6
2,fresh_bandit_v1,synthetic_identity_bustout|0.77|0.52|0.05|0.05|0.37|0.96|0.82,synthetic_identity_bustout,-0.1864926,0.9815400000000001,True,0.0,1.0,0.8920364889059282,12,False,0.0,0.0,-0.16,-0.03,0.0,0.0,-0.19,20260813,V1,full,20261722,20261590,72,20,6
3,fresh_bandit_v1,agentic_intent_hijack|1.23|2.1|0.19|0.11|0.83|0.98|0.92,agentic_intent_hijack,0.30534263929175653,0.907857691200542,True,52.33324291055706,0.9166666666666666,0.514221058691302,12,True,0.10466648582111412,0.20833333333333343,-0.14666666666666667,-0.03,0.2,0.0,0.33633315248778084,20260813,V1,full,20261722,20261590,72,20,6
4,fresh_bandit_v1,fake_merchant_collusion|0.48|0.76|0.42|0.33|0.98|0.83|0.66,fake_merchant_collusion,-0.1878829766549567,0.9888577718681931,True,0.0,1.0,0.9153766154826575,12,False,0.0,0.0,-0.16,-0.03,0.0,0.0,-0.19,20260813,V1,full,20261722,20261590,72,20,6
5,fresh_bandit_v1,adaptive_card_testing|0.94|1.46|0.48|0.05|0.05|0.73|0.85,adaptive_card_testing,-0.1776361455265901,0.9349270817188953,True,0.0,1.0,0.8888283692367897,12,False,0.0,0.0,-0.16,-0.03,0.0,0.0,-0.19,20260813,V1,full,20261722,20261590,72,20,6
6,fresh_bandit_v1,agentic_intent_hijack|2.2|0.65|0.17|0.1|0.57|0.53|0.63,agentic_intent_hijack,-0.1689883519848066,0.8894123788674032,True,0.0,1.0,0.9116063035742745,12,False,0.0,0.0,-0.16,-0.03,0.0,0.0,-0.19,20260813,V1,full,20261722,20261590,72,20,6
7,fresh_bandit_v1,fake_merchant_collusion|1.48|1.71|0.22|0.05|0.5|0.98|0.89,fake_merchant_collusion,-0.18360184282305708,0.9663254885424057,True,0.0,1.0,0.8985904615702597,12,False,0.0,0.0,-0.16,-0.03,0.0,0.0,-0.19,20260813,V1,full,20261722,20261590,72,20,6
8,fresh_bandit_v1,deepfake_account_takeover|0.65|1.68|0.75|0.4|0.19|0.82|0.78,deepfake_account_takeover,-0.16601827518376253,0.8737803957040132,True,0.0,1.0,0.9369934590875754,12,False,0.0,0.0,-0.16,-0.03,0.0,0.0,-0.19,20260813,V1,full,20261722,20261590,72,20,6
9,fresh_bandit_v1,deepfake_account_takeover|2.12|1.05|0.62|0.88|0.94|0.98|0.69,deepfake_account_takeover,-0.16470626964639726,0.8668751034020908,True,0.0,1.0,0.9430462064956789,12,False,0.0,0.0,-0.16,-0.03,0.0,0.0,-0.19,20260813,V1,full,20261722,20261590,72,20,6
10,fresh_bandit_v1,agentic_intent_hijack|0.55|1.54|0.05|0.42|0.32|0.54|0.94,agentic_intent_hijack,0.6099543361531207,0.8889257477798354,True,116.41842096665451,0.8333333333333334,0.5829076799003917,12,True,0.23283684193330903,0.4166666666666666,-0.13333333333333333,-0.03,0.2,0.0,0.6861701752666423,20260813,V1,full,20261722,20261590,72,20,6
11,fresh_bandit_v1,agentic_intent_hijack|0.73|1.3|0.12|0.15|0.98|0.66|0.58,agentic_intent_hijack,-0.17397608605471326,0.9156636108142804,True,0.0,1.0,0.7887651560802396,12,False,0.0,0.0,-0.16,-0.03,0.0,0.0,-0.19,20260813,V1,full,20261722,20261590,72,20,6
12,fresh_bandit_v1,ai_app_scam_mule|1.22|1.1|0.23|0.97|0.26|0.33|0.8,ai_app_scam_mule,-0.1690974475292776,0.8899865659435664,True,0.0,1.0,0.9334550272333373,12,False,0.0,0.0,-0.16,-0.03,0.0,0.0,-0.19,20260813,V1,full,20261722,20261590,72,20,6
13,fresh_bandit_v1,synthetic_identity_bustout|0.6|1.63|0.22|0.22|0.58|0.79|0.83,synthetic_identity_bustout,-0.18449015467263957,0.971000814066524,True,0.0,1.0,0.9003968572611241,12,False,0.0,0.0,-0.16,-0.03,0.0,0.0,-0.19,20260813,V1,full,20261722,20261590,72,20,6
14,fresh_bandit_v1,agentic_intent_hijack|0.55|1.54|0.05|0.42|0.32|0.54|0.94,agentic_intent_hijack,0.1298200757821611,0.8889257477798354,True,57.18743139667772,0.9166666666666666,0.6816225118594557,12,False,0.11437486279335543,0.20833333333333343,-0.14666666666666667,-0.03,0.0,0.0,0.14604152946002222,20260813,V1,full,20261722,20261590,72,20,6
15,fresh_bandit_v1,adaptive_card_testing|1.07|1.59|0.05|0.05|0.55|0.98|0.5,adaptive_card_testing,-0.1864926,0.9815400000000001,True,0.0,1.0,0.8309615884944397,12,False,0.0,0.0,-0.16,-0.03,0.0,0.0,-0.19,20260813,V1,full,20261722,20261590,72,20,6
16,fresh_bandit_v1,agentic_intent_hijack|1.22|1.06|0.68|0.19|0.98|0.75|0.85,agentic_intent_hijack,0.2505682170940955,0.891836763084662,True,24.645410908738793,0.9166666666666666,0.6904193984134642,12,True,0.049290821817477584,0.20833333333333343,-0.14666666666666667,-0.03,0.2,0.0,0.28095748848414437,20260813,V1,full,20261722,20261590,72,20,6
17,fresh_bandit_v1,agentic_intent_hijack|0.55|1.54|0.05|0.42|0.32|0.54|0.94,agentic_intent_hijack,0.6432037279627895,0.8914257477798354,True,123.27246454050598,0.75,0.5942998065701078,12,False,0.24654492908101197,0.625,-0.12,-0.03,0.0,0.0,0.721544929081012,20260813,V1,full,20261722,20261590,72,20,6
18,fresh_bandit_v1,agentic_intent_hijack|0.55|1.54|0.05|0.42|0.32|0.54|0.94,agentic_intent_hijack,0.06430604425179522,0.9089257477798354,True,19.54141779945759,0.9166666666666666,0.7586004547669701,12,False,0.039082835598915185,0.20833333333333343,-0.14666666666666667,-0.03,0.0,0.0,0.07074950226558194,20260813,V1,full,20261722,20261590,72,20,6
19,fresh_bandit_v1,agentic_intent_hijack|1.23|2.1|0.19|0.11|0.83|0.98|0.92,agentic_intent_hijack,0.47269943128585185,0.907857691200542,True,133.67117915846418,0.8333333333333334,0.6269751400492188,12,False,0.2673423583169284,0.4166666666666666,-0.13333333333333333,-0.03,0.0,0.0,0.5206756916502616,20260813,V1,full,20261722,20261590,72,20,6
20,fresh_bandit_v1,agentic_intent_hijack|1.23|2.1|0.19|0.11|0.83|0.98|0.92,agentic_intent_hijack,0.07268128042458125,0.8853576912005422,True,25.2129472530055,0.9166666666666666,0.8503558421579833,12,False,0.050425894506010996,0.20833333333333343,-0.14666666666666667,-0.03,0.0,0.0,0.08209256117267774,20260813,V1,full,20261722,20261590,72,20,6
21,fresh_bandit_v1,ai_app_scam_mule|0.62|0.93|0.2|0.47|0.08|0.98|0.74,ai_app_scam_mule,-0.16734216261924093,0.8807482243117943,True,0.0,1.0,0.9253714238551626,12,False,0.0,0.0,-0.16,-0.03,0.0,0.0,-0.19,20260813,V1,full,20261722,20261590,72,20,6
22,fresh_bandit_v1,agentic_intent_hijack|0.55|1.54|0.05|0.42|0.32|0.54|0.94,agentic_intent_hijack,0.48797925726165114,0.8639257477798354,True,155.75300800774113,0.8333333333333334,0.7136207316929593,12,False,0.3115060160154823,0.4166666666666666,-0.13333333333333333,-0.03,0.0,0.0,0.5648393493488155,20260813,V1,full,20261722,20261590,72,20,6
23,fresh_bandit_v1,agentic_intent_hijack|1.22|1.06|0.68|0.19|0.98|0.75|0.85,agentic_intent_hijack,-0.17182398498608578,0.9043367630846619,True,0.0,1.0,0.8131927959163496,12,False,0.0,0.0,-0.16,-0.03,0.0,0.0,-0.19,20260813,V1,full,20261722,20261590,72,20,6
24,fresh_bandit_v1,agentic_intent_hijack|0.55|1.54|0.05|0.42|0.32|0.54|0.94,agentic_intent_hijack,0.20308311358324074,0.8989257477798354,True,97.12544779225732,0.9166666666666666,0.7232808092347573,12,False,0.19425089558451464,0.20833333333333343,-0.14666666666666667,-0.03,0.0,0.0,0.2259175622511814,20260813,V1,full,20261722,20261590,72,20,6
25,fresh_bandit_v1,fake_merchant_collusion|0.92|2.0|0.55|0.05|0.5|0.62|0.81,fake_merchant_collusion,-0.18538360883995894,0.9757032044208365,True,0.0,1.0,0.8970736273870016,12,False,0.0,0.0,-0.16,-0.03,0.0,0.0,-0.19,20260813,V1,full,20261722,20261590,72,20,6
26,fresh_bandit_v1,agentic_intent_hijack|0.55|1.54|0.05|0.42|0.32|0.54|0.94,agentic_intent_hijack,0.05031507923636772,0.8814257477798354,True,12.708537245727317,0.9166666666666666,0.6298842853540912,12,False,0.025417074491454635,0.20833333333333343,-0.14666666666666667,-0.03,0.0,0.0,0.0570837411581214,20260813,V1,full,20261722,20261590,72,20,6
27,fresh_bandit_v1,agentic_intent_hijack|1.23|2.1|0.19|0.11|0.83|0.98|0.92,agentic_intent_hijack,-0.17059296132810303,0.8978576912005423,True,0.0,1.0,0.6212659972236932,12,False,0.0,0.0,-0.16,-0.03,0.0,0.0,-0.19,20260813,V1,full,20261722,20261590,72,20,6
28,fresh_bandit_v1,deepfake_account_takeover|0.55|1.25|0.62|0.37|0.05|0.63|0.68,deepfake_account_takeover,-0.1665665606538536,0.8766661087044927,True,0.0,1.0,0.9241926864857771,12,False,0.0,0.0,-0.16,-0.03,0.0,0.0,-0.19,20260813,V1,full,20261722,20261590,72,20,6
29,fresh_bandit_v1,agentic_intent_hijack|0.55|1.54|0.05|0.42|0.32|0.54|0.94,agentic_intent_hijack,0.4015447889653428,0.8689257477798353,True,104.39150486946129,0.8333333333333334,0.5995554379470173,12,False,0.20878300973892258,0.4166666666666666,-0.13333333333333333,-0.03,0.0,0.0,0.4621163430722558,20260813,V1,full,20261722,20261590,72,20,6
30,fresh_bandit_v1,adaptive_card_testing|1.3|0.46|0.17|0.06|0.53|0.7|0.76,adaptive_card_testing,-0.18606838766994765,0.9793073035260402,True,0.0,1.0,0.887743808170962,12,False,0.0,0.0,-0.16,-0.03,0.0,0.0,-0.19,20260813,V1,full,20261722,20261590,72,20,6
31,fresh_bandit_v1,agentic_intent_hijack|0.55|1.54|0.05|0.42|0.32|0.54|0.94,agentic_intent_hijack,-0.1688958920781687,0.8889257477798354,True,0.0,1.0,0.6237996411025852,12,False,0.0,0.0,-0.16,-0.03,0.0,0.0,-0.19,20260813,V1,full,20261722,20261590,72,20,6
32,fresh_bandit_v1,agentic_intent_hijack|1.64|0.78|0.5|0.21|0.62|0.98|0.66,agentic_intent_hijack,-0.17180522860330966,0.9042380452805772,True,0.0,1.0,0.9034669083130877,12,False,0.0,0.0,-0.16,-0.03,0.0,0.0,-0.19,20260813,V1,full,20261722,20261590,72,20,6
33,fresh_bandit_v1,agentic_intent_hijack|0.55|1.54|0.05|0.42|0.32|0.54|0.94,agentic_intent_hijack,0.22054234745172188,0.8739257477798354,True,110.34577742750565,0.9166666666666666,0.6305438097546303,12,False,0.2206915548550113,0.20833333333333343,-0.14666666666666667,-0.03,0.0,0.0,0.2523582215216781,20260813,V1,full,20261722,20261590,72,20,6
34,fresh_bandit_v1,adaptive_card_testing|0.45|1.29|0.41|0.38|0.56|0.57|0.57,adaptive_card_testing,-0.1852052419702595,0.9747644314224184,True,0.0,1.0,0.8781655869076167,12,False,0.0,0.0,-0.16,-0.03,0.0,0.0,-0.19,20260813,V1,full,20261722,20261590,72,20,6
35,fresh_bandit_v1,agentic_intent_hijack|0.55|1.54|0.05|0.42|0.32|0.54|0.94,agentic_intent_hijack,1.0473820523071267,0.8739257477798354,True,250.90639324981646,0.6666666666666666,0.5267948941061062,12,False,0.5018127864996329,0.8333333333333335,-0.10666666666666666,-0.03,0.0,0.0,1.1984794531662997,20260813,V1,full,20261722,20261590,72,20,6
36,fresh_bandit_v1,agentic_intent_hijack|0.55|1.54|0.05|0.42|0.32|0.54|0.94,agentic_intent_hijack,0.32601868623635444,0.8739257477798354,True,59.85872583068715,0.8333333333333334,0.6299624177608003,12,False,0.11971745166137429,0.4166666666666666,-0.13333333333333333,-0.03,0.0,0.0,0.37305078499470756,20260813,V1,full,20261722,20261590,72,20,6
37,fresh_bandit_v1,agentic_intent_hijack|0.55|1.54|0.05|0.42|0.32|0.54|0.94,agentic_intent_hijack,0.12416757533532777,0.8689257477798353,True,55.61556529384183,0.9166666666666666,0.7376751415739258,12,False,0.11123113058768366,0.20833333333333343,-0.14666666666666667,-0.03,0.0,0.0,0.14289779725435045,20260813,V1,full,20261722,20261590,72,20,6
38,fresh_bandit_v1,agentic_intent_hijack|0.55|1.54|0.05|0.42|0.32|0.54|0.94,agentic_intent_hijack,0.8065688050231352,0.8639257477798354,True,118.47113863425221,0.6666666666666666,0.572451350583084,12,False,0.23694227726850442,0.8333333333333335,-0.10666666666666666,-0.03,0.0,0.0,0.9336089439351711,20260813,V1,full,20261722,20261590,72,20,6
39,fresh_bandit_v1,agentic_intent_hijack|0.55|1.54|0.05|0.42|0.32|0.54|0.94,agentic_intent_hijack,0.4290265171657853,0.8789257477798353,True,117.39633765964047,0.8333333333333334,0.7816464182496664,12,False,0.23479267531928094,0.4166666666666666,-0.13333333333333333,-0.03,0.0,0.0,0.48812600865261424,20260813,V1,full,20261722,20261590,72,20,6
40,fresh_bandit_v1,agentic_intent_hijack|0.55|1.54|0.05|0.42|0.32|0.54|0.94,agentic_intent_hijack,0.6644909977881235,0.8939257477798355,True,134.17013000714053,0.75,0.6733475201078906,12,False,0.2683402600142811,0.625,-0.12,-0.03,0.0,0.0,0.743340260014281,20260813,V1,full,20261722,20261590,72,20,6
41,fresh_bandit_v1,agentic_intent_hijack|0.55|1.54|0.05|0.42|0.32|0.54|0.94,agentic_intent_hijack,0.053188708359059256,0.8664257477798354,True,14.860992461665308,0.9166666666666666,0.6605545917296518,12,False,0.029721984923330617,0.20833333333333343,-0.14666666666666667,-0.03,0.0,0.0,0.06138865158999737,20260813,V1,full,20261722,20261590,72,20,6
42,fresh_bandit_v1,synthetic_identity_bustout|0.66|1.45|0.19|0.44|0.16|0.72|0.75,synthetic_identity_bustout,-0.18384412367056224,0.967600650897696,True,0.0,1.0,0.897672409895001,12,False,0.0,0.0,-0.16,-0.03,0.0,0.0,-0.19,20260813,V1,full,20261722,20261590,72,20,6
43,fresh_bandit_v1,agentic_intent_hijack|0.55|1.54|0.05|0.42|0.32|0.54|0.94,agentic_intent_hijack,0.07101268940031585,0.8639257477798354,True,25.265505069624407,0.9166666666666666,0.65867088755155,12,False,0.050531010139248815,0.20833333333333343,-0.14666666666666667,-0.03,0.0,0.0,0.08219767680591558,20260813,V1,full,20261722,20261590,72,20,6
44,fresh_bandit_v1,agentic_intent_hijack|0.55|1.54|0.05|0.42|0.32|0.54|0.94,agentic_intent_hijack,0.08290145302767583,0.8989257477798354,True,30.27806865533233,0.9166666666666666,0.7974794917822822,12,False,0.06055613731066466,0.20833333333333343,-0.14666666666666667,-0.03,0.0,0.0,0.09222280397733143,20260813,V1,full,20261722,20261590,72,20,6
45,fresh_bandit_v1,agentic_intent_hijack|0.55|1.54|0.05|0.42|0.32|0.54|0.94,agentic_intent_hijack,-0.16794589207816873,0.8839257477798355,True,0.0,1.0,0.7615018155162966,12,False,0.0,0.0,-0.16,-0.03,0.0,0.0,-0.19,20260813,V1,full,20261722,20261590,72,20,6
46,fresh_bandit_v1,agentic_intent_hijack|1.23|2.1|0.19|0.11|0.83|0.98|0.92,agentic_intent_hijack,0.4726253499605003,0.9178576912005421,True,130.7944596558216,0.8333333333333334,0.6046311435219401,12,False,0.26158891931164324,0.4166666666666666,-0.13333333333333333,-0.03,0.0,0.0,0.5149222526449765,20260813,V1,full,20261722,20261590,72,20,6
47,fresh_bandit_v1,agentic_intent_hijack|1.23|2.1|0.19|0.11|0.83|0.98|0.92,agentic_intent_hijack,0.7346919327759474,0.907857691200542,True,167.12945894328328,0.75,0.5185296468607435,12,False,0.3342589178865666,0.625,-0.12,-0.03,0.0,0.0,0.8092589178865666,20260813,V1,full,20261722,20261590,72,20,6
48,fresh_bandit_v1,agentic_intent_hijack|1.23|2.1|0.19|0.11|0.83|0.98|0.92,agentic_intent_hijack,0.5488495672491629,0.9171423087994577,True,172.55056602626672,0.8333333333333334,0.5755438650233221,12,False,0.34510113205253345,0.4166666666666666,-0.13333333333333333,-0.03,0.0,0.0,0.5984344653858666,20260813,V1,full,20261722,20261590,72,20,6
49,fresh_bandit_v1,agentic_intent_hijack|1.23|2.1|0.19|0.11|0.83|0.98|0.92,agentic_intent_hijack,-0.172492961328103,0.907857691200542,True,0.0,1.0,0.6376269866450613,12,False,0.0,0.0,-0.16,-0.03,0.0,0.0,-0.19,20260813,V1,full,20261722,20261590,72,20,6
50,fresh_bandit_v1,agentic_intent_hijack|1.23|2.1|0.19|0.11|0.83|0.98|0.92,agentic_intent_hijack,0.0679020472237747,0.8903576912005421,True,22.298558991995353,0.9166666666666666,0.7056500348947651,12,False,0.04459711798399071,0.20833333333333343,-0.14666666666666667,-0.03,0.0,0.0,0.07626378465065745,20260813,V1,full,20261722,20261590,72,20,6
51,fresh_bandit_v1,agentic_intent_hijack|2.2|0.65|0.17|0.1|0.57|0.53|0.63,agentic_intent_hijack,-0.1680383519848066,0.8844123788674032,True,0.0,1.0,0.9305848135144533,12,False,0.0,0.0,-0.16,-0.03,0.0,0.0,-0.19,20260813,V1,full,20261722,20261590,72,20,6
52,fresh_bandit_v1,agentic_intent_hijack|0.55|1.54|0.05|0.42|0.32|0.54|0.94,agentic_intent_hijack,0.6759530932658608,0.8939257477798355,True,140.58123042918606,0.75,0.6947291776494362,12,False,0.28116246085837215,0.625,-0.12,-0.03,0.0,0.0,0.7561624608583721,20260813,V1,full,20261722,20261590,72,20,6
53,fresh_bandit_v1,agentic_intent_hijack|0.55|1.54|0.05|0.42|0.32|0.54|0.94,agentic_intent_hijack,0.44692948946096184,0.8639257477798354,True,131.99531360739405,0.8333333333333334,0.694787494651242,12,False,0.2639906272147881,0.4166666666666666,-0.13333333333333333,-0.03,0.0,0.0,0.5173239605481214,20260813,V1,full,20261722,20261590,72,20,6
54,fresh_bandit_v1,agentic_intent_hijack|0.55|1.54|0.05|0.42|0.32|0.54|0.94,agentic_intent_hijack,0.8547465302234247,0.8889257477798354,True,243.27498731374584,0.75,0.6228424134261059,12,False,0.48654997462749167,0.625,-0.12,-0.03,0.0,0.0,0.9615499746274917,20260813,V1,full,20261722,20261590,72,20,6
55,fresh_bandit_v1,agentic_intent_hijack|0.55|1.54|0.05|0.42|0.32|0.54|0.94,agentic_intent_hijack,0.8930707161143172,0.8789257477798353,True,270.5467368092311,0.75,0.6251912542574445,12,False,0.5410934736184622,0.625,-0.12,-0.03,0.0,0.0,1.0160934736184621,20260813,V1,full,20261722,20261590,72,20,6
56,fresh_bandit_v1,agentic_intent_hijack|0.55|1.54|0.05|0.42|0.32|0.54|0.94,agentic_intent_hijack,0.0669669117235138,0.8739257477798354,True,22.480511918188203,0.9166666666666666,0.7044993050240289,12,False,0.04496102383637641,0.20833333333333343,-0.14666666666666667,-0.03,0.0,0.0,0.07662769050304316,20260813,V1,full,20261722,20261590,72,20,6
57,fresh_bandit_v1,agentic_intent_hijack|0.55|1.54|0.05|0.42|0.32|0.54|0.94,agentic_intent_hijack,0.13669116688793306,0.8989257477798354,True,60.19695461065563,0.9166666666666666,0.670341298777732,12,False,0.12039390922131127,0.20833333333333343,-0.14666666666666667,-0.03,0.0,0.0,0.15206057588797803,20260813,V1,full,20261722,20261590,72,20,6
58,fresh_bandit_v1,agentic_intent_hijack|0.55|1.54|0.05|0.42|0.32|0.54|0.94,agentic_intent_hijack,0.39427048813987514,0.8689257477798353,True,100.20570369827144,0.8333333333333334,0.6843738078870495,12,False,0.20041140739654287,0.4166666666666666,-0.13333333333333333,-0.03,0.0,0.0,0.45374474072987614,20260813,V1,full,20261722,20261590,72,20,6
59,fresh_bandit_v1,agentic_intent_hijack|0.55|1.54|0.05|0.42|0.32|0.54|0.94,agentic_intent_hijack,0.07405434786358184,0.8789257477798353,True,26.2944277719949,0.9166666666666666,0.7120893325931877,12,False,0.0525888555439898,0.20833333333333343,-0.14666666666666667,-0.03,0.0,0.0,0.08425552221065655,20260813,V1,full,20261722,20261590,72,20,6
60,fresh_bandit_v1,agentic_intent_hijack|0.55|1.54|0.05|0.42|0.32|0.54|0.94,agentic_intent_hijack,-0.16699589207816873,0.8789257477798353,True,0.0,1.0,0.6646214300427395,12,False,0.0,0.0,-0.16,-0.03,0.0,0.0,-0.19,20260813,V1,full,20261722,20261590,72,20,6
61,fresh_bandit_v1,agentic_intent_hijack|1.23|2.1|0.19|0.11|0.83|0.98|0.92,agentic_intent_hijack,-0.172492961328103,0.907857691200542,True,0.0,1.0,0.7265312890354672,12,False,0.0,0.0,-0.16,-0.03,0.0,0.0,-0.19,20260813,V1,full,20261722,20261590,72,20,6
62,fresh_bandit_v1,agentic_intent_hijack|0.55|1.54|0.05|0.42|0.32|0.54|0.94,agentic_intent_hijack,0.10691423780660896,0.8839257477798355,True,44.64360043352795,0.9166666666666666,0.8335946031514716,12,False,0.0892872008670559,0.20833333333333343,-0.14666666666666667,-0.03,0.0,0.0,0.12095386753372264,20260813,V1,full,20261722,20261590,72,20,6
63,fresh_bandit_v1,agentic_intent_hijack|0.55|1.54|0.05|0.42|0.32|0.54|0.94,agentic_intent_hijack,0.5772959547334867,0.8789257477798353,True,90.90996875545812,0.75,0.6206328971961061,12,False,0.18181993751091624,0.625,-0.12,-0.03,0.0,0.0,0.6568199375109162,20260813,V1,full,20261722,20261590,72,20,6
64,fresh_bandit_v1,agentic_intent_hijack|0.55|1.54|0.05|0.42|0.32|0.54|0.94,agentic_intent_hijack,0.6106826918006083,0.8639257477798354,True,115.9347097363256,0.75,0.5471407828656052,12,False,0.2318694194726512,0.625,-0.12,-0.03,0.0,0.0,0.7068694194726511,20260813,V1,full,20261722,20261590,72,20,6
65,fresh_bandit_v1,agentic_intent_hijack|0.55|1.54|0.05|0.42|0.32|0.54|0.94,agentic_intent_hijack,0.18036054504279408,0.9039257477798355,True,83.93179974633833,0.9166666666666666,0.6650900847664963,12,False,0.16786359949267665,0.20833333333333343,-0.14666666666666667,-0.03,0.0,0.0,0.1995302661593434,20260813,V1,full,20261722,20261590,72,20,6
66,fresh_bandit_v1,agentic_intent_hijack|0.55|1.54|0.05|0.42|0.32|0.54|0.94,agentic_intent_hijack,0.3617384451554708,0.8589257477798354,True,83.90941985216108,0.8333333333333334,0.6704677126770332,12,False,0.16781883970432215,0.4166666666666666,-0.13333333333333333,-0.03,0.0,0.0,0.4211521730376554,20260813,V1,full,20261722,20261590,72,20,6
67,fresh_bandit_v1,agentic_intent_hijack|0.55|1.54|0.05|0.42|0.32|0.54|0.94,agentic_intent_hijack,0.09061833724473334,0.8614257477798354,True,36.7645472607197,0.9166666666666666,0.5923921402137061,12,False,0.07352909452143941,0.20833333333333343,-0.14666666666666667,-0.03,0.0,0.0,0.10519576118810617,20260813,V1,full,20261722,20261590,72,20,6
68,fresh_bandit_v1,agentic_intent_hijack|0.55|1.54|0.05|0.42|0.32|0.54|0.94,agentic_intent_hijack,0.39870727856336946,0.8889257477798354,True,97.59687815649407,0.8333333333333334,0.7114957853527869,12,False,0.19519375631298813,0.4166666666666666,-0.13333333333333333,-0.03,0.0,0.0,0.4485270896463214,20260813,V1,full,20261722,20261590,72,20,6
69,fresh_bandit_v1,agentic_intent_hijack|0.55|1.54|0.05|0.42|0.32|0.54|0.94,agentic_intent_hijack,0.11293224410592362,0.8689257477798353,True,49.15049548890675,0.9166666666666666,0.6259912809786486,12,False,0.0983009909778135,0.20833333333333343,-0.14666666666666667,-0.03,0.0,0.0,0.12996765764448023,20260813,V1,full,20261722,20261590,72,20,6
70,fresh_bandit_v1,agentic_intent_hijack|0.73|1.3|0.12|0.15|0.98|0.66|0.58,agentic_intent_hijack,0.6666977749777873,0.9156636108142804,True,137.38502606408798,0.8333333333333334,0.7020310195107963,12,True,0.27477005212817596,0.4166666666666666,-0.13333333333333333,-0.03,0.2,0.0,0.7281033854615091,20260813,V1,full,20261722,20261590,72,20,6
71,fresh_bandit_v1,agentic_intent_hijack|0.73|1.3|0.12|0.15|0.98|0.66|0.58,agentic_intent_hijack,0.08705000450215958,0.9093363891857194,True,32.0312443616767,0.9166666666666666,0.7631924326768736,12,False,0.06406248872335339,0.20833333333333343,-0.14666666666666667,-0.03,0.0,0.0,0.09572915539002017,20260813,V1,full,20261722,20261590,72,20,6
0,fresh_bandit_v2,deepfake_account_takeover|2.12|1.05|0.62|0.88|0.94|0.98|0.69,deepfake_account_takeover,-0.16518126964639726,0.8693751034020908,True,0.0,1.0,0.9463765287395978,12,False,0.0,0.0,-0.16,-0.03,0.0,0.0,-0.19,20260813,V2,full,20261722,20261590,72,20,6
1,fresh_bandit_v2,ai_app_scam_mule|0.45|2.04|0.05|0.73|0.31|0.5|0.56,ai_app_scam_mule,-0.16627111009905038,0.8751111057844756,True,0.0,1.0,0.9303858148815426,12,False,0.0,0.0,-0.16,-0.03,0.0,0.0,-0.19,20260813,V2,full,20261722,20261590,72,20,6
2,fresh_bandit_v2,synthetic_identity_bustout|0.77|0.52|0.05|0.05|0.37|0.96|0.82,synthetic_identity_bustout,-0.1864926,0.9815400000000001,True,0.0,1.0,0.9013524825107301,12,False,0.0,0.0,-0.16,-0.03,0.0,0.0,-0.19,20260813,V2,full,20261722,20261590,72,20,6
3,fresh_bandit_v2,agentic_intent_hijack|1.23|2.1|0.19|0.11|0.83|0.98|0.92,agentic_intent_hijack,-0.172492961328103,0.907857691200542,True,0.0,1.0,0.9153012171224879,12,False,0.0,0.0,-0.16,-0.03,0.0,0.0,-0.19,20260813,V2,full,20261722,20261590,72,20,6
4,fresh_bandit_v2,fake_merchant_collusion|0.48|0.76|0.42|0.33|0.98|0.83|0.66,fake_merchant_collusion,-0.1878829766549567,0.9888577718681931,True,0.0,1.0,0.9163985473739377,12,False,0.0,0.0,-0.16,-0.03,0.0,0.0,-0.19,20260813,V2,full,20261722,20261590,72,20,6
5,fresh_bandit_v2,adaptive_card_testing|0.94|1.46|0.48|0.05|0.05|0.73|0.85,adaptive_card_testing,-0.1776361455265901,0.9349270817188953,True,0.0,1.0,0.8937897471992259,12,False,0.0,0.0,-0.16,-0.03,0.0,0.0,-0.19,20260813,V2,full,20261722,20261590,72,20,6
6,fresh_bandit_v2,agentic_intent_hijack|2.2|0.65|0.17|0.1|0.57|0.53|0.63,agentic_intent_hijack,-0.1689883519848066,0.8894123788674032,True,0.0,1.0,0.9378087540933423,12,False,0.0,0.0,-0.16,-0.03,0.0,0.0,-0.19,20260813,V2,full,20261722,20261590,72,20,6
7,fresh_bandit_v2,deepfake_account_takeover|0.6|0.75|0.9|0.59|0.32|0.75|0.59,deepfake_account_takeover,-0.17469372060818228,0.9194406347799067,True,0.0,1.0,0.9415308312164307,12,False,0.0,0.0,-0.16,-0.03,0.0,0.0,-0.19,20260813,V2,full,20261722,20261590,72,20,6
8,fresh_bandit_v2,ai_app_scam_mule|1.27|0.81|0.13|0.93|0.62|0.94|0.7,ai_app_scam_mule,-0.16395854420134187,0.862939706322852,True,0.0,1.0,0.946092032892251,12,False,0.0,0.0,-0.16,-0.03,0.0,0.0,-0.19,20260813,V2,full,20261722,20261590,72,20,6
9,fresh_bandit_v2,fake_merchant_collusion|1.48|1.71|0.22|0.05|0.5|0.98|0.89,fake_merchant_collusion,-0.18360184282305708,0.9663254885424057,True,0.0,1.0,0.8838321284795051,12,False,0.0,0.0,-0.16,-0.03,0.0,0.0,-0.19,20260813,V2,full,20261722,20261590,72,20,6
10,fresh_bandit_v2,deepfake_account_takeover|2.12|1.05|0.62|0.88|0.94|0.98|0.69,deepfake_account_takeover,-0.16518126964639726,0.8693751034020908,True,0.0,1.0,0.9509229788606456,12,False,0.0,0.0,-0.16,-0.03,0.0,0.0,-0.19,20260813,V2,full,20261722,20261590,72,20,6
11,fresh_bandit_v2,adaptive_card_testing|1.3|0.46|0.17|0.06|0.53|0.7|0.76,adaptive_card_testing,-0.18131838766994765,0.9543073035260403,True,0.0,1.0,0.8995580057637129,12,False,0.0,0.0,-0.16,-0.03,0.0,0.0,-0.19,20260813,V2,full,20261722,20261590,72,20,6
12,fresh_bandit_v2,agentic_intent_hijack|0.55|1.54|0.05|0.42|0.32|0.54|0.94,agentic_intent_hijack,-0.17079589207816873,0.8989257477798354,True,0.0,1.0,0.9089094446741983,12,False,0.0,0.0,-0.16,-0.03,0.0,0.0,-0.19,20260813,V2,full,20261722,20261590,72,20,6
13,fresh_bandit_v2,ai_app_scam_mule|1.22|1.1|0.23|0.97|0.26|0.33|0.8,ai_app_scam_mule,-0.16624744752927764,0.8749865659435665,True,0.0,1.0,0.9398785578156378,12,False,0.0,0.0,-0.16,-0.03,0.0,0.0,-0.19,20260813,V2,full,20261722,20261590,72,20,6
14,fresh_bandit_v2,synthetic_identity_bustout|0.93|1.46|0.1|0.25|0.65|0.67|0.8,synthetic_identity_bustout,-0.18892332844385087,0.9943333075992151,True,0.0,1.0,0.9037815822836284,12,False,0.0,0.0,-0.16,-0.03,0.0,0.0,-0.19,20260813,V2,full,20261722,20261590,72,20,6
15,fresh_bandit_v2,adaptive_card_testing|1.07|1.59|0.05|0.05|0.55|0.98|0.5,adaptive_card_testing,-0.1864926,0.9815400000000001,True,0.0,1.0,0.8359368026709545,12,False,0.0,0.0,-0.16,-0.03,0.0,0.0,-0.19,20260813,V2,full,20261722,20261590,72,20,6
16,fresh_bandit_v2,fake_merchant_collusion|1.6|1.4|0.19|0.22|0.98|0.53|0.5,fake_merchant_collusion,-0.18223895445489427,0.9591523918678646,True,0.0,1.0,0.915763410938872,12,False,0.0,0.0,-0.16,-0.03,0.0,0.0,-0.19,20260813,V2,full,20261722,20261590,72,20,6
17,fresh_bandit_v2,agentic_intent_hijack|1.22|1.06|0.68|0.19|0.98|0.75|0.85,agentic_intent_hijack,-0.16897398498608576,0.8893367630846619,True,0.0,1.0,0.9425215456904027,12,False,0.0,0.0,-0.16,-0.03,0.0,0.0,-0.19,20260813,V2,full,20261722,20261590,72,20,6
18,fresh_bandit_v2,deepfake_account_takeover|0.55|1.25|0.62|0.37|0.05|0.63|0.68,deepfake_account_takeover,-0.1713165606538536,0.9016661087044926,True,0.0,1.0,0.9297071736738521,12,False,0.0,0.0,-0.16,-0.03,0.0,0.0,-0.19,20260813,V2,full,20261722,20261590,72,20,6
19,fresh_bandit_v2,ai_app_scam_mule|0.62|0.93|0.2|0.47|0.08|0.98|0.74,ai_app_scam_mule,-0.1654421626192409,0.8707482243117943,True,0.0,1.0,0.922653129324352,12,False,0.0,0.0,-0.16,-0.03,0.0,0.0,-0.19,20260813,V2,full,20261722,20261590,72,20,6
20,fresh_bandit_v2,adaptive_card_testing|0.45|1.29|0.41|0.38|0.56|0.57|0.57,adaptive_card_testing,-0.18995524197025948,0.9997644314224183,True,0.0,1.0,0.8856024183364811,12,False,0.0,0.0,-0.16,-0.03,0.0,0.0,-0.19,20260813,V2,full,20261722,20261590,72,20,6
21,fresh_bandit_v2,synthetic_identity_bustout|1.34|0.77|0.48|0.24|0.36|0.83|0.66,synthetic_identity_bustout,-0.1824133318029336,0.960070167383861,True,0.0,1.0,0.9081893711288269,12,False,0.0,0.0,-0.16,-0.03,0.0,0.0,-0.19,20260813,V2,full,20261722,20261590,72,20,6
22,fresh_bandit_v2,agentic_intent_hijack|2.2|0.65|0.17|0.1|0.57|0.53|0.63,agentic_intent_hijack,-0.1708883519848066,0.8994123788674031,True,0.0,1.0,0.9320266017602746,12,False,0.0,0.0,-0.16,-0.03,0.0,0.0,-0.19,20260813,V2,full,20261722,20261590,72,20,6
23,fresh_bandit_v2,deepfake_account_takeover|2.12|1.05|0.62|0.88|0.94|0.98|0.69,deepfake_account_takeover,-0.15995626964639725,0.8418751034020908,True,0.0,1.0,0.9461296771956431,12,False,0.0,0.0,-0.16,-0.03,0.0,0.0,-0.19,20260813,V2,full,20261722,20261590,72,20,6
24,fresh_bandit_v2,ai_app_scam_mule|1.22|1.1|0.23|0.97|0.26|0.33|0.8,ai_app_scam_mule,-0.16814744752927763,0.8849865659435665,True,0.0,1.0,0.9407111401978892,12,False,0.0,0.0,-0.16,-0.03,0.0,0.0,-0.19,20260813,V2,full,20261722,20261590,72,20,6
25,fresh_bandit_v2,fake_merchant_collusion|0.48|0.76|0.42|0.33|0.98|0.83|0.66,fake_merchant_collusion,-0.1864579766549567,0.9813577718681932,True,0.0,1.0,0.9175660847599554,12,False,0.0,0.0,-0.16,-0.03,0.0,0.0,-0.19,20260813,V2,full,20261722,20261590,72,20,6
26,fresh_bandit_v2,adaptive_card_testing|1.3|0.46|0.17|0.06|0.53|0.7|0.76,adaptive_card_testing,-0.18606838766994765,0.9793073035260402,True,0.0,1.0,0.9017691082760426,12,False,0.0,0.0,-0.16,-0.03,0.0,0.0,-0.19,20260813,V2,full,20261722,20261590,72,20,6
27,fresh_bandit_v2,deepfake_account_takeover|1.45|0.95|0.74|0.34|0.13|0.68|0.63,deepfake_account_takeover,-0.16135732262654476,0.8492490664554987,True,0.0,1.0,0.9335697575629327,12,False,0.0,0.0,-0.16,-0.03,0.0,0.0,-0.19,20260813,V2,full,20261722,20261590,72,20,6
28,fresh_bandit_v2,agentic_intent_hijack|0.55|1.54|0.05|0.42|0.32|0.54|0.94,agentic_intent_hijack,-0.17079589207816873,0.8989257477798354,True,0.0,1.0,0.9106138264078583,12,False,0.0,0.0,-0.16,-0.03,0.0,0.0,-0.19,20260813,V2,full,20261722,20261590,72,20,6
29,fresh_bandit_v2,fake_merchant_collusion|1.48|1.71|0.22|0.05|0.5|0.98|0.89,fake_merchant_collusion,-0.18312684282305708,0.9638254885424057,True,0.0,1.0,0.9030921131430284,12,False,0.0,0.0,-0.16,-0.03,0.0,0.0,-0.19,20260813,V2,full,20261722,20261590,72,20,6
30,fresh_bandit_v2,agentic_intent_hijack|1.64|0.78|0.5|0.21|0.62|0.98|0.66,agentic_intent_hijack,-0.17133022860330968,0.9017380452805772,True,0.0,1.0,0.9254106839555133,12,False,0.0,0.0,-0.16,-0.03,0.0,0.0,-0.19,20260813,V2,full,20261722,20261590,72,20,6
31,fresh_bandit_v2,synthetic_identity_bustout|1.0|0.67|0.19|0.05|0.94|0.87|0.89,synthetic_identity_bustout,-0.18822120105261553,0.9906379002769238,True,0.0,1.0,0.9313216142282069,12,False,0.0,0.0,-0.16,-0.03,0.0,0.0,-0.19,20260813,V2,full,20261722,20261590,72,20,6
32,fresh_bandit_v2,adaptive_card_testing|0.93|0.64|0.41|0.42|0.33|0.46|0.42,adaptive_card_testing,-0.1826991302744039,0.9615743698652837,True,0.0,1.0,0.9170814425086401,12,False,0.0,0.0,-0.16,-0.03,0.0,0.0,-0.19,20260813,V2,full,20261722,20261590,72,20,6
33,fresh_bandit_v2,ai_app_scam_mule|1.22|1.1|0.23|0.97|0.26|0.33|0.8,ai_app_scam_mule,-0.16529744752927764,0.8699865659435665,True,0.0,1.0,0.9397951811574624,12,False,0.0,0.0,-0.16,-0.03,0.0,0.0,-0.19,20260813,V2,full,20261722,20261590,72,20,6
34,fresh_bandit_v2,deepfake_account_takeover|1.12|0.61|0.37|0.21|0.45|0.84|0.65,deepfake_account_takeover,-0.16619730751251613,0.8747226711185059,True,0.0,1.0,0.938338692752014,12,False,0.0,0.0,-0.16,-0.03,0.0,0.0,-0.19,20260813,V2,full,20261722,20261590,72,20,6
35,fresh_bandit_v2,adaptive_card_testing|1.07|1.59|0.05|0.05|0.55|0.98|0.5,adaptive_card_testing,-0.1817426,0.9565400000000001,True,0.0,1.0,0.8574009878252086,12,False,0.0,0.0,-0.16,-0.03,0.0,0.0,-0.19,20260813,V2,full,20261722,20261590,72,20,6
36,fresh_bandit_v2,deepfake_account_takeover|2.12|1.05|0.62|0.88|0.94|0.98|0.69,deepfake_account_takeover,-0.16090626964639723,0.8468751034020907,True,0.0,1.0,0.9463632243758707,12,False,0.0,0.0,-0.16,-0.03,0.0,0.0,-0.19,20260813,V2,full,20261722,20261590,72,20,6
37,fresh_bandit_v2,ai_app_scam_mule|0.62|0.93|0.2|0.47|0.08|0.98|0.74,ai_app_scam_mule,-0.1663921626192409,0.8757482243117942,True,0.0,1.0,0.9325242458453387,12,False,0.0,0.0,-0.16,-0.03,0.0,0.0,-0.19,20260813,V2,full,20261722,20261590,72,20,6
38,fresh_bandit_v2,fake_merchant_collusion|0.92|2.0|0.55|0.05|0.5|0.62|0.81,fake_merchant_collusion,-0.18348360883995893,0.9657032044208365,True,0.0,1.0,0.8903567767336394,12,False,0.0,0.0,-0.16,-0.03,0.0,0.0,-0.19,20260813,V2,full,20261722,20261590,72,20,6
39,fresh_bandit_v2,synthetic_identity_bustout|0.66|1.45|0.19|0.44|0.16|0.72|0.75,synthetic_identity_bustout,-0.18289412367056226,0.9626006508976961,True,0.0,1.0,0.909594448663769,12,False,0.0,0.0,-0.16,-0.03,0.0,0.0,-0.19,20260813,V2,full,20261722,20261590,72,20,6
40,fresh_bandit_v2,agentic_intent_hijack|1.64|0.78|0.5|0.21|0.62|0.98|0.66,agentic_intent_hijack,-0.17085522860330968,0.8992380452805773,True,0.0,1.0,0.9328526262499269,12,False,0.0,0.0,-0.16,-0.03,0.0,0.0,-0.19,20260813,V2,full,20261722,20261590,72,20,6
41,fresh_bandit_v2,agentic_intent_hijack|0.73|1.3|0.12|0.15|0.98|0.66|0.58,agentic_intent_hijack,-0.1708739139452867,0.8993363891857195,True,0.0,1.0,0.9358800830655379,12,False,0.0,0.0,-0.16,-0.03,0.0,0.0,-0.19,20260813,V2,full,20261722,20261590,72,20,6
42,fresh_bandit_v2,fake_merchant_collusion|1.01|0.9|0.2|0.56|0.72|0.97|0.69,fake_merchant_collusion,-0.18727045485886207,0.9856339729413792,True,0.0,1.0,0.9181254620478748,12,False,0.0,0.0,-0.16,-0.03,0.0,0.0,-0.19,20260813,V2,full,20261722,20261590,72,20,6
43,fresh_bandit_v2,agentic_intent_hijack|0.55|1.54|0.05|0.42|0.32|0.54|0.94,agentic_intent_hijack,-0.16414589207816874,0.8639257477798354,True,0.0,1.0,0.9145466465638435,12,False,0.0,0.0,-0.16,-0.03,0.0,0.0,-0.19,20260813,V2,full,20261722,20261590,72,20,6
44,fresh_bandit_v2,deepfake_account_takeover|0.85|0.86|0.39|0.21|0.45|0.66|0.83,deepfake_account_takeover,-0.1654844859875558,0.8709709788818726,True,0.0,1.0,0.9380320723517211,12,False,0.0,0.0,-0.16,-0.03,0.0,0.0,-0.19,20260813,V2,full,20261722,20261590,72,20,6
45,fresh_bandit_v2,deepfake_account_takeover|0.6|0.75|0.9|0.59|0.32|0.75|0.59,deepfake_account_takeover,-0.1675687206081823,0.8819406347799067,True,0.0,1.0,0.9403233914796302,12,False,0.0,0.0,-0.16,-0.03,0.0,0.0,-0.19,20260813,V2,full,20261722,20261590,72,20,6
46,fresh_bandit_v2,adaptive_card_testing|0.94|1.46|0.48|0.05|0.05|0.73|0.85,adaptive_card_testing,-0.1752611455265901,0.9224270817188953,True,0.0,1.0,0.8213000382911767,12,False,0.0,0.0,-0.16,-0.03,0.0,0.0,-0.19,20260813,V2,full,20261722,20261590,72,20,6
47,fresh_bandit_v2,ai_app_scam_mule|0.45|2.04|0.05|0.73|0.31|0.5|0.56,ai_app_scam_mule,-0.16437111009905037,0.8651111057844756,True,0.0,1.0,0.9134380879254178,12,False,0.0,0.0,-0.16,-0.03,0.0,0.0,-0.19,20260813,V2,full,20261722,20261590,72,20,6
48,fresh_bandit_v2,deepfake_account_takeover|2.12|1.05|0.62|0.88|0.94|0.98|0.69,deepfake_account_takeover,-0.16233126964639724,0.8543751034020908,True,0.0,1.0,0.9471636652477131,12,False,0.0,0.0,-0.16,-0.03,0.0,0.0,-0.19,20260813,V2,full,20261722,20261590,72,20,6
49,fresh_bandit_v2,synthetic_identity_bustout|0.77|0.52|0.05|0.05|0.37|0.96|0.82,synthetic_identity_bustout,-0.1817426,0.95654,True,0.0,1.0,0.8952143482862626,12,False,0.0,0.0,-0.16,-0.03,0.0,0.0,-0.19,20260813,V2,full,20261722,20261590,72,20,6
50,fresh_bandit_v2,agentic_intent_hijack|2.2|0.65|0.17|0.1|0.57|0.53|0.63,agentic_intent_hijack,-0.1647133519848066,0.8669123788674031,True,0.0,1.0,0.9322379297719968,12,False,0.0,0.0,-0.16,-0.03,0.0,0.0,-0.19,20260813,V2,full,20261722,20261590,72,20,6
51,fresh_bandit_v2,adaptive_card_testing|0.93|0.64|0.41|0.42|0.33|0.46|0.42,adaptive_card_testing,-0.1850741302744039,0.9740743698652836,True,0.0,1.0,0.9033459388448907,12,False,0.0,0.0,-0.16,-0.03,0.0,0.0,-0.19,20260813,V2,full,20261722,20261590,72,20,6
52,fresh_bandit_v2,agentic_intent_hijack|1.22|1.06|0.68|0.19|0.98|0.75|0.85,agentic_intent_hijack,-0.17419898498608577,0.9168367630846619,True,0.0,1.0,0.9342478048351683,12,False,0.0,0.0,-0.16,-0.03,0.0,0.0,-0.19,20260813,V2,full,20261722,20261590,72,20,6
53,fresh_bandit_v2,fake_merchant_collusion|1.6|1.4|0.19|0.22|0.98|0.53|0.5,fake_merchant_collusion,-0.1898389544548943,0.9991523918678646,True,0.0,1.0,0.9249374079901301,12,False,0.0,0.0,-0.16,-0.03,0.0,0.0,-0.19,20260813,V2,full,20261722,20261590,72,20,6
54,fresh_bandit_v2,deepfake_account_takeover|1.23|0.83|0.69|0.19|0.28|0.98|0.53,deepfake_account_takeover,-0.16571567288151073,0.8721877520079513,True,0.0,1.0,0.9382147563917403,12,False,0.0,0.0,-0.16,-0.03,0.0,0.0,-0.19,20260813,V2,full,20261722,20261590,72,20,6
55,fresh_bandit_v2,agentic_intent_hijack|0.55|1.54|0.05|0.42|0.32|0.54|0.94,agentic_intent_hijack,-0.16699589207816873,0.8789257477798353,True,0.0,1.0,0.9026205862789562,12,False,0.0,0.0,-0.16,-0.03,0.0,0.0,-0.19,20260813,V2,full,20261722,20261590,72,20,6
56,fresh_bandit_v2,deepfake_account_takeover|2.12|1.05|0.62|0.88|0.94|0.98|0.69,deepfake_account_takeover,-0.16518126964639726,0.8693751034020908,True,0.0,1.0,0.9460303975342984,12,False,0.0,0.0,-0.16,-0.03,0.0,0.0,-0.19,20260813,V2,full,20261722,20261590,72,20,6
57,fresh_bandit_v2,adaptive_card_testing|1.3|0.46|0.17|0.06|0.53|0.7|0.76,adaptive_card_testing,-0.18511838766994768,0.9743073035260403,True,0.0,1.0,0.9032225457731506,12,False,0.0,0.0,-0.16,-0.03,0.0,0.0,-0.19,20260813,V2,full,20261722,20261590,72,20,6
58,fresh_bandit_v2,adaptive_card_testing|1.07|1.59|0.05|0.05|0.55|0.98|0.5,adaptive_card_testing,-0.1836426,0.96654,True,0.0,1.0,0.8783711314775301,12,False,0.0,0.0,-0.16,-0.03,0.0,0.0,-0.19,20260813,V2,full,20261722,20261590,72,20,6
59,fresh_bandit_v2,fake_merchant_collusion|0.48|0.76|0.42|0.33|0.98|0.83|0.66,fake_merchant_collusion,-0.18689202334504332,0.9836422281318069,True,0.0,1.0,0.9103476447860724,12,False,0.0,0.0,-0.16,-0.03,0.0,0.0,-0.19,20260813,V2,full,20261722,20261590,72,20,6
60,fresh_bandit_v2,ai_app_scam_mule|1.27|0.81|0.13|0.93|0.62|0.94|0.7,ai_app_scam_mule,-0.17345854420134188,0.9129397063228519,True,0.0,1.0,0.9343584017483745,12,False,0.0,0.0,-0.16,-0.03,0.0,0.0,-0.19,20260813,V2,full,20261722,20261590,72,20,6
61,fresh_bandit_v2,deepfake_account_takeover|0.85|0.86|0.39|0.21|0.45|0.66|0.83,deepfake_account_takeover,-0.1673844859875558,0.8809709788818725,True,0.0,1.0,0.9356796933091703,12,False,0.0,0.0,-0.16,-0.03,0.0,0.0,-0.19,20260813,V2,full,20261722,20261590,72,20,6
62,fresh_bandit_v2,deepfake_account_takeover|0.6|0.75|0.9|0.59|0.32|0.75|0.59,deepfake_account_takeover,-0.1720562793918177,0.9055593652200931,True,0.0,1.0,0.9340280238786924,12,False,0.0,0.0,-0.16,-0.03,0.0,0.0,-0.19,20260813,V2,full,20261722,20261590,72,20,6
63,fresh_bandit_v2,agentic_intent_hijack|2.2|0.65|0.17|0.1|0.57|0.53|0.63,agentic_intent_hijack,-0.16993835198480656,0.894412378867403,True,0.0,1.0,0.9310846419036486,12,False,0.0,0.0,-0.16,-0.03,0.0,0.0,-0.19,20260813,V2,full,20261722,20261590,72,20,6
64,fresh_bandit_v2,synthetic_identity_bustout|1.0|0.67|0.19|0.05|0.94|0.87|0.89,synthetic_identity_bustout,-0.1853712010526155,0.9756379002769238,True,0.0,1.0,0.9102349436081827,12,False,0.0,0.0,-0.16,-0.03,0.0,0.0,-0.19,20260813,V2,full,20261722,20261590,72,20,6
65,fresh_bandit_v2,adaptive_card_testing|0.93|0.64|0.41|0.42|0.33|0.46|0.42,adaptive_card_testing,-0.17889913027440393,0.9415743698652839,True,0.0,1.0,0.914948308155921,12,False,0.0,0.0,-0.16,-0.03,0.0,0.0,-0.19,20260813,V2,full,20261722,20261590,72,20,6
66,fresh_bandit_v2,ai_app_scam_mule|0.45|2.04|0.05|0.73|0.31|0.5|0.56,ai_app_scam_mule,-0.15914611009905036,0.8376111057844756,True,0.0,1.0,0.938761128909388,12,False,0.0,0.0,-0.16,-0.03,0.0,0.0,-0.19,20260813,V2,full,20261722,20261590,72,20,6
67,fresh_bandit_v2,agentic_intent_hijack|0.55|1.54|0.05|0.42|0.32|0.54|0.94,agentic_intent_hijack,-0.16367089207816873,0.8614257477798354,True,0.0,1.0,0.9166158185507741,12,False,0.0,0.0,-0.16,-0.03,0.0,0.0,-0.19,20260813,V2,full,20261722,20261590,72,20,6
68,fresh_bandit_v2,agentic_intent_hijack|1.22|1.06|0.68|0.19|0.98|0.75|0.85,agentic_intent_hijack,-0.17229898498608576,0.9068367630846619,True,0.0,1.0,0.936163447867428,12,False,0.0,0.0,-0.16,-0.03,0.0,0.0,-0.19,20260813,V2,full,20261722,20261590,72,20,6
69,fresh_bandit_v2,synthetic_identity_bustout|0.66|1.45|0.19|0.44|0.16|0.72|0.75,synthetic_identity_bustout,-0.18146912367056225,0.9551006508976961,True,0.0,1.0,0.9011597715397204,12,False,0.0,0.0,-0.16,-0.03,0.0,0.0,-0.19,20260813,V2,full,20261722,20261590,72,20,6
70,fresh_bandit_v2,ai_app_scam_mule|0.62|0.93|0.2|0.47|0.08|0.98|0.74,ai_app_scam_mule,-0.1663921626192409,0.8757482243117942,True,0.0,1.0,0.9259047605984351,12,False,0.0,0.0,-0.16,-0.03,0.0,0.0,-0.19,20260813,V2,full,20261722,20261590,72,20,6
71,fresh_bandit_v2,fake_merchant_collusion|1.48|1.71|0.22|0.05|0.5|0.98|0.89,fake_merchant_collusion,-0.1855018428230571,0.9763254885424058,True,0.0,1.0,0.8956653240836095,12,False,0.0,0.0,-0.16,-0.03,0.0,0.0,-0.19,20260813,V2,full,20261722,20261590,72,20,6
0,fresh_bandit_v0,agentic_intent_hijack|1.65|1.59|0.43|0.05|0.97|0.98|0.93,agentic_intent_hijack,0.35248381847857707,0.9164550613332367,True,76.47496052113677,0.9166666666666666,0.6361772415718306,12,True,0.15294992104227353,0.20833333333333343,-0.14666666666666667,-0.03,0.2,0.0,0.38461658770894025,20260814,V0,full,20261723,20261591,72,20,6
1,fresh_bandit_v0,deepfake_account_takeover|0.73|0.51|0.85|0.31|0.3|0.97|0.66,deepfake_account_takeover,-0.16536561358230736,0.870345334643723,True,0.0,1.0,0.9395333563263826,12,False,0.0,0.0,-0.16,-0.03,0.0,0.0,-0.19,20260814,V0,full,20261723,20261591,72,20,6
2,fresh_bandit_v0,ai_app_scam_mule|0.86|1.74|0.19|0.88|0.33|0.69|0.9,ai_app_scam_mule,-0.16543645199551774,0.8707181683974617,True,0.0,1.0,0.9337022114716746,12,False,0.0,0.0,-0.16,-0.03,0.0,0.0,-0.19,20260814,V0,full,20261723,20261591,72,20,6
3,fresh_bandit_v0,fake_merchant_collusion|0.46|0.98|0.21|0.05|0.98|0.91|0.63,fake_merchant_collusion,0.28098576307338863,0.9915897512645908,True,25.851149949719364,0.9166666666666666,0.620583364008657,12,True,0.051702299899438725,0.20833333333333343,-0.14666666666666667,-0.03,0.2,0.0,0.28336896656610544,20260814,V0,full,20261723,20261591,72,20,6
4,fresh_bandit_v0,fake_merchant_collusion|1.92|0.76|0.47|0.17|0.8|0.72|0.79,fake_merchant_collusion,0.3528381256218285,0.9889681311837231,True,62.55367151358054,0.9166666666666666,0.6899870427798053,12,True,0.1251073430271611,0.20833333333333343,-0.14666666666666667,-0.03,0.2,0.0,0.3567740096938279,20260814,V0,full,20261723,20261591,72,20,6
5,fresh_bandit_v0,agentic_intent_hijack|0.47|0.46|0.22|0.31|0.69|0.88|0.76,agentic_intent_hijack,-0.1721203134921382,0.9058963868007273,True,0.0,1.0,0.9218123555271206,12,False,0.0,0.0,-0.16,-0.03,0.0,0.0,-0.19,20260814,V0,full,20261723,20261591,72,20,6
6,fresh_bandit_v0,synthetic_identity_bustout|1.53|1.28|0.14|0.06|0.42|0.84|0.66,synthetic_identity_bustout,-0.18072279009163197,0.951172579429642,True,0.0,1.0,0.9063407709709733,12,False,0.0,0.0,-0.16,-0.03,0.0,0.0,-0.19,20260814,V0,full,20261723,20261591,72,20,6
7,fresh_bandit_v0,adaptive_card_testing|1.33|0.67|0.07|0.49|0.68|0.55|0.6,adaptive_card_testing,-0.18756765963262303,0.9871982085927529,True,0.0,1.0,0.9262829972153269,12,False,0.0,0.0,-0.16,-0.03,0.0,0.0,-0.19,20260814,V0,full,20261723,20261591,72,20,6
8,fresh_bandit_v0,deepfake_account_takeover|0.63|2.1|0.43|0.47|0.35|0.98|0.89,deepfake_account_takeover,-0.17181035200790903,0.9042650105679423,True,0.0,1.0,0.9357754173469331,12,False,0.0,0.0,-0.16,-0.03,0.0,0.0,-0.19,20260814,V0,full,20261723,20261591,72,20,6
9,fresh_bandit_v0,agentic_intent_hijack|1.65|1.59|0.43|0.05|0.97|0.98|0.93,agentic_intent_hijack,-0.171673538346685,0.9035449386667631,True,0.0,1.0,0.6591063210553662,12,False,0.0,0.0,-0.16,-0.03,0.0,0.0,-0.19,20260814,V0,full,20261723,20261591,72,20,6
10,fresh_bandit_v0,adaptive_card_testing|0.46|1.03|0.5|0.05|0.47|0.89|0.61,adaptive_card_testing,-0.18984775082361197,0.9991986885453261,True,0.0,1.0,0.8781485700122595,12,False,0.0,0.0,-0.16,-0.03,0.0,0.0,-0.19,20260814,V0,full,20261723,20261591,72,20,6
11,fresh_bandit_v0,fake_merchant_collusion|0.69|1.56|0.23|0.05|0.98|0.61|0.72,fake_merchant_collusion,-0.18992978390282872,0.9996304415938353,True,0.0,1.0,0.749320498822604,12,False,0.0,0.0,-0.16,-0.03,0.0,0.0,-0.19,20260814,V0,full,20261723,20261591,72,20,6
12,fresh_bandit_v0,fake_merchant_collusion|1.38|0.68|0.67|0.47|0.78|0.9|0.81,fake_merchant_collusion,0.25915850215204383,0.9738885785563374,True,17.220132873351396,0.9166666666666666,0.8234672850373165,12,True,0.034440265746702795,0.20833333333333343,-0.14666666666666667,-0.03,0.2,0.0,0.2661069324133696,20260814,V0,full,20261723,20261591,72,20,6
13,fresh_bandit_v0,ai_app_scam_mule|1.27|0.73|0.05|0.28|0.22|0.72|0.75,ai_app_scam_mule,-0.15628380096135122,0.822546320849217,True,0.0,1.0,0.9355288780485513,12,False,0.0,0.0,-0.16,-0.03,0.0,0.0,-0.19,20260814,V0,full,20261723,20261591,72,20,6
14,fresh_bandit_v0,deepfake_account_takeover|0.87|0.99|0.94|0.51|0.74|0.61|0.8,deepfake_account_takeover,-0.17350972186712127,0.913209062458533,True,0.0,1.0,0.9477096900950513,12,False,0.0,0.0,-0.16,-0.03,0.0,0.0,-0.19,20260814,V0,full,20261723,20261591,72,20,6
15,fresh_bandit_v0,fake_merchant_collusion|1.74|1.59|0.5|0.05|0.69|0.7|0.67,fake_merchant_collusion,0.9395192531256822,0.9814506121566392,True,141.13806975533026,0.75,0.5872684288422466,12,True,0.28227613951066055,0.625,-0.12,-0.03,0.2,0.0,0.9572761395106606,20260814,V0,full,20261723,20261591,72,20,6
16,fresh_bandit_v0,fake_merchant_collusion|1.74|1.59|0.5|0.05|0.69|0.7|0.67,fake_merchant_collusion,0.5092846730915555,0.983950612156639,True,132.1291848727196,0.8333333333333334,0.6560909018218818,12,False,0.2642583697454392,0.4166666666666666,-0.13333333333333333,-0.03,0.0,0.0,0.5175917030787724,20260814,V0,full,20261723,20261591,72,20,6
17,fresh_bandit_v0,fake_merchant_collusion|1.74|1.59|0.5|0.05|0.69|0.7|0.67,fake_merchant_collusion,3.6537470416015823,0.973950612156639,True,1527.4019431767424,0.6666666666666666,0.5173111401338099,12,False,3.054803886353485,0.8333333333333335,-0.10666666666666666,-0.03,0.0,0.0,3.751470553020152,20260814,V0,full,20261723,20261591,72,20,6
18,fresh_bandit_v0,fake_merchant_collusion|1.74|1.59|0.5|0.05|0.69|0.7|0.67,fake_merchant_collusion,1.6434558641188983,0.9739506121566393,True,606.2059557259067,0.75,0.572246890257604,12,False,1.2124119114518135,0.625,-0.12,-0.03,0.0,0.0,1.6874119114518134,20260814,V0,full,20261723,20261591,72,20,6
19,fresh_bandit_v0,fake_merchant_collusion|1.74|1.59|0.5|0.05|0.69|0.7|0.67,fake_merchant_collusion,0.07657749884169096,0.9564506121566392,True,24.198790577916604,0.9166666666666666,0.7449705087337298,12,False,0.04839758115583321,0.20833333333333343,-0.14666666666666667,-0.03,0.0,0.0,0.08006424782249996,20260814,V0,full,20261723,20261591,72,20,6
20,fresh_bandit_v0,fake_merchant_collusion|1.74|1.59|0.5|0.05|0.69|0.7|0.67,fake_merchant_collusion,1.4498753054591902,0.9689506121566391,True,399.83447174815285,0.6666666666666666,0.5498604451645309,12,False,0.7996689434963057,0.8333333333333335,-0.10666666666666666,-0.03,0.0,0.0,1.4963356101629723,20260814,V0,full,20261723,20261591,72,20,6
21,fresh_bandit_v0,fake_merchant_collusion|1.74|1.59|0.5|0.05|0.69|0.7|0.67,fake_merchant_collusion,0.43078933073147196,0.9814506121566391,True,92.79895157002474,0.8333333333333334,0.5758164028451686,12,False,0.18559790314004948,0.4166666666666666,-0.13333333333333333,-0.03,0.0,0.0,0.4389312364733827,20260814,V0,full,20261723,20261591,72,20,6
22,fresh_bandit_v0,fake_merchant_collusion|1.74|1.59|0.5|0.05|0.69|0.7|0.67,fake_merchant_collusion,0.8063811950923684,0.9789506121566391,True,174.3599983894497,0.75,0.5563991490109772,12,False,0.34871999677889937,0.625,-0.12,-0.03,0.0,0.0,0.8237199967788994,20260814,V0,full,20261723,20261591,72,20,6
23,fresh_bandit_v0,fake_merchant_collusion|1.74|1.59|0.5|0.05|0.69|0.7|0.67,fake_merchant_collusion,2.836809118000512,0.9764506121566391,True,1104.2793654978902,0.6666666666666666,0.5008619108497182,12,False,2.2085587309957804,0.8333333333333335,-0.10666666666666666,-0.03,0.0,0.0,2.9052253976624476,20260814,V0,full,20261723,20261591,72,20,6
24,fresh_bandit_v0,fake_merchant_collusion|1.74|1.59|0.5|0.05|0.69|0.7|0.67,fake_merchant_collusion,2.9340724896962214,0.9889506121566392,True,1245.9272074000676,0.75,0.5142844172113197,12,False,2.491854414800135,0.625,-0.12,-0.03,0.0,0.0,2.9668544148001352,20260814,V0,full,20261723,20261591,72,20,6
25,fresh_bandit_v0,fake_merchant_collusion|1.74|1.59|0.5|0.05|0.69|0.7|0.67,fake_merchant_collusion,0.427281018523129,0.9864506121566391,True,89.90830082662777,0.8333333333333334,0.6692376356996138,12,False,0.17981660165325553,0.4166666666666666,-0.13333333333333333,-0.03,0.0,0.0,0.4331499349865888,20260814,V0,full,20261723,20261591,72,20,6
26,fresh_bandit_v0,fake_merchant_collusion|1.74|1.59|0.5|0.05|0.69|0.7|0.67,fake_merchant_collusion,2.616575228156276,0.983950612156639,True,1092.1273186015017,0.75,0.49555952951355914,12,False,2.1842546372030034,0.625,-0.12,-0.03,0.0,0.0,2.6592546372030035,20260814,V0,full,20261723,20261591,72,20,6
27,fresh_bandit_v0,fake_merchant_collusion|1.74|1.59|0.5|0.05|0.69|0.7|0.67,fake_merchant_collusion,0.35426854489323917,0.9689506121566391,True,56.143757543049766,0.8333333333333334,0.5991501580045068,12,False,0.11228751508609953,0.4166666666666666,-0.13333333333333333,-0.03,0.0,0.0,0.36562084841943276,20260814,V0,full,20261723,20261591,72,20,6
28,fresh_bandit_v0,fake_merchant_collusion|1.74|1.59|0.5|0.05|0.69|0.7|0.67,fake_merchant_collusion,0.8646991611847434,0.993950612156639,True,197.48094905769497,0.75,0.6234774317618749,12,False,0.39496189811538995,0.625,-0.12,-0.03,0.0,0.0,0.8699618981153899,20260814,V0,full,20261723,20261591,72,20,6
29,fresh_bandit_v0,fake_merchant_collusion|1.74|1.59|0.5|0.05|0.69|0.7|0.67,fake_merchant_collusion,2.0222478445341934,0.9564506121566392,True,819.6627111902601,0.75,0.4868865463028427,12,False,1.6393254223805203,0.625,-0.12,-0.03,0.0,0.0,2.1143254223805203,20260814,V0,full,20261723,20261591,72,20,6
30,fresh_bandit_v0,fake_merchant_collusion|1.74|1.59|0.5|0.05|0.69|0.7|0.67,fake_merchant_collusion,6.282926751182547,0.9885493878433609,True,2607.8517231645383,0.5,0.4391853949343845,12,False,5.215703446329076,1.25,-0.08,-0.03,0.0,0.0,6.355703446329076,20260814,V0,full,20261723,20261591,72,20,6
31,fresh_bandit_v0,fake_merchant_collusion|1.74|1.59|0.5|0.05|0.69|0.7|0.67,fake_merchant_collusion,1.0100637116684097,0.983950612156639,True,275.7695173869223,0.75,0.5261631415193335,12,False,0.5515390347738446,0.625,-0.12,-0.03,0.0,0.0,1.0265390347738446,20260814,V0,full,20261723,20261591,72,20,6
32,fresh_bandit_v0,fake_merchant_collusion|1.74|1.59|0.5|0.05|0.69|0.7|0.67,fake_merchant_collusion,1.7365542920982495,0.9689506121566391,True,547.7671852643682,0.6666666666666666,0.49297832579312323,12,False,1.0955343705287364,0.8333333333333335,-0.10666666666666666,-0.03,0.0,0.0,1.7922010371954031,20260814,V0,full,20261723,20261591,72,20,6
33,fresh_bandit_v0,fake_merchant_collusion|1.74|1.59|0.5|0.05|0.69|0.7|0.67,fake_merchant_collusion,2.0890135031373185,0.9689506121566391,True,729.6439530877474,0.6666666666666666,0.3967804291808237,12,False,1.4592879061754949,0.8333333333333335,-0.10666666666666666,-0.03,0.0,0.0,2.155954572842162,20260814,V0,full,20261723,20261591,72,20,6
34,fresh_bandit_v0,fake_merchant_collusion|1.74|1.59|0.5|0.05|0.69|0.7|0.67,fake_merchant_collusion,1.1827036826365431,0.9889506121566392,True,360.45892135471746,0.75,0.5878882754556224,12,False,0.7209178427094349,0.625,-0.12,-0.03,0.0,0.0,1.195917842709435,20260814,V0,full,20261723,20261591,72,20,6
35,fresh_bandit_v0,fake_merchant_collusion|1.74|1.59|0.5|0.05|0.69|0.7|0.67,fake_merchant_collusion,1.160483759612281,0.993950612156639,True,346.27335122029064,0.75,0.5860971060212904,12,False,0.6925467024405813,0.625,-0.12,-0.03,0.0,0.0,1.1675467024405812,20260814,V0,full,20261723,20261591,72,20,6
36,fresh_bandit_v0,fake_merchant_collusion|1.74|1.59|0.5|0.05|0.69|0.7|0.67,fake_merchant_collusion,0.8819603854146197,0.9439506121566391,True,229.66447558607408,0.75,0.5049289442375214,12,False,0.45932895117214817,0.625,-0.12,-0.03,0.0,0.0,0.9343289511721481,20260814,V0,full,20261723,20261591,72,20,6
37,fresh_bandit_v0,fake_merchant_collusion|1.74|1.59|0.5|0.05|0.69|0.7|0.67,fake_merchant_collusion,0.12717909237370476,0.9564506121566392,True,50.651590591246865,0.9166666666666666,0.6735365296617112,12,False,0.10130318118249373,0.20833333333333343,-0.14666666666666667,-0.03,0.0,0.0,0.13296984784916052,20260814,V0,full,20261723,20261591,72,20,6
38,fresh_bandit_v0,fake_merchant_collusion|1.74|1.59|0.5|0.05|0.69|0.7|0.67,fake_merchant_collusion,2.3477483665721888,0.9739506121566393,True,967.7707484692269,0.75,0.5792530965719802,12,False,1.9355414969384537,0.625,-0.12,-0.03,0.0,0.0,2.4105414969384538,20260814,V0,full,20261723,20261591,72,20,6
39,fresh_bandit_v0,fake_merchant_collusion|1.74|1.59|0.5|0.05|0.69|0.7|0.67,fake_merchant_collusion,0.6450742449090193,0.996049387843361,True,197.14972877619866,0.8333333333333334,0.7408528295829254,12,False,0.3942994575523973,0.4166666666666666,-0.13333333333333333,-0.03,0.0,0.0,0.6476327908857306,20260814,V0,full,20261723,20261591,72,20,6
40,fresh_bandit_v0,fake_merchant_collusion|1.74|1.59|0.5|0.05|0.69|0.7|0.67,fake_merchant_collusion,3.1028841606698956,0.9889506121566392,True,1552.9427625241367,0.9166666666666666,0.5737740899851821,12,False,3.1058855250482735,0.20833333333333343,-0.14666666666666667,-0.03,0.0,0.0,3.1375521917149407,20260814,V0,full,20261723,20261591,72,20,6
41,fresh_bandit_v0,fake_merchant_collusion|1.74|1.59|0.5|0.05|0.69|0.7|0.67,fake_merchant_collusion,0.8391571667731624,0.9589506121566391,True,200.03930397204377,0.75,0.5858580800491511,12,False,0.40007860794408756,0.625,-0.12,-0.03,0.0,0.0,0.8750786079440876,20260814,V0,full,20261723,20261591,72,20,6
42,fresh_bandit_v0,fake_merchant_collusion|1.74|1.59|0.5|0.05|0.69|0.7|0.67,fake_merchant_collusion,4.44647248789482,0.9839506121566391,True,1800.3331664341883,0.5833333333333334,0.4559447749611552,12,False,3.600666332868377,1.0416666666666665,-0.09333333333333334,-0.03,0.0,0.0,4.518999666201709,20260814,V0,full,20261723,20261591,72,20,6
43,fresh_bandit_v0,fake_merchant_collusion|1.74|1.59|0.5|0.05|0.69|0.7|0.67,fake_merchant_collusion,1.0058419548584512,0.9564506121566391,True,288.32012185158356,0.75,0.5466184850010326,12,False,0.5766402437031671,0.625,-0.12,-0.03,0.0,0.0,1.051640243703167,20260814,V0,full,20261723,20261591,72,20,6
44,fresh_bandit_v0,fake_merchant_collusion|1.74|1.59|0.5|0.05|0.69|0.7|0.67,fake_merchant_collusion,1.7814219844463655,0.9564506121566391,True,582.933771211433,0.6666666666666666,0.5735158126232615,12,False,1.1658675424228662,0.8333333333333335,-0.10666666666666666,-0.03,0.0,0.0,1.862534209089533,20260814,V0,full,20261723,20261591,72,20,6
45,fresh_bandit_v0,fake_merchant_collusion|1.74|1.59|0.5|0.05|0.69|0.7|0.67,fake_merchant_collusion,2.727712705550626,0.996049387843361,True,1131.765790854332,0.75,0.6142323650980988,12,False,2.263531581708664,0.625,-0.12,-0.03,0.0,0.0,2.738531581708664,20260814,V0,full,20261723,20261591,72,20,6
46,fresh_bandit_v0,fake_merchant_collusion|1.74|1.59|0.5|0.05|0.69|0.7|0.67,fake_merchant_collusion,1.402627113655972,0.9689506121566391,True,375.45335716375945,0.6666666666666666,0.5683871045162803,12,False,0.7509067143275189,0.8333333333333335,-0.10666666666666666,-0.03,0.0,0.0,1.4475733809941858,20260814,V0,full,20261723,20261591,72,20,6
47,fresh_bandit_v0,fake_merchant_collusion|1.74|1.59|0.5|0.05|0.69|0.7|0.67,fake_merchant_collusion,0.8197539844923127,0.983950612156639,True,289.8958997692455,0.8333333333333334,0.5974814157895098,12,False,0.579791799538491,0.4166666666666666,-0.13333333333333333,-0.03,0.0,0.0,0.8331251328718243,20260814,V0,full,20261723,20261591,72,20,6
48,fresh_bandit_v0,fake_merchant_collusion|1.74|1.59|0.5|0.05|0.69|0.7|0.67,fake_merchant_collusion,1.7905163453686617,0.9889506121566392,True,667.7607498083348,0.75,0.5908002916669127,12,False,1.3355214996166695,0.625,-0.12,-0.03,0.0,0.0,1.8105214996166696,20260814,V0,full,20261723,20261591,72,20,6
49,fresh_bandit_v0,fake_merchant_collusion|1.74|1.59|0.5|0.05|0.69|0.7|0.67,fake_merchant_collusion,0.23808279250190648,0.983950612156639,True,105.14976762743167,0.9166666666666666,0.6895866686688938,12,False,0.21029953525486333,0.20833333333333343,-0.14666666666666667,-0.03,0.0,0.0,0.2419662019215301,20260814,V0,full,20261723,20261591,72,20,6
50,fresh_bandit_v0,fake_merchant_collusion|1.74|1.59|0.5|0.05|0.69|0.7|0.67,fake_merchant_collusion,1.5883431473404461,0.9889506121566392,True,454.7113929734186,0.6666666666666666,0.48218930886513395,12,False,0.9094227859468371,0.8333333333333335,-0.10666666666666666,-0.03,0.0,0.0,1.6060894526135039,20260814,V0,full,20261723,20261591,72,20,6
51,fresh_bandit_v0,fake_merchant_collusion|1.74|1.59|0.5|0.05|0.69|0.7|0.67,fake_merchant_collusion,0.40304486524236083,0.9614506121566392,True,82.93581324558129,0.8333333333333334,0.6714775947200278,12,False,0.16587162649116258,0.4166666666666666,-0.13333333333333333,-0.03,0.0,0.0,0.4192049598244958,20260814,V0,full,20261723,20261591,72,20,6
52,fresh_bandit_v0,fake_merchant_collusion|1.74|1.59|0.5|0.05|0.69|0.7|0.67,fake_merchant_collusion,0.9852844539682355,0.9789506121566391,True,265.73501601252536,0.75,0.5625783176661471,12,False,0.5314700320250507,0.625,-0.12,-0.03,0.0,0.0,1.0064700320250506,20260814,V0,full,20261723,20261591,72,20,6
53,fresh_bandit_v0,fake_merchant_collusion|1.74|1.59|0.5|0.05|0.69|0.7|0.67,fake_merchant_collusion,0.9900515708391815,0.9739506121566393,True,381.59913166107896,0.8333333333333334,0.5920227959360127,12,False,0.7631982633221579,0.4166666666666666,-0.13333333333333333,-0.03,0.0,0.0,1.016531596655491,20260814,V0,full,20261723,20261591,72,20,6
54,fresh_bandit_v0,fake_merchant_collusion|1.74|1.59|0.5|0.05|0.69|0.7|0.67,fake_merchant_collusion,1.203942554401471,0.9789506121566391,True,266.5815252156449,0.6666666666666666,0.5359014315480797,12,False,0.5331630504312898,0.8333333333333335,-0.10666666666666666,-0.03,0.0,0.0,1.2298297170979566,20260814,V0,full,20261723,20261591,72,20,6
55,fresh_bandit_v0,fake_merchant_collusion|1.74|1.59|0.5|0.05|0.69|0.7|0.67,fake_merchant_collusion,0.42738507783351976,0.983950612156639,True,90.51144804417754,0.8333333333333334,0.6049373587675169,12,False,0.1810228960883551,0.4166666666666666,-0.13333333333333333,-0.03,0.0,0.0,0.4343562294216883,20260814,V0,full,20261723,20261591,72,20,6
56,fresh_bandit_v0,fake_merchant_collusion|1.74|1.59|0.5|0.05|0.69|0.7|0.67,fake_merchant_collusion,2.2586704778853717,0.9835493878433609,True,799.8908970929504,0.6666666666666666,0.4651954535613995,12,False,1.5997817941859007,0.8333333333333335,-0.10666666666666666,-0.03,0.0,0.0,2.296448460852568,20260814,V0,full,20261723,20261591,72,20,6
57,fresh_bandit_v0,fake_merchant_collusion|1.74|1.59|0.5|0.05|0.69|0.7|0.67,fake_merchant_collusion,1.4699163285267434,0.9639506121566392,True,414.1104630547985,0.6666666666666666,0.5339736930752744,12,False,0.8282209261095971,0.8333333333333335,-0.10666666666666666,-0.03,0.0,0.0,1.5248875927762637,20260814,V0,full,20261723,20261591,72,20,6
58,fresh_bandit_v0,fake_merchant_collusion|1.74|1.59|0.5|0.05|0.69|0.7|0.67,fake_merchant_collusion,0.09126280483216113,0.9614506121566391,True,31.62766137519806,0.9166666666666666,0.5263545790602492,12,False,0.06325532275039612,0.20833333333333343,-0.14666666666666667,-0.03,0.0,0.0,0.0949219894170629,20260814,V0,full,20261723,20261591,72,20,6
59,fresh_bandit_v0,fake_merchant_collusion|1.74|1.59|0.5|0.05|0.69|0.7|0.67,fake_merchant_collusion,1.0910559724520872,0.9589506121566391,True,442.21350224961816,0.8333333333333334,0.4880094263779025,12,False,0.8844270044992363,0.4166666666666666,-0.13333333333333333,-0.03,0.0,0.0,1.1377603378325696,20260814,V0,full,20261723,20261591,72,20,6
60,fresh_bandit_v0,fake_merchant_collusion|1.74|1.59|0.5|0.05|0.69|0.7|0.67,fake_merchant_collusion,3.5083834548358364,0.973950612156639,True,1231.1095280627987,0.5,0.40899190113171113,12,False,2.4622190561255977,1.25,-0.08,-0.03,0.0,0.0,3.602219056125598,20260814,V0,full,20261723,20261591,72,20,6
61,fresh_bandit_v0,fake_merchant_collusion|1.74|1.59|0.5|0.05|0.69|0.7|0.67,fake_merchant_collusion,-0.18600061630976145,0.9789506121566391,True,0.0,1.0,0.5606270714335578,12,False,0.0,0.0,-0.16,-0.03,0.0,0.0,-0.19,20260814,V0,full,20261723,20261591,72,20,6
62,fresh_bandit_v0,fake_merchant_collusion|1.74|1.59|0.5|0.05|0.69|0.7|0.67,fake_merchant_collusion,0.06477170854273931,0.9364506121566392,True,18.750288964467526,0.9166666666666666,0.6394915034196565,12,False,0.037500577928935054,0.20833333333333343,-0.14666666666666667,-0.03,0.0,0.0,0.0691672445956018,20260814,V0,full,20261723,20261591,72,20,6
63,fresh_bandit_v0,fake_merchant_collusion|1.74|1.59|0.5|0.05|0.69|0.7|0.67,fake_merchant_collusion,0.3317042266118046,0.9714506121566392,True,44.05957636663322,0.8333333333333334,0.5413979821074132,12,False,0.08811915273326644,0.4166666666666666,-0.13333333333333333,-0.03,0.0,0.0,0.3414524860665997,20260814,V0,full,20261723,20261591,72,20,6
64,fresh_bandit_v0,fake_merchant_collusion|1.74|1.59|0.5|0.05|0.69|0.7|0.67,fake_merchant_collusion,0.8943858600107321,0.9914506121566392,True,213.54912390201244,0.75,0.6312615658336781,12,False,0.4270982478040249,0.625,-0.12,-0.03,0.0,0.0,0.9020982478040248,20260814,V0,full,20261723,20261591,72,20,6
65,fresh_bandit_v0,fake_merchant_collusion|1.74|1.59|0.5|0.05|0.69|0.7|0.67,fake_merchant_collusion,0.607209255861051,0.9689506121566391,True,186.6667727485563,0.8333333333333334,0.6549354056572736,12,False,0.3733335454971126,0.4166666666666666,-0.13333333333333333,-0.03,0.0,0.0,0.6266668788304459,20260814,V0,full,20261723,20261591,72,20,6
66,fresh_bandit_v0,fake_merchant_collusion|1.74|1.59|0.5|0.05|0.69|0.7|0.67,fake_merchant_collusion,0.06428530532163353,0.9614506121566392,True,17.598079840056005,0.9166666666666666,0.6688625184607292,12,False,0.03519615968011201,0.20833333333333343,-0.14666666666666667,-0.03,0.0,0.0,0.06686282634677879,20260814,V0,full,20261723,20261591,72,20,6
67,fresh_bandit_v0,fake_merchant_collusion|1.74|1.59|0.5|0.05|0.69|0.7|0.67,fake_merchant_collusion,0.9256898452841897,0.963950612156639,True,242.654187159626,0.75,0.5361618931676393,12,False,0.485308374319252,0.625,-0.12,-0.03,0.0,0.0,0.9603083743192519,20260814,V0,full,20261723,20261591,72,20,6
68,fresh_bandit_v0,fake_merchant_collusion|1.74|1.59|0.5|0.05|0.69|0.7|0.67,fake_merchant_collusion,2.140399747512929,0.993950612156639,True,617.5466636208236,0.5833333333333334,0.4491941972692168,12,False,1.235093327241647,1.0416666666666665,-0.09333333333333334,-0.03,0.0,0.0,2.1534266605749806,20260814,V0,full,20261723,20261591,72,20,6
69,fresh_bandit_v0,fake_merchant_collusion|1.74|1.59|0.5|0.05|0.69|0.7|0.67,fake_merchant_collusion,0.100880245544164,0.9889506121566392,True,35.17034890524217,0.9166666666666666,0.529595144217996,12,False,0.07034069781048434,0.20833333333333343,-0.14666666666666667,-0.03,0.0,0.0,0.10200736447715111,20260814,V0,full,20261723,20261591,72,20,6
70,fresh_bandit_v0,fake_merchant_collusion|1.74|1.59|0.5|0.05|0.69|0.7|0.67,fake_merchant_collusion,0.07243913879520292,0.9889506121566392,True,20.790911550459327,0.9166666666666666,0.6417501371404145,12,False,0.04158182310091865,0.20833333333333343,-0.14666666666666667,-0.03,0.0,0.0,0.07324848976758541,20260814,V0,full,20261723,20261591,72,20,6
71,fresh_bandit_v0,fake_merchant_collusion|1.74|1.59|0.5|0.05|0.69|0.7|0.67,fake_merchant_collusion,1.410049108442968,0.9589506121566391,True,497.70423813684624,0.75,0.5828291193739896,12,False,0.9954084762736924,0.625,-0.12,-0.03,0.0,0.0,1.4704084762736922,20260814,V0,full,20261723,20261591,72,20,6
0,fresh_bandit_v1,agentic_intent_hijack|1.65|1.59|0.43|0.05|0.97|0.98|0.93,agentic_intent_hijack,-0.17412646165331497,0.9164550613332367,True,0.0,1.0,0.9420069720356633,12,False,0.0,0.0,-0.16,-0.03,0.0,0.0,-0.19,20260814,V1,full,20261723,20261591,72,20,6
1,fresh_bandit_v1,deepfake_account_takeover|0.73|0.51|0.85|0.31|0.3|0.97|0.66,deepfake_account_takeover,-0.16536561358230736,0.870345334643723,True,0.0,1.0,0.9396022066634174,12,False,0.0,0.0,-0.16,-0.03,0.0,0.0,-0.19,20260814,V1,full,20261723,20261591,72,20,6
2,fresh_bandit_v1,ai_app_scam_mule|0.86|1.74|0.19|0.88|0.33|0.69|0.9,ai_app_scam_mule,-0.16543645199551774,0.8707181683974617,True,0.0,1.0,0.9325670077233285,12,False,0.0,0.0,-0.16,-0.03,0.0,0.0,-0.19,20260814,V1,full,20261723,20261591,72,20,6
3,fresh_bandit_v1,fake_merchant_collusion|0.46|0.98|0.21|0.05|0.98|0.91|0.63,fake_merchant_collusion,-0.18840205274027225,0.9915897512645908,True,0.0,1.0,0.8964177001918229,12,False,0.0,0.0,-0.16,-0.03,0.0,0.0,-0.19,20260814,V1,full,20261723,20261591,72,20,6
4,fresh_bandit_v1,fake_merchant_collusion|1.92|0.76|0.47|0.17|0.8|0.72|0.79,fake_merchant_collusion,-0.1879039449249074,0.9889681311837231,True,0.0,1.0,0.9205206396654094,12,False,0.0,0.0,-0.16,-0.03,0.0,0.0,-0.19,20260814,V1,full,20261723,20261591,72,20,6
5,fresh_bandit_v1,synthetic_identity_bustout|0.71|0.5|0.05|0.37|0.29|0.86|0.88,synthetic_identity_bustout,-0.1846282034349665,0.9717273864998237,True,0.0,1.0,0.9042344356019282,12,False,0.0,0.0,-0.16,-0.03,0.0,0.0,-0.19,20260814,V1,full,20261723,20261591,72,20,6
6,fresh_bandit_v1,deepfake_account_takeover|0.63|2.1|0.43|0.47|0.35|0.98|0.89,deepfake_account_takeover,-0.17018964799209096,0.8957349894320576,True,0.0,1.0,0.9192634514693688,12,False,0.0,0.0,-0.16,-0.03,0.0,0.0,-0.19,20260814,V1,full,20261723,20261591,72,20,6
7,fresh_bandit_v1,adaptive_card_testing|0.59|0.72|0.3|0.09|0.54|0.36|0.62,adaptive_card_testing,-0.18361251690879918,0.9663816679410483,True,0.0,1.0,0.9047809840810567,12,False,0.0,0.0,-0.16,-0.03,0.0,0.0,-0.19,20260814,V1,full,20261723,20261591,72,20,6
8,fresh_bandit_v1,agentic_intent_hijack|0.47|0.46|0.22|0.31|0.69|0.88|0.76,agentic_intent_hijack,-0.1711703134921382,0.9008963868007274,True,0.0,1.0,0.93106203849919,12,False,0.0,0.0,-0.16,-0.03,0.0,0.0,-0.19,20260814,V1,full,20261723,20261591,72,20,6
9,fresh_bandit_v1,synthetic_identity_bustout|1.08|1.29|0.62|0.2|0.62|0.98|0.63,synthetic_identity_bustout,-0.18746199991831966,0.9866421048332614,True,0.0,1.0,0.9169387956485143,12,False,0.0,0.0,-0.16,-0.03,0.0,0.0,-0.19,20260814,V1,full,20261723,20261591,72,20,6
10,fresh_bandit_v1,adaptive_card_testing|1.01|1.32|0.11|0.28|0.66|0.98|0.41,adaptive_card_testing,-0.1885487379138862,0.9923617784941379,True,0.0,1.0,0.8938948543631579,12,False,0.0,0.0,-0.16,-0.03,0.0,0.0,-0.19,20260814,V1,full,20261723,20261591,72,20,6
11,fresh_bandit_v1,ai_app_scam_mule|1.36|0.83|0.07|0.96|0.15|0.74|0.76,ai_app_scam_mule,-0.16548298197805747,0.8709630630424077,True,0.0,1.0,0.9366395978458423,12,False,0.0,0.0,-0.16,-0.03,0.0,0.0,-0.19,20260814,V1,full,20261723,20261591,72,20,6
12,fresh_bandit_v1,agentic_intent_hijack|1.65|1.59|0.43|0.05|0.97|0.98|0.93,agentic_intent_hijack,-0.172148538346685,0.9060449386667632,True,0.0,1.0,0.9354920699406454,12,False,0.0,0.0,-0.16,-0.03,0.0,0.0,-0.19,20260814,V1,full,20261723,20261591,72,20,6
13,fresh_bandit_v1,deepfake_account_takeover|1.29|0.8|0.73|0.83|0.24|0.59|0.71,deepfake_account_takeover,-0.15653128829182475,0.8238488857464461,True,0.0,1.0,0.9402473869109285,12,False,0.0,0.0,-0.16,-0.03,0.0,0.0,-0.19,20260814,V1,full,20261723,20261591,72,20,6
14,fresh_bandit_v1,synthetic_identity_bustout|0.78|1.38|0.17|0.38|0.05|0.98|0.54,synthetic_identity_bustout,-0.1845385196245387,0.9712553664449406,True,0.0,1.0,0.9034738294650774,12,False,0.0,0.0,-0.16,-0.03,0.0,0.0,-0.19,20260814,V1,full,20261723,20261591,72,20,6
15,fresh_bandit_v1,ai_app_scam_mule|1.27|0.73|0.05|0.28|0.22|0.72|0.75,ai_app_scam_mule,-0.1667338009613512,0.8775463208492169,True,0.0,1.0,0.9331317996703175,12,False,0.0,0.0,-0.16,-0.03,0.0,0.0,-0.19,20260814,V1,full,20261723,20261591,72,20,6
16,fresh_bandit_v1,deepfake_account_takeover|1.48|1.1|0.72|0.23|0.05|0.8|0.79,deepfake_account_takeover,-0.16733191297912473,0.8806942788374985,True,0.0,1.0,0.9324044573209841,12,False,0.0,0.0,-0.16,-0.03,0.0,0.0,-0.19,20260814,V1,full,20261723,20261591,72,20,6
17,fresh_bandit_v1,ai_app_scam_mule|0.65|0.97|0.63|0.67|0.45|0.57|0.77,ai_app_scam_mule,-0.17360973870888552,0.9137354668888711,True,0.0,1.0,0.9346728551705512,12,False,0.0,0.0,-0.16,-0.03,0.0,0.0,-0.19,20260814,V1,full,20261723,20261591,72,20,6
18,fresh_bandit_v1,agentic_intent_hijack|0.87|1.05|0.05|0.16|0.96|0.44|0.85,agentic_intent_hijack,-0.17393954990913674,0.9154713153112459,True,0.0,1.0,0.9136307664881488,12,False,0.0,0.0,-0.16,-0.03,0.0,0.0,-0.19,20260814,V1,full,20261723,20261591,72,20,6
19,fresh_bandit_v1,adaptive_card_testing|1.33|0.67|0.07|0.49|0.68|0.55|0.6,adaptive_card_testing,-0.18804265963262304,0.9896982085927528,True,0.0,1.0,0.9257434654940981,12,False,0.0,0.0,-0.16,-0.03,0.0,0.0,-0.19,20260814,V1,full,20261723,20261591,72,20,6
20,fresh_bandit_v1,fake_merchant_collusion|1.74|1.59|0.5|0.05|0.69|0.7|0.67,fake_merchant_collusion,-0.18410061630976143,0.9689506121566391,True,0.0,1.0,0.8917011227640771,12,False,0.0,0.0,-0.16,-0.03,0.0,0.0,-0.19,20260814,V1,full,20261723,20261591,72,20,6
21,fresh_bandit_v1,deepfake_account_takeover|0.87|0.99|0.94|0.51|0.74|0.61|0.8,deepfake_account_takeover,-0.17065972186712125,0.8982090624585329,True,0.0,1.0,0.9435754097638682,12,False,0.0,0.0,-0.16,-0.03,0.0,0.0,-0.19,20260814,V1,full,20261723,20261591,72,20,6
22,fresh_bandit_v1,adaptive_card_testing|0.46|1.03|0.5|0.05|0.47|0.89|0.61,adaptive_card_testing,-0.18319775082361195,0.9641986885453261,True,0.0,1.0,0.8894312948028525,12,False,0.0,0.0,-0.16,-0.03,0.0,0.0,-0.19,20260814,V1,full,20261723,20261591,72,20,6
23,fresh_bandit_v1,synthetic_identity_bustout|0.74|0.87|0.2|0.05|0.84|0.96|0.53,synthetic_identity_bustout,-0.1838031482029064,0.9673849905416128,True,0.0,1.0,0.9229573952574355,12,False,0.0,0.0,-0.16,-0.03,0.0,0.0,-0.19,20260814,V1,full,20261723,20261591,72,20,6
24,fresh_bandit_v1,deepfake_account_takeover|0.63|2.1|0.43|0.47|0.35|0.98|0.89,deepfake_account_takeover,-0.17018964799209096,0.8957349894320576,True,0.0,1.0,0.9233818347265764,12,False,0.0,0.0,-0.16,-0.03,0.0,0.0,-0.19,20260814,V1,full,20261723,20261591,72,20,6
25,fresh_bandit_v1,agentic_intent_hijack|1.0|0.67|0.05|0.24|0.26|0.6|0.65,agentic_intent_hijack,-0.16722928743238316,0.880154144380964,True,0.0,1.0,0.9200534306975086,12,False,0.0,0.0,-0.16,-0.03,0.0,0.0,-0.19,20260814,V1,full,20261723,20261591,72,20,6
26,fresh_bandit_v1,agentic_intent_hijack|1.65|1.59|0.43|0.05|0.97|0.98|0.93,agentic_intent_hijack,-0.17127646165331495,0.9014550613332366,True,0.0,1.0,0.9281817462601715,12,False,0.0,0.0,-0.16,-0.03,0.0,0.0,-0.19,20260814,V1,full,20261723,20261591,72,20,6
27,fresh_bandit_v1,fake_merchant_collusion|1.38|0.68|0.67|0.47|0.78|0.9|0.81,fake_merchant_collusion,-0.1869388299257041,0.9838885785563374,True,0.0,1.0,0.9136519041942458,12,False,0.0,0.0,-0.16,-0.03,0.0,0.0,-0.19,20260814,V1,full,20261723,20261591,72,20,6
28,fresh_bandit_v1,ai_app_scam_mule|0.89|0.78|0.1|0.98|0.42|0.98|0.67,ai_app_scam_mule,-0.1718853663258623,0.9046598227676963,True,0.0,1.0,0.9387882051466826,12,False,0.0,0.0,-0.16,-0.03,0.0,0.0,-0.19,20260814,V1,full,20261723,20261591,72,20,6
29,fresh_bandit_v1,synthetic_identity_bustout|1.28|1.09|0.22|0.31|0.39|0.42|0.47,synthetic_identity_bustout,-0.17972163532811217,0.9459033438321692,True,0.0,1.0,0.9056802032010379,12,False,0.0,0.0,-0.16,-0.03,0.0,0.0,-0.19,20260814,V1,full,20261723,20261591,72,20,6
30,fresh_bandit_v1,fake_merchant_collusion|0.46|0.98|0.21|0.05|0.98|0.91|0.63,fake_merchant_collusion,-0.18969794725972774,0.9984102487354092,True,0.0,1.0,0.9098838429882535,12,False,0.0,0.0,-0.16,-0.03,0.0,0.0,-0.19,20260814,V1,full,20261723,20261591,72,20,6
31,fresh_bandit_v1,agentic_intent_hijack|1.17|1.57|0.62|0.17|0.7|0.71|0.7,agentic_intent_hijack,-0.17041455007451506,0.8969186846027108,True,0.0,1.0,0.920570077687627,12,False,0.0,0.0,-0.16,-0.03,0.0,0.0,-0.19,20260814,V1,full,20261723,20261591,72,20,6
32,fresh_bandit_v1,deepfake_account_takeover|0.73|0.51|0.85|0.31|0.3|0.97|0.66,deepfake_account_takeover,-0.16346561358230738,0.8603453346437231,True,0.0,1.0,0.9375465791809815,12,False,0.0,0.0,-0.16,-0.03,0.0,0.0,-0.19,20260814,V1,full,20261723,20261591,72,20,6
33,fresh_bandit_v1,adaptive_card_testing|0.52|1.0|0.59|0.14|0.5|0.74|0.76,adaptive_card_testing,-0.18587160390902768,0.9782715995211984,True,0.0,1.0,0.8986446850045459,12,False,0.0,0.0,-0.16,-0.03,0.0,0.0,-0.19,20260814,V1,full,20261723,20261591,72,20,6
34,fresh_bandit_v1,agentic_intent_hijack|0.47|0.46|0.22|0.31|0.69|0.88|0.76,agentic_intent_hijack,-0.1711703134921382,0.9008963868007274,True,0.0,1.0,0.931274969545241,12,False,0.0,0.0,-0.16,-0.03,0.0,0.0,-0.19,20260814,V1,full,20261723,20261591,72,20,6
35,fresh_bandit_v1,deepfake_account_takeover|0.85|1.27|0.88|0.66|0.36|0.73|0.52,deepfake_account_takeover,-0.17278811963065885,0.909411155950836,True,0.0,1.0,0.9408026095051142,12,False,0.0,0.0,-0.16,-0.03,0.0,0.0,-0.19,20260814,V1,full,20261723,20261591,72,20,6
36,fresh_bandit_v1,ai_app_scam_mule|1.27|0.73|0.05|0.28|0.22|0.72|0.75,ai_app_scam_mule,-0.15818380096135123,0.832546320849217,True,0.0,1.0,0.9342620292086786,12,False,0.0,0.0,-0.16,-0.03,0.0,0.0,-0.19,20260814,V1,full,20261723,20261591,72,20,6
37,fresh_bandit_v1,deepfake_account_takeover|1.48|1.1|0.72|0.23|0.05|0.8|0.79,deepfake_account_takeover,-0.16210691297912475,0.8531942788374987,True,0.0,1.0,0.9348435834329245,12,False,0.0,0.0,-0.16,-0.03,0.0,0.0,-0.19,20260814,V1,full,20261723,20261591,72,20,6
38,fresh_bandit_v1,synthetic_identity_bustout|0.7|0.84|0.39|0.21|0.35|0.85|0.98,synthetic_identity_bustout,-0.17972779038021414,0.9459357388432323,True,0.0,1.0,0.8843035554140629,12,False,0.0,0.0,-0.16,-0.03,0.0,0.0,-0.19,20260814,V1,full,20261723,20261591,72,20,6
39,fresh_bandit_v1,agentic_intent_hijack|1.65|1.59|0.43|0.05|0.97|0.98|0.93,agentic_intent_hijack,-0.17222646165331498,0.9064550613332367,True,0.0,1.0,0.92726389312078,12,False,0.0,0.0,-0.16,-0.03,0.0,0.0,-0.19,20260814,V1,full,20261723,20261591,72,20,6
40,fresh_bandit_v1,deepfake_account_takeover|0.63|2.1|0.43|0.47|0.35|0.98|0.89,deepfake_account_takeover,-0.17113964799209094,0.9007349894320575,True,0.0,1.0,0.9315862626148418,12,False,0.0,0.0,-0.16,-0.03,0.0,0.0,-0.19,20260814,V1,full,20261723,20261591,72,20,6
41,fresh_bandit_v1,adaptive_card_testing|1.33|0.67|0.07|0.49|0.68|0.55|0.6,adaptive_card_testing,-0.18471765963262304,0.9721982085927529,True,0.0,1.0,0.9236073910412346,12,False,0.0,0.0,-0.16,-0.03,0.0,0.0,-0.19,20260814,V1,full,20261723,20261591,72,20,6
42,fresh_bandit_v1,agentic_intent_hijack|1.0|0.67|0.05|0.24|0.26|0.6|0.65,agentic_intent_hijack,-0.16627928743238318,0.8751541443809641,True,0.0,1.0,0.9241256483445385,12,False,0.0,0.0,-0.16,-0.03,0.0,0.0,-0.19,20260814,V1,full,20261723,20261591,72,20,6
43,fresh_bandit_v1,ai_app_scam_mule|0.65|0.97|0.63|0.67|0.45|0.57|0.77,ai_app_scam_mule,-0.17265973870888554,0.9087354668888712,True,0.0,1.0,0.93113700935523,12,False,0.0,0.0,-0.16,-0.03,0.0,0.0,-0.19,20260814,V1,full,20261723,20261591,72,20,6
44,fresh_bandit_v1,fake_merchant_collusion|0.69|1.56|0.23|0.05|0.98|0.61|0.72,fake_merchant_collusion,-0.18912021609717128,0.9953695584061646,True,0.0,1.0,0.9126777972458591,12,False,0.0,0.0,-0.16,-0.03,0.0,0.0,-0.19,20260814,V1,full,20261723,20261591,72,20,6
45,fresh_bandit_v1,fake_merchant_collusion|1.38|0.68|0.67|0.47|0.78|0.9|0.81,fake_merchant_collusion,-0.1845111700742959,0.9711114214436627,True,0.0,1.0,0.9042333882476631,12,False,0.0,0.0,-0.16,-0.03,0.0,0.0,-0.19,20260814,V1,full,20261723,20261591,72,20,6
46,fresh_bandit_v1,deepfake_account_takeover|0.87|0.99|0.94|0.51|0.74|0.61|0.8,deepfake_account_takeover,-0.17350972186712127,0.913209062458533,True,0.0,1.0,0.9343587407142503,12,False,0.0,0.0,-0.16,-0.03,0.0,0.0,-0.19,20260814,V1,full,20261723,20261591,72,20,6
47,fresh_bandit_v1,synthetic_identity_bustout|0.78|1.38|0.17|0.38|0.05|0.98|0.54,synthetic_identity_bustout,-0.1793135196245387,0.9437553664449405,True,0.0,1.0,0.8920177103276984,12,False,0.0,0.0,-0.16,-0.03,0.0,0.0,-0.19,20260814,V1,full,20261723,20261591,72,20,6
48,fresh_bandit_v1,deepfake_account_takeover|0.73|0.51|0.85|0.31|0.3|0.97|0.66,deepfake_account_takeover,-0.16869061358230736,0.887845334643723,True,0.0,1.0,0.9378666032217752,12,False,0.0,0.0,-0.16,-0.03,0.0,0.0,-0.19,20260814,V1,full,20261723,20261591,72,20,6
49,fresh_bandit_v1,ai_app_scam_mule|1.24|1.09|0.33|0.98|0.34|0.98|0.98,ai_app_scam_mule,-0.17187855999999999,0.9046239999999999,True,0.0,1.0,0.941037352811497,12,False,0.0,0.0,-0.16,-0.03,0.0,0.0,-0.19,20260814,V1,full,20261723,20261591,72,20,6
50,fresh_bandit_v1,adaptive_card_testing|1.01|1.32|0.11|0.28|0.66|0.98|0.41,adaptive_card_testing,-0.1871762620861138,0.985138221505862,True,0.0,1.0,0.8773029747073314,12,False,0.0,0.0,-0.16,-0.03,0.0,0.0,-0.19,20260814,V1,full,20261723,20261591,72,20,6
51,fresh_bandit_v1,agentic_intent_hijack|0.47|0.46|0.22|0.31|0.69|0.88|0.76,agentic_intent_hijack,-0.1711703134921382,0.9008963868007274,True,0.0,1.0,0.9350673434965779,12,False,0.0,0.0,-0.16,-0.03,0.0,0.0,-0.19,20260814,V1,full,20261723,20261591,72,20,6
52,fresh_bandit_v1,ai_app_scam_mule|1.27|0.73|0.05|0.28|0.22|0.72|0.75,ai_app_scam_mule,-0.16483380096135122,0.8675463208492169,True,0.0,1.0,0.9316649753984351,12,False,0.0,0.0,-0.16,-0.03,0.0,0.0,-0.19,20260814,V1,full,20261723,20261591,72,20,6
53,fresh_bandit_v1,agentic_intent_hijack|1.65|1.59|0.43|0.05|0.97|0.98|0.93,agentic_intent_hijack,-0.17357353834668499,0.9135449386667631,True,0.0,1.0,0.9346058341212515,12,False,0.0,0.0,-0.16,-0.03,0.0,0.0,-0.19,20260814,V1,full,20261723,20261591,72,20,6
54,fresh_bandit_v1,adaptive_card_testing|0.76|1.11|0.26|0.42|0.41|0.32|0.74,adaptive_card_testing,-0.18405907326495832,0.9687319645524122,True,0.0,1.0,0.8833140171621628,12,False,0.0,0.0,-0.16,-0.03,0.0,0.0,-0.19,20260814,V1,full,20261723,20261591,72,20,6
55,fresh_bandit_v1,deepfake_account_takeover|1.29|0.8|0.73|0.83|0.24|0.59|0.71,deepfake_account_takeover,-0.16935628829182475,0.8913488857464461,True,0.0,1.0,0.9401816237406235,12,False,0.0,0.0,-0.16,-0.03,0.0,0.0,-0.19,20260814,V1,full,20261723,20261591,72,20,6
56,fresh_bandit_v1,synthetic_identity_bustout|1.28|1.09|0.22|0.31|0.39|0.42|0.47,synthetic_identity_bustout,-0.17829663532811216,0.9384033438321693,True,0.0,1.0,0.8974203290194546,12,False,0.0,0.0,-0.16,-0.03,0.0,0.0,-0.19,20260814,V1,full,20261723,20261591,72,20,6
57,fresh_bandit_v1,deepfake_account_takeover|1.48|1.1|0.72|0.23|0.05|0.8|0.79,deepfake_account_takeover,-0.1611569129791247,0.8481942788374985,True,0.0,1.0,0.9180810802800964,12,False,0.0,0.0,-0.16,-0.03,0.0,0.0,-0.19,20260814,V1,full,20261723,20261591,72,20,6
58,fresh_bandit_v1,ai_app_scam_mule|0.71|1.18|0.22|0.98|0.24|0.82|0.58,ai_app_scam_mule,-0.16380356,0.8621239999999999,True,0.0,1.0,0.9412869738384266,12,False,0.0,0.0,-0.16,-0.03,0.0,0.0,-0.19,20260814,V1,full,20261723,20261591,72,20,6
59,fresh_bandit_v1,agentic_intent_hijack|1.17|1.57|0.62|0.17|0.7|0.71|0.7,agentic_intent_hijack,-0.17183955007451504,0.9044186846027108,True,0.0,1.0,0.9209708492654426,12,False,0.0,0.0,-0.16,-0.03,0.0,0.0,-0.19,20260814,V1,full,20261723,20261591,72,20,6
60,fresh_bandit_v1,deepfake_account_takeover|0.63|2.1|0.43|0.47|0.35|0.98|0.89,deepfake_account_takeover,-0.16733964799209097,0.8807349894320577,True,0.0,1.0,0.9222839729609421,12,False,0.0,0.0,-0.16,-0.03,0.0,0.0,-0.19,20260814,V1,full,20261723,20261591,72,20,6
61,fresh_bandit_v1,adaptive_card_testing|1.15|0.65|0.27|0.2|0.18|0.69|0.76,adaptive_card_testing,-0.18157209113056402,0.9556425848977054,True,0.0,1.0,0.9025144561243591,12,False,0.0,0.0,-0.16,-0.03,0.0,0.0,-0.19,20260814,V1,full,20261723,20261591,72,20,6
62,fresh_bandit_v1,ai_app_scam_mule|0.64|0.99|0.64|0.69|0.28|0.72|0.86,ai_app_scam_mule,-0.16856867861906896,0.8872035716793103,True,0.0,1.0,0.931403318670505,12,False,0.0,0.0,-0.16,-0.03,0.0,0.0,-0.19,20260814,V1,full,20261723,20261591,72,20,6
63,fresh_bandit_v1,fake_merchant_collusion|1.38|0.68|0.67|0.47|0.78|0.9|0.81,fake_merchant_collusion,-0.1830861700742959,0.9636114214436626,True,0.0,1.0,0.9202559573456083,12,False,0.0,0.0,-0.16,-0.03,0.0,0.0,-0.19,20260814,V1,full,20261723,20261591,72,20,6
64,fresh_bandit_v1,agentic_intent_hijack|0.87|1.05|0.05|0.16|0.96|0.44|0.85,agentic_intent_hijack,-0.17376045009086324,0.9145286846887539,True,0.0,1.0,0.9241709381567333,12,False,0.0,0.0,-0.16,-0.03,0.0,0.0,-0.19,20260814,V1,full,20261723,20261591,72,20,6
65,fresh_bandit_v1,synthetic_identity_bustout|0.71|0.5|0.05|0.37|0.29|0.86|0.88,synthetic_identity_bustout,-0.1803532034349665,0.9492273864998236,True,0.0,1.0,0.9161315476475326,12,False,0.0,0.0,-0.16,-0.03,0.0,0.0,-0.19,20260814,V1,full,20261723,20261591,72,20,6
66,fresh_bandit_v1,deepfake_account_takeover|1.48|1.1|0.72|0.23|0.05|0.8|0.79,deepfake_account_takeover,-0.16353191297912475,0.8606942788374987,True,0.0,1.0,0.9328325978129111,12,False,0.0,0.0,-0.16,-0.03,0.0,0.0,-0.19,20260814,V1,full,20261723,20261591,72,20,6
67,fresh_bandit_v1,agentic_intent_hijack|1.0|0.67|0.05|0.24|0.26|0.6|0.65,agentic_intent_hijack,-0.16247928743238316,0.855154144380964,True,0.0,1.0,0.9207968496329286,12,False,0.0,0.0,-0.16,-0.03,0.0,0.0,-0.19,20260814,V1,full,20261723,20261591,72,20,6
68,fresh_bandit_v1,deepfake_account_takeover|1.29|0.8|0.73|0.83|0.24|0.59|0.71,deepfake_account_takeover,-0.17264371170817522,0.9086511142535537,True,0.0,1.0,0.9357771393619739,12,False,0.0,0.0,-0.16,-0.03,0.0,0.0,-0.19,20260814,V1,full,20261723,20261591,72,20,6
69,fresh_bandit_v1,ai_app_scam_mule|1.27|0.73|0.05|0.28|0.22|0.72|0.75,ai_app_scam_mule,-0.16435880096135122,0.865046320849217,True,0.0,1.0,0.9361380285522135,12,False,0.0,0.0,-0.16,-0.03,0.0,0.0,-0.19,20260814,V1,full,20261723,20261591,72,20,6
70,fresh_bandit_v1,agentic_intent_hijack|1.65|1.59|0.43|0.05|0.97|0.98|0.93,agentic_intent_hijack,-0.17317646165331496,0.9114550613332366,True,0.0,1.0,0.9235684180196659,12,False,0.0,0.0,-0.16,-0.03,0.0,0.0,-0.19,20260814,V1,full,20261723,20261591,72,20,6
71,fresh_bandit_v1,fake_merchant_collusion|0.69|1.56|0.23|0.05|0.98|0.61|0.72,fake_merchant_collusion,-0.1881702160971713,0.9903695584061647,True,0.0,1.0,0.8864846274760033,12,False,0.0,0.0,-0.16,-0.03,0.0,0.0,-0.19,20260814,V1,full,20261723,20261591,72,20,6
0,fresh_bandit_v2,agentic_intent_hijack|1.65|1.59|0.43|0.05|0.97|0.98|0.93,agentic_intent_hijack,-0.17412646165331497,0.9164550613332367,True,0.0,1.0,0.9405025409624539,12,False,0.0,0.0,-0.16,-0.03,0.0,0.0,-0.19,20260814,V2,full,20261723,20261591,72,20,6
1,fresh_bandit_v2,deepfake_account_takeover|0.73|0.51|0.85|0.31|0.3|0.97|0.66,deepfake_account_takeover,-0.16536561358230736,0.870345334643723,True,0.0,1.0,0.9395978766839753,12,False,0.0,0.0,-0.16,-0.03,0.0,0.0,-0.19,20260814,V2,full,20261723,20261591,72,20,6
2,fresh_bandit_v2,ai_app_scam_mule|0.86|1.74|0.19|0.88|0.33|0.69|0.9,ai_app_scam_mule,-0.16543645199551774,0.8707181683974617,True,0.0,1.0,0.9327182333934468,12,False,0.0,0.0,-0.16,-0.03,0.0,0.0,-0.19,20260814,V2,full,20261723,20261591,72,20,6
3,fresh_bandit_v2,fake_merchant_collusion|0.46|0.98|0.21|0.05|0.98|0.91|0.63,fake_merchant_collusion,-0.18840205274027225,0.9915897512645908,True,0.0,1.0,0.9015418227798414,12,False,0.0,0.0,-0.16,-0.03,0.0,0.0,-0.19,20260814,V2,full,20261723,20261591,72,20,6
4,fresh_bandit_v2,fake_merchant_collusion|1.92|0.76|0.47|0.17|0.8|0.72|0.79,fake_merchant_collusion,-0.1879039449249074,0.9889681311837231,True,0.0,1.0,0.9239866703361647,12,False,0.0,0.0,-0.16,-0.03,0.0,0.0,-0.19,20260814,V2,full,20261723,20261591,72,20,6
5,fresh_bandit_v2,synthetic_identity_bustout|0.71|0.5|0.05|0.37|0.29|0.86|0.88,synthetic_identity_bustout,-0.1846282034349665,0.9717273864998237,True,0.0,1.0,0.9040636065134758,12,False,0.0,0.0,-0.16,-0.03,0.0,0.0,-0.19,20260814,V2,full,20261723,20261591,72,20,6
6,fresh_bandit_v2,deepfake_account_takeover|0.63|2.1|0.43|0.47|0.35|0.98|0.89,deepfake_account_takeover,-0.17018964799209096,0.8957349894320576,True,0.0,1.0,0.9328108783602399,12,False,0.0,0.0,-0.16,-0.03,0.0,0.0,-0.19,20260814,V2,full,20261723,20261591,72,20,6
7,fresh_bandit_v2,adaptive_card_testing|0.59|0.72|0.3|0.09|0.54|0.36|0.62,adaptive_card_testing,-0.18361251690879918,0.9663816679410483,True,0.0,1.0,0.8936276194383113,12,False,0.0,0.0,-0.16,-0.03,0.0,0.0,-0.19,20260814,V2,full,20261723,20261591,72,20,6
8,fresh_bandit_v2,agentic_intent_hijack|0.47|0.46|0.22|0.31|0.69|0.88|0.76,agentic_intent_hijack,-0.1711703134921382,0.9008963868007274,True,0.0,1.0,0.9343663811426327,12,False,0.0,0.0,-0.16,-0.03,0.0,0.0,-0.19,20260814,V2,full,20261723,20261591,72,20,6
9,fresh_bandit_v2,synthetic_identity_bustout|1.08|1.29|0.62|0.2|0.62|0.98|0.63,synthetic_identity_bustout,-0.18746199991831966,0.9866421048332614,True,0.0,1.0,0.9193133522306179,12,False,0.0,0.0,-0.16,-0.03,0.0,0.0,-0.19,20260814,V2,full,20261723,20261591,72,20,6
10,fresh_bandit_v2,adaptive_card_testing|1.01|1.32|0.11|0.28|0.66|0.98|0.41,adaptive_card_testing,-0.1885487379138862,0.9923617784941379,True,0.0,1.0,0.8953176741521182,12,False,0.0,0.0,-0.16,-0.03,0.0,0.0,-0.19,20260814,V2,full,20261723,20261591,72,20,6
11,fresh_bandit_v2,ai_app_scam_mule|1.36|0.83|0.07|0.96|0.15|0.74|0.76,ai_app_scam_mule,-0.16548298197805747,0.8709630630424077,True,0.0,1.0,0.9379560178087468,12,False,0.0,0.0,-0.16,-0.03,0.0,0.0,-0.19,20260814,V2,full,20261723,20261591,72,20,6
12,fresh_bandit_v2,agentic_intent_hijack|1.65|1.59|0.43|0.05|0.97|0.98|0.93,agentic_intent_hijack,-0.172148538346685,0.9060449386667632,True,0.0,1.0,0.9401156817708024,12,False,0.0,0.0,-0.16,-0.03,0.0,0.0,-0.19,20260814,V2,full,20261723,20261591,72,20,6
13,fresh_bandit_v2,deepfake_account_takeover|1.29|0.8|0.73|0.83|0.24|0.59|0.71,deepfake_account_takeover,-0.15653128829182475,0.8238488857464461,True,0.0,1.0,0.9402444014602706,12,False,0.0,0.0,-0.16,-0.03,0.0,0.0,-0.19,20260814,V2,full,20261723,20261591,72,20,6
14,fresh_bandit_v2,synthetic_identity_bustout|0.78|1.38|0.17|0.38|0.05|0.98|0.54,synthetic_identity_bustout,-0.1845385196245387,0.9712553664449406,True,0.0,1.0,0.9080245143510993,12,False,0.0,0.0,-0.16,-0.03,0.0,0.0,-0.19,20260814,V2,full,20261723,20261591,72,20,6
15,fresh_bandit_v2,ai_app_scam_mule|1.27|0.73|0.05|0.28|0.22|0.72|0.75,ai_app_scam_mule,-0.1667338009613512,0.8775463208492169,True,0.0,1.0,0.931865437597255,12,False,0.0,0.0,-0.16,-0.03,0.0,0.0,-0.19,20260814,V2,full,20261723,20261591,72,20,6
16,fresh_bandit_v2,deepfake_account_takeover|1.48|1.1|0.72|0.23|0.05|0.8|0.79,deepfake_account_takeover,-0.16733191297912473,0.8806942788374985,True,0.0,1.0,0.93393551062608,12,False,0.0,0.0,-0.16,-0.03,0.0,0.0,-0.19,20260814,V2,full,20261723,20261591,72,20,6
17,fresh_bandit_v2,ai_app_scam_mule|0.65|0.97|0.63|0.67|0.45|0.57|0.77,ai_app_scam_mule,-0.17360973870888552,0.9137354668888711,True,0.0,1.0,0.9343555296282378,12,False,0.0,0.0,-0.16,-0.03,0.0,0.0,-0.19,20260814,V2,full,20261723,20261591,72,20,6
18,fresh_bandit_v2,agentic_intent_hijack|0.87|1.05|0.05|0.16|0.96|0.44|0.85,agentic_intent_hijack,-0.17393954990913674,0.9154713153112459,True,0.0,1.0,0.9223189719501302,12,False,0.0,0.0,-0.16,-0.03,0.0,0.0,-0.19,20260814,V2,full,20261723,20261591,72,20,6
19,fresh_bandit_v2,adaptive_card_testing|1.33|0.67|0.07|0.49|0.68|0.55|0.6,adaptive_card_testing,-0.18804265963262304,0.9896982085927528,True,0.0,1.0,0.9199190898165996,12,False,0.0,0.0,-0.16,-0.03,0.0,0.0,-0.19,20260814,V2,full,20261723,20261591,72,20,6
20,fresh_bandit_v2,fake_merchant_collusion|1.74|1.59|0.5|0.05|0.69|0.7|0.67,fake_merchant_collusion,-0.18410061630976143,0.9689506121566391,True,0.0,1.0,0.909810654076133,12,False,0.0,0.0,-0.16,-0.03,0.0,0.0,-0.19,20260814,V2,full,20261723,20261591,72,20,6
21,fresh_bandit_v2,deepfake_account_takeover|0.87|0.99|0.94|0.51|0.74|0.61|0.8,deepfake_account_takeover,-0.17065972186712125,0.8982090624585329,True,0.0,1.0,0.9440980328639622,12,False,0.0,0.0,-0.16,-0.03,0.0,0.0,-0.19,20260814,V2,full,20261723,20261591,72,20,6
22,fresh_bandit_v2,adaptive_card_testing|0.46|1.03|0.5|0.05|0.47|0.89|0.61,adaptive_card_testing,-0.18319775082361195,0.9641986885453261,True,0.0,1.0,0.8845264949332572,12,False,0.0,0.0,-0.16,-0.03,0.0,0.0,-0.19,20260814,V2,full,20261723,20261591,72,20,6
23,fresh_bandit_v2,synthetic_identity_bustout|0.74|0.87|0.2|0.05|0.84|0.96|0.53,synthetic_identity_bustout,-0.1838031482029064,0.9673849905416128,True,0.0,1.0,0.9206983188560778,12,False,0.0,0.0,-0.16,-0.03,0.0,0.0,-0.19,20260814,V2,full,20261723,20261591,72,20,6
24,fresh_bandit_v2,deepfake_account_takeover|0.63|2.1|0.43|0.47|0.35|0.98|0.89,deepfake_account_takeover,-0.17018964799209096,0.8957349894320576,True,0.0,1.0,0.9238935658181403,12,False,0.0,0.0,-0.16,-0.03,0.0,0.0,-0.19,20260814,V2,full,20261723,20261591,72,20,6
25,fresh_bandit_v2,agentic_intent_hijack|1.0|0.67|0.05|0.24|0.26|0.6|0.65,agentic_intent_hijack,-0.16722928743238316,0.880154144380964,True,0.0,1.0,0.9203217941818517,12,False,0.0,0.0,-0.16,-0.03,0.0,0.0,-0.19,20260814,V2,full,20261723,20261591,72,20,6
26,fresh_bandit_v2,agentic_intent_hijack|1.65|1.59|0.43|0.05|0.97|0.98|0.93,agentic_intent_hijack,-0.17127646165331495,0.9014550613332366,True,0.0,1.0,0.9323253635749865,12,False,0.0,0.0,-0.16,-0.03,0.0,0.0,-0.19,20260814,V2,full,20261723,20261591,72,20,6
27,fresh_bandit_v2,fake_merchant_collusion|1.38|0.68|0.67|0.47|0.78|0.9|0.81,fake_merchant_collusion,-0.1869388299257041,0.9838885785563374,True,0.0,1.0,0.9150806709317624,12,False,0.0,0.0,-0.16,-0.03,0.0,0.0,-0.19,20260814,V2,full,20261723,20261591,72,20,6
28,fresh_bandit_v2,ai_app_scam_mule|0.89|0.78|0.1|0.98|0.42|0.98|0.67,ai_app_scam_mule,-0.1718853663258623,0.9046598227676963,True,0.0,1.0,0.9391621474186054,12,False,0.0,0.0,-0.16,-0.03,0.0,0.0,-0.19,20260814,V2,full,20261723,20261591,72,20,6
29,fresh_bandit_v2,synthetic_identity_bustout|1.28|1.09|0.22|0.31|0.39|0.42|0.47,synthetic_identity_bustout,-0.17972163532811217,0.9459033438321692,True,0.0,1.0,0.9114090219576377,12,False,0.0,0.0,-0.16,-0.03,0.0,0.0,-0.19,20260814,V2,full,20261723,20261591,72,20,6
30,fresh_bandit_v2,fake_merchant_collusion|0.46|0.98|0.21|0.05|0.98|0.91|0.63,fake_merchant_collusion,-0.18969794725972774,0.9984102487354092,True,0.0,1.0,0.9108901900307481,12,False,0.0,0.0,-0.16,-0.03,0.0,0.0,-0.19,20260814,V2,full,20261723,20261591,72,20,6
31,fresh_bandit_v2,agentic_intent_hijack|1.17|1.57|0.62|0.17|0.7|0.71|0.7,agentic_intent_hijack,-0.17041455007451506,0.8969186846027108,True,0.0,1.0,0.9201246285403317,12,False,0.0,0.0,-0.16,-0.03,0.0,0.0,-0.19,20260814,V2,full,20261723,20261591,72,20,6
32,fresh_bandit_v2,deepfake_account_takeover|0.73|0.51|0.85|0.31|0.3|0.97|0.66,deepfake_account_takeover,-0.16346561358230738,0.8603453346437231,True,0.0,1.0,0.9403947372690653,12,False,0.0,0.0,-0.16,-0.03,0.0,0.0,-0.19,20260814,V2,full,20261723,20261591,72,20,6
33,fresh_bandit_v2,adaptive_card_testing|0.52|1.0|0.59|0.14|0.5|0.74|0.76,adaptive_card_testing,-0.18587160390902768,0.9782715995211984,True,0.0,1.0,0.8919268925675414,12,False,0.0,0.0,-0.16,-0.03,0.0,0.0,-0.19,20260814,V2,full,20261723,20261591,72,20,6
34,fresh_bandit_v2,agentic_intent_hijack|0.47|0.46|0.22|0.31|0.69|0.88|0.76,agentic_intent_hijack,-0.1711703134921382,0.9008963868007274,True,0.0,1.0,0.9340536266736961,12,False,0.0,0.0,-0.16,-0.03,0.0,0.0,-0.19,20260814,V2,full,20261723,20261591,72,20,6
35,fresh_bandit_v2,deepfake_account_takeover|0.85|1.27|0.88|0.66|0.36|0.73|0.52,deepfake_account_takeover,-0.17278811963065885,0.909411155950836,True,0.0,1.0,0.9395514586068178,12,False,0.0,0.0,-0.16,-0.03,0.0,0.0,-0.19,20260814,V2,full,20261723,20261591,72,20,6
36,fresh_bandit_v2,ai_app_scam_mule|1.27|0.73|0.05|0.28|0.22|0.72|0.75,ai_app_scam_mule,-0.15818380096135123,0.832546320849217,True,0.0,1.0,0.9343481178867133,12,False,0.0,0.0,-0.16,-0.03,0.0,0.0,-0.19,20260814,V2,full,20261723,20261591,72,20,6
37,fresh_bandit_v2,deepfake_account_takeover|1.48|1.1|0.72|0.23|0.05|0.8|0.79,deepfake_account_takeover,-0.16210691297912475,0.8531942788374987,True,0.0,1.0,0.936479905921148,12,False,0.0,0.0,-0.16,-0.03,0.0,0.0,-0.19,20260814,V2,full,20261723,20261591,72,20,6
38,fresh_bandit_v2,synthetic_identity_bustout|0.7|0.84|0.39|0.21|0.35|0.85|0.98,synthetic_identity_bustout,-0.17972779038021414,0.9459357388432323,True,0.0,1.0,0.8916744188790532,12,False,0.0,0.0,-0.16,-0.03,0.0,0.0,-0.19,20260814,V2,full,20261723,20261591,72,20,6
39,fresh_bandit_v2,agentic_intent_hijack|1.65|1.59|0.43|0.05|0.97|0.98|0.93,agentic_intent_hijack,-0.17222646165331498,0.9064550613332367,True,0.0,1.0,0.9295020329900243,12,False,0.0,0.0,-0.16,-0.03,0.0,0.0,-0.19,20260814,V2,full,20261723,20261591,72,20,6
40,fresh_bandit_v2,deepfake_account_takeover|0.63|2.1|0.43|0.47|0.35|0.98|0.89,deepfake_account_takeover,-0.17113964799209094,0.9007349894320575,True,0.0,1.0,0.93578366133866,12,False,0.0,0.0,-0.16,-0.03,0.0,0.0,-0.19,20260814,V2,full,20261723,20261591,72,20,6
41,fresh_bandit_v2,adaptive_card_testing|1.33|0.67|0.07|0.49|0.68|0.55|0.6,adaptive_card_testing,-0.18471765963262304,0.9721982085927529,True,0.0,1.0,0.9174460158259542,12,False,0.0,0.0,-0.16,-0.03,0.0,0.0,-0.19,20260814,V2,full,20261723,20261591,72,20,6
42,fresh_bandit_v2,agentic_intent_hijack|1.0|0.67|0.05|0.24|0.26|0.6|0.65,agentic_intent_hijack,-0.16627928743238318,0.8751541443809641,True,0.0,1.0,0.9249542285577069,12,False,0.0,0.0,-0.16,-0.03,0.0,0.0,-0.19,20260814,V2,full,20261723,20261591,72,20,6
43,fresh_bandit_v2,ai_app_scam_mule|0.65|0.97|0.63|0.67|0.45|0.57|0.77,ai_app_scam_mule,-0.17265973870888554,0.9087354668888712,True,0.0,1.0,0.9322234019254735,12,False,0.0,0.0,-0.16,-0.03,0.0,0.0,-0.19,20260814,V2,full,20261723,20261591,72,20,6
44,fresh_bandit_v2,fake_merchant_collusion|0.69|1.56|0.23|0.05|0.98|0.61|0.72,fake_merchant_collusion,-0.18912021609717128,0.9953695584061646,True,0.0,1.0,0.9147038033652994,12,False,0.0,0.0,-0.16,-0.03,0.0,0.0,-0.19,20260814,V2,full,20261723,20261591,72,20,6
45,fresh_bandit_v2,fake_merchant_collusion|1.38|0.68|0.67|0.47|0.78|0.9|0.81,fake_merchant_collusion,-0.1845111700742959,0.9711114214436627,True,0.0,1.0,0.9170377252153378,12,False,0.0,0.0,-0.16,-0.03,0.0,0.0,-0.19,20260814,V2,full,20261723,20261591,72,20,6
46,fresh_bandit_v2,deepfake_account_takeover|0.87|0.99|0.94|0.51|0.74|0.61|0.8,deepfake_account_takeover,-0.17350972186712127,0.913209062458533,True,0.0,1.0,0.9346791154032207,12,False,0.0,0.0,-0.16,-0.03,0.0,0.0,-0.19,20260814,V2,full,20261723,20261591,72,20,6
47,fresh_bandit_v2,synthetic_identity_bustout|0.78|1.38|0.17|0.38|0.05|0.98|0.54,synthetic_identity_bustout,-0.1793135196245387,0.9437553664449405,True,0.0,1.0,0.8959239134606524,12,False,0.0,0.0,-0.16,-0.03,0.0,0.0,-0.19,20260814,V2,full,20261723,20261591,72,20,6
48,fresh_bandit_v2,deepfake_account_takeover|0.73|0.51|0.85|0.31|0.3|0.97|0.66,deepfake_account_takeover,-0.16869061358230736,0.887845334643723,True,0.0,1.0,0.9386617496742361,12,False,0.0,0.0,-0.16,-0.03,0.0,0.0,-0.19,20260814,V2,full,20261723,20261591,72,20,6
49,fresh_bandit_v2,ai_app_scam_mule|1.24|1.09|0.33|0.98|0.34|0.98|0.98,ai_app_scam_mule,-0.17187855999999999,0.9046239999999999,True,0.0,1.0,0.9417038530718577,12,False,0.0,0.0,-0.16,-0.03,0.0,0.0,-0.19,20260814,V2,full,20261723,20261591,72,20,6
50,fresh_bandit_v2,adaptive_card_testing|1.01|1.32|0.11|0.28|0.66|0.98|0.41,adaptive_card_testing,-0.1871762620861138,0.985138221505862,True,0.0,1.0,0.8801054927302552,12,False,0.0,0.0,-0.16,-0.03,0.0,0.0,-0.19,20260814,V2,full,20261723,20261591,72,20,6
51,fresh_bandit_v2,agentic_intent_hijack|0.47|0.46|0.22|0.31|0.69|0.88|0.76,agentic_intent_hijack,-0.1711703134921382,0.9008963868007274,True,0.0,1.0,0.9377482322444372,12,False,0.0,0.0,-0.16,-0.03,0.0,0.0,-0.19,20260814,V2,full,20261723,20261591,72,20,6
52,fresh_bandit_v2,ai_app_scam_mule|1.27|0.73|0.05|0.28|0.22|0.72|0.75,ai_app_scam_mule,-0.16483380096135122,0.8675463208492169,True,0.0,1.0,0.9318002398199817,12,False,0.0,0.0,-0.16,-0.03,0.0,0.0,-0.19,20260814,V2,full,20261723,20261591,72,20,6
53,fresh_bandit_v2,agentic_intent_hijack|1.65|1.59|0.43|0.05|0.97|0.98|0.93,agentic_intent_hijack,-0.17357353834668499,0.9135449386667631,True,0.0,1.0,0.9391773464662272,12,False,0.0,0.0,-0.16,-0.03,0.0,0.0,-0.19,20260814,V2,full,20261723,20261591,72,20,6
54,fresh_bandit_v2,adaptive_card_testing|0.76|1.11|0.26|0.42|0.41|0.32|0.74,adaptive_card_testing,-0.18405907326495832,0.9687319645524122,True,0.0,1.0,0.8769958539511551,12,False,0.0,0.0,-0.16,-0.03,0.0,0.0,-0.19,20260814,V2,full,20261723,20261591,72,20,6
55,fresh_bandit_v2,deepfake_account_takeover|1.29|0.8|0.73|0.83|0.24|0.59|0.71,deepfake_account_takeover,-0.16935628829182475,0.8913488857464461,True,0.0,1.0,0.9394839506356564,12,False,0.0,0.0,-0.16,-0.03,0.0,0.0,-0.19,20260814,V2,full,20261723,20261591,72,20,6
56,fresh_bandit_v2,synthetic_identity_bustout|1.28|1.09|0.22|0.31|0.39|0.42|0.47,synthetic_identity_bustout,-0.17829663532811216,0.9384033438321693,True,0.0,1.0,0.9024849741325353,12,False,0.0,0.0,-0.16,-0.03,0.0,0.0,-0.19,20260814,V2,full,20261723,20261591,72,20,6
57,fresh_bandit_v2,deepfake_account_takeover|1.48|1.1|0.72|0.23|0.05|0.8|0.79,deepfake_account_takeover,-0.1611569129791247,0.8481942788374985,True,0.0,1.0,0.9317585857294072,12,False,0.0,0.0,-0.16,-0.03,0.0,0.0,-0.19,20260814,V2,full,20261723,20261591,72,20,6
58,fresh_bandit_v2,ai_app_scam_mule|0.71|1.18|0.22|0.98|0.24|0.82|0.58,ai_app_scam_mule,-0.16380356,0.8621239999999999,True,0.0,1.0,0.9410414929361687,12,False,0.0,0.0,-0.16,-0.03,0.0,0.0,-0.19,20260814,V2,full,20261723,20261591,72,20,6
59,fresh_bandit_v2,agentic_intent_hijack|1.17|1.57|0.62|0.17|0.7|0.71|0.7,agentic_intent_hijack,-0.17183955007451504,0.9044186846027108,True,0.0,1.0,0.9258890756826296,12,False,0.0,0.0,-0.16,-0.03,0.0,0.0,-0.19,20260814,V2,full,20261723,20261591,72,20,6
60,fresh_bandit_v2,deepfake_account_takeover|0.63|2.1|0.43|0.47|0.35|0.98|0.89,deepfake_account_takeover,-0.16733964799209097,0.8807349894320577,True,0.0,1.0,0.929543904076808,12,False,0.0,0.0,-0.16,-0.03,0.0,0.0,-0.19,20260814,V2,full,20261723,20261591,72,20,6
61,fresh_bandit_v2,adaptive_card_testing|1.15|0.65|0.27|0.2|0.18|0.69|0.76,adaptive_card_testing,-0.18157209113056402,0.9556425848977054,True,0.0,1.0,0.8940624594359584,12,False,0.0,0.0,-0.16,-0.03,0.0,0.0,-0.19,20260814,V2,full,20261723,20261591,72,20,6
62,fresh_bandit_v2,ai_app_scam_mule|0.64|0.99|0.64|0.69|0.28|0.72|0.86,ai_app_scam_mule,-0.16856867861906896,0.8872035716793103,True,0.0,1.0,0.9334860419836665,12,False,0.0,0.0,-0.16,-0.03,0.0,0.0,-0.19,20260814,V2,full,20261723,20261591,72,20,6
63,fresh_bandit_v2,fake_merchant_collusion|1.38|0.68|0.67|0.47|0.78|0.9|0.81,fake_merchant_collusion,-0.1830861700742959,0.9636114214436626,True,0.0,1.0,0.9215072336858655,12,False,0.0,0.0,-0.16,-0.03,0.0,0.0,-0.19,20260814,V2,full,20261723,20261591,72,20,6
64,fresh_bandit_v2,agentic_intent_hijack|0.87|1.05|0.05|0.16|0.96|0.44|0.85,agentic_intent_hijack,-0.17376045009086324,0.9145286846887539,True,0.0,1.0,0.9258877707136941,12,False,0.0,0.0,-0.16,-0.03,0.0,0.0,-0.19,20260814,V2,full,20261723,20261591,72,20,6
65,fresh_bandit_v2,synthetic_identity_bustout|0.71|0.5|0.05|0.37|0.29|0.86|0.88,synthetic_identity_bustout,-0.1803532034349665,0.9492273864998236,True,0.0,1.0,0.9184192639064089,12,False,0.0,0.0,-0.16,-0.03,0.0,0.0,-0.19,20260814,V2,full,20261723,20261591,72,20,6
66,fresh_bandit_v2,deepfake_account_takeover|1.48|1.1|0.72|0.23|0.05|0.8|0.79,deepfake_account_takeover,-0.16353191297912475,0.8606942788374987,True,0.0,1.0,0.9345588350505026,12,False,0.0,0.0,-0.16,-0.03,0.0,0.0,-0.19,20260814,V2,full,20261723,20261591,72,20,6
67,fresh_bandit_v2,agentic_intent_hijack|1.0|0.67|0.05|0.24|0.26|0.6|0.65,agentic_intent_hijack,-0.16247928743238316,0.855154144380964,True,0.0,1.0,0.9212469580914092,12,False,0.0,0.0,-0.16,-0.03,0.0,0.0,-0.19,20260814,V2,full,20261723,20261591,72,20,6
68,fresh_bandit_v2,deepfake_account_takeover|1.29|0.8|0.73|0.83|0.24|0.59|0.71,deepfake_account_takeover,-0.17264371170817522,0.9086511142535537,True,0.0,1.0,0.9374933310608262,12,False,0.0,0.0,-0.16,-0.03,0.0,0.0,-0.19,20260814,V2,full,20261723,20261591,72,20,6
69,fresh_bandit_v2,ai_app_scam_mule|1.27|0.73|0.05|0.28|0.22|0.72|0.75,ai_app_scam_mule,-0.16435880096135122,0.865046320849217,True,0.0,1.0,0.9342206017398453,12,False,0.0,0.0,-0.16,-0.03,0.0,0.0,-0.19,20260814,V2,full,20261723,20261591,72,20,6
70,fresh_bandit_v2,agentic_intent_hijack|1.65|1.59|0.43|0.05|0.97|0.98|0.93,agentic_intent_hijack,-0.17317646165331496,0.9114550613332366,True,0.0,1.0,0.9272862260085267,12,False,0.0,0.0,-0.16,-0.03,0.0,0.0,-0.19,20260814,V2,full,20261723,20261591,72,20,6
71,fresh_bandit_v2,fake_merchant_collusion|0.69|1.56|0.23|0.05|0.98|0.61|0.72,fake_merchant_collusion,-0.1881702160971713,0.9903695584061647,True,0.0,1.0,0.8946721323193584,12,False,0.0,0.0,-0.16,-0.03,0.0,0.0,-0.19,20260814,V2,full,20261723,20261591,72,20,6
0,fresh_bandit_v0,fake_merchant_collusion|0.45|1.94|0.34|0.05|0.98|0.63|0.96,fake_merchant_collusion,1.5109525456436708,0.9910884380039657,True,313.93594945978543,0.6666666666666666,0.529245093207299,12,True,0.6278718989195708,0.8333333333333335,-0.10666666666666666,-0.03,0.2,0.0,1.5245385655862376,20260815,V0,full,20261724,20261592,72,20,6
1,fresh_bandit_v0,deepfake_account_takeover|2.2|1.35|0.57|0.36|0.79|0.98|0.67,deepfake_account_takeover,-0.16727711391133418,0.8804058626912324,True,0.0,1.0,0.9419313419935847,12,False,0.0,0.0,-0.16,-0.03,0.0,0.0,-0.19,20260815,V0,full,20261724,20261592,72,20,6
2,fresh_bandit_v0,agentic_intent_hijack|0.45|0.59|0.56|0.2|0.98|0.88|0.66,agentic_intent_hijack,-0.17377750922324098,0.9146184695960051,True,0.0,1.0,0.9288455337674418,12,False,0.0,0.0,-0.16,-0.03,0.0,0.0,-0.19,20260815,V0,full,20261724,20261592,72,20,6
3,fresh_bandit_v0,fake_merchant_collusion|0.45|1.94|0.34|0.05|0.98|0.63|0.96,fake_merchant_collusion,0.5337892063740929,0.9889115619960342,True,143.22056434956525,0.8333333333333334,0.7540621619385545,12,False,0.2864411286991305,0.4166666666666666,-0.13333333333333333,-0.03,0.0,0.0,0.5397744620324638,20260815,V0,full,20261724,20261592,72,20,6
4,fresh_bandit_v0,ai_app_scam_mule|0.46|1.07|0.13|0.98|0.51|0.69|0.7,ai_app_scam_mule,-0.1671654980730635,0.8798184109108604,True,0.0,1.0,0.9449136688466361,12,False,0.0,0.0,-0.16,-0.03,0.0,0.0,-0.19,20260815,V0,full,20261724,20261592,72,20,6
5,fresh_bandit_v0,fake_merchant_collusion|1.78|0.74|0.32|0.05|0.8|0.87|0.8,fake_merchant_collusion,0.8261973390743362,0.9800140323693389,True,194.8565522799404,0.8333333333333334,0.742566802654371,12,True,0.3897131045598808,0.4166666666666666,-0.13333333333333333,-0.03,0.2,0.0,0.8430464378932141,20260815,V0,full,20261724,20261592,72,20,6
6,fresh_bandit_v0,synthetic_identity_bustout|1.71|1.28|0.14|0.05|0.6|0.52|0.9,synthetic_identity_bustout,-0.1787401586023514,0.9407376768544811,True,0.0,1.0,0.9059205145610204,12,False,0.0,0.0,-0.16,-0.03,0.0,0.0,-0.19,20260815,V0,full,20261724,20261592,72,20,6
7,fresh_bandit_v0,fake_merchant_collusion|1.63|0.98|0.38|0.66|0.9|0.55|0.83,fake_merchant_collusion,0.37295359943738676,0.9831829872410919,True,73.83308903018374,0.9166666666666666,0.7391168808980972,12,True,0.1476661780603675,0.20833333333333343,-0.14666666666666667,-0.03,0.2,0.0,0.3793328447270342,20260815,V0,full,20261724,20261592,72,20,6
8,fresh_bandit_v0,fake_merchant_collusion|0.45|1.94|0.34|0.05|0.98|0.63|0.96,fake_merchant_collusion,1.083183378316163,0.9960884380039658,True,306.218477691963,0.75,0.4818437454141981,12,False,0.6124369553839261,0.625,-0.12,-0.03,0.0,0.0,1.0874369553839258,20260815,V0,full,20261724,20261592,72,20,6
9,fresh_bandit_v0,adaptive_card_testing|0.76|1.05|0.36|0.05|0.18|0.83|0.66,adaptive_card_testing,-0.17715633247173868,0.9324017498512562,True,0.0,1.0,0.8675819735271602,12,False,0.0,0.0,-0.16,-0.03,0.0,0.0,-0.19,20260815,V0,full,20261724,20261592,72,20,6
10,fresh_bandit_v0,fake_merchant_collusion|0.45|1.94|0.34|0.05|0.98|0.63|0.96,fake_merchant_collusion,1.8651776676114031,0.9939115619960341,True,368.3016250790157,0.5,0.4490570146295744,12,False,0.7366032501580314,1.25,-0.08,-0.03,0.0,0.0,1.8766032501580312,20260815,V0,full,20261724,20261592,72,20,6
11,fresh_bandit_v0,fake_merchant_collusion|0.45|1.94|0.34|0.05|0.98|0.63|0.96,fake_merchant_collusion,1.3859380584503243,0.9989115619960343,True,345.3907715718748,0.6666666666666666,0.5274554093612078,12,False,0.6907815431437495,0.8333333333333335,-0.10666666666666666,-0.03,0.0,0.0,1.3874482098104162,20260815,V0,full,20261724,20261592,72,20,6
12,fresh_bandit_v0,fake_merchant_collusion|0.45|1.94|0.34|0.05|0.98|0.63|0.96,fake_merchant_collusion,0.7026806926850877,0.9960884380039658,True,115.22003261736992,0.75,0.5370598058415444,12,False,0.23044006523473984,0.625,-0.12,-0.03,0.0,0.0,0.7054400652347398,20260815,V0,full,20261724,20261592,72,20,6
13,fresh_bandit_v0,agentic_intent_hijack|1.35|1.91|0.29|0.05|0.98|0.9|0.82,agentic_intent_hijack,0.9877507731406799,0.9118718582983882,True,204.1061281811496,0.75,0.4591790530816057,12,True,0.4082122563622992,0.625,-0.12,-0.03,0.2,0.0,1.0832122563622992,20260815,V0,full,20261724,20261592,72,20,6
14,fresh_bandit_v0,fake_merchant_collusion|0.45|1.94|0.34|0.05|0.98|0.63|0.96,fake_merchant_collusion,0.3703673953753958,0.9989115619960343,True,58.71881162098293,0.8333333333333334,0.6120293885429852,12,False,0.11743762324196587,0.4166666666666666,-0.13333333333333333,-0.03,0.0,0.0,0.3707709565752991,20260815,V0,full,20261724,20261592,72,20,6
15,fresh_bandit_v0,agentic_intent_hijack|1.35|1.91|0.29|0.05|0.98|0.9|0.82,agentic_intent_hijack,0.1952107715574169,0.9131281417016117,True,91.0578918093077,0.9166666666666666,0.6931359722934847,12,False,0.1821157836186154,0.20833333333333343,-0.14666666666666667,-0.03,0.0,0.0,0.21378245028528217,20260815,V0,full,20261724,20261592,72,20,6
16,fresh_bandit_v0,fake_merchant_collusion|1.19|1.47|0.3|0.05|0.98|0.86|0.65,fake_merchant_collusion,0.7074768709159512,0.9910629012010634,True,130.2616726236872,0.8333333333333334,0.724877244078849,12,True,0.26052334524737436,0.4166666666666666,-0.13333333333333333,-0.03,0.2,0.0,0.7138566785807077,20260815,V0,full,20261724,20261592,72,20,6
17,fresh_bandit_v0,fake_merchant_collusion|0.45|1.94|0.34|0.05|0.98|0.63|0.96,fake_merchant_collusion,1.2275926414809695,0.9989115619960343,True,266.13179460451056,0.6666666666666666,0.5062249753882726,12,False,0.5322635892090212,0.8333333333333335,-0.10666666666666666,-0.03,0.0,0.0,1.2289302558756878,20260815,V0,full,20261724,20261592,72,20,6
18,fresh_bandit_v0,fake_merchant_collusion|0.45|1.94|0.34|0.05|0.98|0.63|0.96,fake_merchant_collusion,0.4383327922341989,0.9914115619960342,True,94.3983324905413,0.8333333333333334,0.720133508002644,12,False,0.1887966649810826,0.4166666666666666,-0.13333333333333333,-0.03,0.0,0.0,0.4421299983144158,20260815,V0,full,20261724,20261592,72,20,6
19,fresh_bandit_v0,fake_merchant_collusion|1.08|1.62|0.12|0.13|0.59|0.48|0.91,fake_merchant_collusion,3.2778155054379767,0.9966158063434474,True,974.4729677046666,0.5,0.4169295446273987,12,True,1.9489459354093333,1.25,-0.08,-0.03,0.2,0.0,3.2889459354093336,20260815,V0,full,20261724,20261592,72,20,6
20,fresh_bandit_v0,fake_merchant_collusion|1.08|1.62|0.12|0.13|0.59|0.48|0.91,fake_merchant_collusion,1.0852752583927918,0.9666158063434473,True,323.8788080386427,0.75,0.515338786312077,12,False,0.6477576160772854,0.625,-0.12,-0.03,0.0,0.0,1.1227576160772854,20260815,V0,full,20261724,20261592,72,20,6
21,fresh_bandit_v0,fake_merchant_collusion|1.08|1.62|0.12|0.13|0.59|0.48|0.91,fake_merchant_collusion,0.7637926239571141,0.9541158063434474,True,273.5953449670534,0.8333333333333334,0.6650024248245333,12,False,0.5471906899341068,0.4166666666666666,-0.13333333333333333,-0.03,0.0,0.0,0.80052402326744,20260815,V0,full,20261724,20261592,72,20,6
22,fresh_bandit_v0,fake_merchant_collusion|1.08|1.62|0.12|0.13|0.59|0.48|0.91,fake_merchant_collusion,0.05205368001482521,0.9816158063434473,True,10.68095040091442,0.9166666666666666,0.5935543681679012,12,False,0.02136190080182884,0.20833333333333343,-0.14666666666666667,-0.03,0.0,0.0,0.0530285674684956,20260815,V0,full,20261724,20261592,72,20,6
23,fresh_bandit_v0,fake_merchant_collusion|1.08|1.62|0.12|0.13|0.59|0.48|0.91,fake_merchant_collusion,2.4149576474646657,0.9916158063434473,True,758.5214903877006,0.5833333333333334,0.5095984176741386,12,False,1.5170429807754013,1.0416666666666665,-0.09333333333333334,-0.03,0.0,0.0,2.435376314108735,20260815,V0,full,20261724,20261592,72,20,6
24,fresh_bandit_v0,fake_merchant_collusion|1.08|1.62|0.12|0.13|0.59|0.48|0.91,fake_merchant_collusion,0.6975768572149061,0.9916158063434473,True,114.23746361869692,0.75,0.5798451784043449,12,False,0.22847492723739385,0.625,-0.12,-0.03,0.0,0.0,0.7034749272373938,20260815,V0,full,20261724,20261592,72,20,6
25,fresh_bandit_v0,fake_merchant_collusion|1.08|1.62|0.12|0.13|0.59|0.48|0.91,fake_merchant_collusion,0.0855543300429489,0.9766158063434474,True,27.968092717343257,0.9166666666666666,0.6537935223836423,12,False,0.055936185434686515,0.20833333333333343,-0.14666666666666667,-0.03,0.0,0.0,0.0876028521013533,20260815,V0,full,20261724,20261592,72,20,6
26,fresh_bandit_v0,fake_merchant_collusion|1.13|1.37|0.05|0.07|0.8|0.81|0.7,fake_merchant_collusion,0.2737847644905052,0.9675507238996423,True,25.650083363951367,0.9166666666666666,0.7316386544915866,12,True,0.05130016672790273,0.20833333333333343,-0.14666666666666667,-0.03,0.2,0.0,0.2829668333945695,20260815,V0,full,20261724,20261592,72,20,6
27,fresh_bandit_v0,deepfake_account_takeover|1.24|1.59|0.98|0.12|0.33|0.74|0.85,deepfake_account_takeover,-0.16142856,0.8496239999999999,True,0.0,1.0,0.9366005798622722,12,False,0.0,0.0,-0.16,-0.03,0.0,0.0,-0.19,20260815,V0,full,20261724,20261592,72,20,6
28,fresh_bandit_v0,fake_merchant_collusion|0.45|1.94|0.34|0.05|0.98|0.63|0.96,fake_merchant_collusion,0.927944604386124,0.9889115619960342,True,120.84138362171288,0.6666666666666666,0.5129706709169715,12,False,0.24168276724342574,0.8333333333333335,-0.10666666666666666,-0.03,0.0,0.0,0.9383494339100924,20260815,V0,full,20261724,20261592,72,20,6
29,fresh_bandit_v0,fake_merchant_collusion|1.08|1.62|0.12|0.13|0.59|0.48|0.91,fake_merchant_collusion,0.6962260404950671,0.9766158063434474,True,118.94827575636465,0.75,0.5953454696511259,12,False,0.23789655151272932,0.625,-0.12,-0.03,0.0,0.0,0.7128965515127293,20260815,V0,full,20261724,20261592,72,20,6
30,fresh_bandit_v0,fake_merchant_collusion|0.45|1.94|0.34|0.05|0.98|0.63|0.96,fake_merchant_collusion,0.7391235581012049,0.9939115619960341,True,134.3256162635093,0.75,0.5870888905688445,12,False,0.26865123252701856,0.625,-0.12,-0.03,0.0,0.0,0.7436512325270185,20260815,V0,full,20261724,20261592,72,20,6
31,fresh_bandit_v0,fake_merchant_collusion|1.08|1.62|0.12|0.13|0.59|0.48|0.91,fake_merchant_collusion,0.8181664148578655,0.9516158063434474,True,414.04940369351533,0.9166666666666666,0.6386689128234925,12,False,0.8280988073870307,0.20833333333333343,-0.14666666666666667,-0.03,0.0,0.0,0.8597654740536973,20260815,V0,full,20261724,20261592,72,20,6
32,fresh_bandit_v0,fake_merchant_collusion|0.45|1.94|0.34|0.05|0.98|0.63|0.96,fake_merchant_collusion,0.11854044567034636,0.9939115619960341,True,43.79996313033092,0.9166666666666666,0.7372058920613024,12,False,0.08759992626066185,0.20833333333333343,-0.14666666666666667,-0.03,0.0,0.0,0.11926659292732864,20260815,V0,full,20261724,20261592,72,20,6
33,fresh_bandit_v0,fake_merchant_collusion|1.08|1.62|0.12|0.13|0.59|0.48|0.91,fake_merchant_collusion,0.6707767127583155,0.9816158063434473,True,104.16967790432285,0.75,0.662692321606303,12,False,0.2083393558086457,0.625,-0.12,-0.03,0.0,0.0,0.6833393558086457,20260815,V0,full,20261724,20261592,72,20,6
34,fresh_bandit_v0,fake_merchant_collusion|0.9|0.64|0.14|0.19|0.98|0.46|0.72,fake_merchant_collusion,0.25467728092926395,0.9967461861680811,True,11.920995934959276,0.9166666666666666,0.8318994549160347,12,True,0.02384199186991855,0.20833333333333343,-0.14666666666666667,-0.03,0.2,0.0,0.25550865853658533,20260815,V0,full,20261724,20261592,72,20,6
35,fresh_bandit_v0,fake_merchant_collusion|1.08|1.62|0.12|0.13|0.59|0.48|0.91,fake_merchant_collusion,0.545991829033786,0.9566158063434473,True,158.71008825063726,0.8333333333333334,0.7004813276428891,12,False,0.3174201765012745,0.4166666666666666,-0.13333333333333333,-0.03,0.0,0.0,0.5707535098346077,20260815,V0,full,20261724,20261592,72,20,6
36,fresh_bandit_v0,fake_merchant_collusion|0.45|1.94|0.34|0.05|0.98|0.63|0.96,fake_merchant_collusion,0.8577083388046621,0.9939115619960341,True,304.8145493693757,0.8333333333333334,0.696094442566256,12,False,0.6096290987387514,0.4166666666666666,-0.13333333333333333,-0.03,0.0,0.0,0.8629624320720846,20260815,V0,full,20261724,20261592,72,20,6
37,fresh_bandit_v0,fake_merchant_collusion|1.08|1.62|0.12|0.13|0.59|0.48|0.91,fake_merchant_collusion,0.6437266472315016,0.9716158063434472,True,93.76604313596191,0.75,0.577058674549481,12,False,0.1875320862719238,0.625,-0.12,-0.03,0.0,0.0,0.6625320862719238,20260815,V0,full,20261724,20261592,72,20,6
38,fresh_bandit_v0,fake_merchant_collusion|0.45|1.94|0.34|0.05|0.98|0.63|0.96,fake_merchant_collusion,0.45204786299517846,0.9910884380039657,True,101.38960241139603,0.8333333333333334,0.5971568335178068,12,False,0.20277920482279205,0.4166666666666666,-0.13333333333333333,-0.03,0.0,0.0,0.4561125381561253,20260815,V0,full,20261724,20261592,72,20,6
39,fresh_bandit_v0,fake_merchant_collusion|1.08|1.62|0.12|0.13|0.59|0.48|0.91,fake_merchant_collusion,1.4329116909622992,0.9816158063434473,True,603.2073235963594,0.8333333333333334,0.6778794128418845,12,False,1.2064146471927188,0.4166666666666666,-0.13333333333333333,-0.03,0.0,0.0,1.459747980526052,20260815,V0,full,20261724,20261592,72,20,6
40,fresh_bandit_v0,fake_merchant_collusion|1.08|1.62|0.12|0.13|0.59|0.48|0.91,fake_merchant_collusion,0.6241067354079303,0.9866158063434474,True,189.61994226217644,0.8333333333333334,0.6507491757254072,12,False,0.37923988452435287,0.4166666666666666,-0.13333333333333333,-0.03,0.0,0.0,0.6325732178576862,20260815,V0,full,20261724,20261592,72,20,6
41,fresh_bandit_v0,fake_merchant_collusion|1.08|1.62|0.12|0.13|0.59|0.48|0.91,fake_merchant_collusion,0.7980643719790381,0.9716158063434472,True,173.18926975491067,0.75,0.6017691681724687,12,False,0.34637853950982134,0.625,-0.12,-0.03,0.0,0.0,0.8213785395098213,20260815,V0,full,20261724,20261592,72,20,6
42,fresh_bandit_v0,fake_merchant_collusion|1.08|1.62|0.12|0.13|0.59|0.48|0.91,fake_merchant_collusion,0.7637878691375287,0.9616158063434475,True,270.4710800816106,0.8333333333333334,0.6503509666431564,12,False,0.5409421601632212,0.4166666666666666,-0.13333333333333333,-0.03,0.0,0.0,0.7942754934965544,20260815,V0,full,20261724,20261592,72,20,6
43,fresh_bandit_v0,fake_merchant_collusion|1.08|1.62|0.12|0.13|0.59|0.48|0.91,fake_merchant_collusion,1.0059089957419618,0.9716158063434472,True,280.1475048957739,0.75,0.657781398089946,12,False,0.5602950097915479,0.625,-0.12,-0.03,0.0,0.0,1.0352950097915479,20260815,V0,full,20261724,20261592,72,20,6
44,fresh_bandit_v0,fake_merchant_collusion|1.08|1.62|0.12|0.13|0.59|0.48|0.91,fake_merchant_collusion,1.1365410101265134,0.9966158063434474,True,332.7001728712528,0.75,0.6173242612480841,12,False,0.6654003457425056,0.625,-0.12,-0.03,0.0,0.0,1.1404003457425056,20260815,V0,full,20261724,20261592,72,20,6
45,fresh_bandit_v0,fake_merchant_collusion|1.08|1.62|0.12|0.13|0.59|0.48|0.91,fake_merchant_collusion,0.7657273423582122,0.9616158063434473,True,160.64619170513495,0.75,0.6292651434120261,12,False,0.3212923834102699,0.625,-0.12,-0.03,0.0,0.0,0.7962923834102699,20260815,V0,full,20261724,20261592,72,20,6
46,fresh_bandit_v0,fake_merchant_collusion|1.08|1.62|0.12|0.13|0.59|0.48|0.91,fake_merchant_collusion,0.8401388661229736,0.9966158063434474,True,183.9958566658787,0.75,0.6509995577321969,12,False,0.3679917133317574,0.625,-0.12,-0.03,0.0,0.0,0.8429917133317574,20260815,V0,full,20261724,20261592,72,20,6
47,fresh_bandit_v0,fake_merchant_collusion|1.08|1.62|0.12|0.13|0.59|0.48|0.91,fake_merchant_collusion,0.09379168522550635,0.9866158063434474,True,31.6986870450513,0.9166666666666666,0.6072858322495726,12,False,0.0633973740901026,0.20833333333333343,-0.14666666666666667,-0.03,0.0,0.0,0.09506404075676936,20260815,V0,full,20261724,20261592,72,20,6
48,fresh_bandit_v0,fake_merchant_collusion|1.19|1.47|0.3|0.05|0.98|0.86|0.65,fake_merchant_collusion,0.09866741100777898,0.9864370987989365,True,34.1786801685484,0.9166666666666666,0.7111138740945887,12,False,0.06835736033709679,0.20833333333333343,-0.14666666666666667,-0.03,0.0,0.0,0.10002402700376353,20260815,V0,full,20261724,20261592,72,20,6
49,fresh_bandit_v0,fake_merchant_collusion|0.45|1.94|0.34|0.05|0.98|0.63|0.96,fake_merchant_collusion,0.9744982883365985,0.9889115619960342,True,144.37922347490957,0.6666666666666666,0.4734489943098859,12,False,0.2887584469498191,0.8333333333333335,-0.10666666666666666,-0.03,0.0,0.0,0.9854251136164858,20260815,V0,full,20261724,20261592,72,20,6
50,fresh_bandit_v0,fake_merchant_collusion|0.45|1.94|0.34|0.05|0.98|0.63|0.96,fake_merchant_collusion,0.06951570430618995,0.9989115619960343,True,18.962391809382467,0.9166666666666666,0.7393565369920979,12,False,0.03792478361876493,0.20833333333333343,-0.14666666666666667,-0.03,0.0,0.0,0.0695914502854317,20260815,V0,full,20261724,20261592,72,20,6
51,fresh_bandit_v0,fake_merchant_collusion|1.08|1.62|0.12|0.13|0.59|0.48|0.91,fake_merchant_collusion,0.7009338328093007,0.9816158063434473,True,230.36397010572983,0.8333333333333334,0.6910531417593869,12,False,0.4607279402114597,0.4166666666666666,-0.13333333333333333,-0.03,0.0,0.0,0.7140612735447929,20260815,V0,full,20261724,20261592,72,20,6
52,fresh_bandit_v0,fake_merchant_collusion|1.08|1.62|0.12|0.13|0.59|0.48|0.91,fake_merchant_collusion,1.093179029439302,0.9766158063434474,True,322.17711270836355,0.75,0.5765794597961719,12,False,0.6443542254167272,0.625,-0.12,-0.03,0.0,0.0,1.1193542254167272,20260815,V0,full,20261724,20261592,72,20,6
53,fresh_bandit_v0,fake_merchant_collusion|1.08|1.62|0.12|0.13|0.59|0.48|0.91,fake_merchant_collusion,0.08434263356796748,0.9741158063434473,True,27.458559180230104,0.9166666666666666,0.6227006124803371,12,False,0.05491711836046021,0.20833333333333343,-0.14666666666666667,-0.03,0.0,0.0,0.08658378502712696,20260815,V0,full,20261724,20261592,72,20,6
54,fresh_bandit_v0,fake_merchant_collusion|1.08|1.62|0.12|0.13|0.59|0.48|0.91,fake_merchant_collusion,0.15248682166276376,0.9741158063434473,True,62.436016506679884,0.9166666666666666,0.635458206949469,12,False,0.12487203301335977,0.20833333333333343,-0.14666666666666667,-0.03,0.0,0.0,0.1565386996800265,20260815,V0,full,20261724,20261592,72,20,6
55,fresh_bandit_v0,fake_merchant_collusion|0.45|1.94|0.34|0.05|0.98|0.63|0.96,fake_merchant_collusion,1.0375540494348863,0.9939115619960341,True,173.62158152408452,0.6666666666666666,0.553842652806119,12,False,0.34724316304816905,0.8333333333333335,-0.10666666666666666,-0.03,0.0,0.0,1.0439098297148357,20260815,V0,full,20261724,20261592,72,20,6
56,fresh_bandit_v0,fake_merchant_collusion|0.45|1.94|0.34|0.05|0.98|0.63|0.96,fake_merchant_collusion,0.9314401500953143,0.9910884380039657,True,232.40768652856957,0.75,0.5737448536738446,12,False,0.46481537305713916,0.625,-0.12,-0.03,0.0,0.0,0.9398153730571391,20260815,V0,full,20261724,20261592,72,20,6
57,fresh_bandit_v0,fake_merchant_collusion|0.45|1.94|0.34|0.05|0.98|0.63|0.96,fake_merchant_collusion,1.254074276992049,0.9814115619960342,True,179.74687661861032,0.5833333333333334,0.5511855192731189,12,False,0.3594937532372206,1.0416666666666665,-0.09333333333333334,-0.03,0.0,0.0,1.2778270865705539,20260815,V0,full,20261724,20261592,72,20,6
58,fresh_bandit_v0,fake_merchant_collusion|0.45|1.94|0.34|0.05|0.98|0.63|0.96,fake_merchant_collusion,0.7448405694170793,0.9839115619960341,True,141.00991805912003,0.75,0.6269920950840294,12,False,0.28201983611824005,0.625,-0.12,-0.03,0.0,0.0,0.75701983611824,20260815,V0,full,20261724,20261592,72,20,6
59,fresh_bandit_v0,fake_merchant_collusion|0.45|1.94|0.34|0.05|0.98|0.63|0.96,fake_merchant_collusion,0.5116759542620521,0.9685884380039658,True,137.46819917815836,0.8333333333333334,0.5746489534141966,12,False,0.2749363983563167,0.4166666666666666,-0.13333333333333333,-0.03,0.0,0.0,0.52826973168965,20260815,V0,full,20261724,20261592,72,20,6
60,fresh_bandit_v0,fake_merchant_collusion|0.45|1.94|0.34|0.05|0.98|0.63|0.96,fake_merchant_collusion,0.23016430122145226,0.9989115619960343,True,99.37421354976397,0.9166666666666666,0.571364850479138,12,False,0.19874842709952792,0.20833333333333343,-0.14666666666666667,-0.03,0.0,0.0,0.2304150937661947,20260815,V0,full,20261724,20261592,72,20,6
61,fresh_bandit_v0,fake_merchant_collusion|1.08|1.62|0.12|0.13|0.59|0.48|0.91,fake_merchant_collusion,0.7302255819321312,0.9741158063434473,True,137.31456371865562,0.75,0.6703367675351029,12,False,0.2746291274373112,0.625,-0.12,-0.03,0.0,0.0,0.7496291274373111,20260815,V0,full,20261724,20261592,72,20,6
62,fresh_bandit_v0,fake_merchant_collusion|1.08|1.62|0.12|0.13|0.59|0.48|0.91,fake_merchant_collusion,0.4074280003184207,0.9866158063434474,True,79.81086881313308,0.8333333333333334,0.6613501423737175,12,False,0.15962173762626616,0.4166666666666666,-0.13333333333333333,-0.03,0.0,0.0,0.4129550709595994,20260815,V0,full,20261724,20261592,72,20,6
63,fresh_bandit_v0,fake_merchant_collusion|0.45|1.94|0.34|0.05|0.98|0.63|0.96,fake_merchant_collusion,0.4863505905221661,0.9989115619960343,True,116.77359823042592,0.8333333333333334,0.6630873088558472,12,False,0.23354719646085184,0.4166666666666666,-0.13333333333333333,-0.03,0.0,0.0,0.48688052979418506,20260815,V0,full,20261724,20261592,72,20,6
64,fresh_bandit_v0,fake_merchant_collusion|1.63|0.98|0.38|0.66|0.9|0.55|0.83,fake_merchant_collusion,-0.18775476757580745,0.9881829872410919,True,0.0,1.0,0.7723078851046181,12,False,0.0,0.0,-0.16,-0.03,0.0,0.0,-0.19,20260815,V0,full,20261724,20261592,72,20,6
65,fresh_bandit_v0,fake_merchant_collusion|0.45|1.94|0.34|0.05|0.98|0.63|0.96,fake_merchant_collusion,0.6434508194209594,0.9960884380039658,True,196.3221337607095,0.8333333333333334,0.6934995589688261,12,False,0.392644267521419,0.4166666666666666,-0.13333333333333333,-0.03,0.0,0.0,0.6459776008547522,20260815,V0,full,20261724,20261592,72,20,6
66,fresh_bandit_v0,fake_merchant_collusion|1.08|1.62|0.12|0.13|0.59|0.48|0.91,fake_merchant_collusion,-0.18650700320525498,0.9816158063434473,True,0.0,1.0,0.6567373262253895,12,False,0.0,0.0,-0.16,-0.03,0.0,0.0,-0.19,20260815,V0,full,20261724,20261592,72,20,6
67,fresh_bandit_v0,fake_merchant_collusion|0.45|1.94|0.34|0.05|0.98|0.63|0.96,fake_merchant_collusion,0.5807155158866112,0.9989115619960343,True,164.0074720559947,0.8333333333333334,0.6173247688669555,12,False,0.3280149441119894,0.4166666666666666,-0.13333333333333333,-0.03,0.0,0.0,0.5813482774453227,20260815,V0,full,20261724,20261592,72,20,6
68,fresh_bandit_v0,fake_merchant_collusion|0.45|1.94|0.34|0.05|0.98|0.63|0.96,fake_merchant_collusion,0.0396952532819162,0.9839115619960341,True,4.338831937998289,0.9166666666666666,0.774967274857714,12,False,0.008677663875996578,0.20833333333333343,-0.14666666666666667,-0.03,0.0,0.0,0.04034433054266334,20260815,V0,full,20261724,20261592,72,20,6
69,fresh_bandit_v0,fake_merchant_collusion|1.08|1.62|0.12|0.13|0.59|0.48|0.91,fake_merchant_collusion,0.7048531293577638,0.9516158063434473,True,243.67876300107872,0.8333333333333334,0.7267146304597869,12,False,0.4873575260021574,0.4166666666666666,-0.13333333333333333,-0.03,0.0,0.0,0.7406908593354906,20260815,V0,full,20261724,20261592,72,20,6
70,fresh_bandit_v0,fake_merchant_collusion|1.08|1.62|0.12|0.13|0.59|0.48|0.91,fake_merchant_collusion,0.39942614045201474,0.9591158063434473,True,81.55956514510757,0.8333333333333334,0.5023887196284911,12,False,0.16311913029021513,0.4166666666666666,-0.13333333333333333,-0.03,0.0,0.0,0.4164524636235484,20260815,V0,full,20261724,20261592,72,20,6
71,fresh_bandit_v0,fake_merchant_collusion|1.08|1.62|0.12|0.13|0.59|0.48|0.91,fake_merchant_collusion,1.1077671938630589,0.9591158063434473,True,339.99397233183606,0.75,0.594104606956812,12,False,0.6799879446636721,0.625,-0.12,-0.03,0.0,0.0,1.1549879446636722,20260815,V0,full,20261724,20261592,72,20,6
0,fresh_bandit_v1,fake_merchant_collusion|0.45|1.94|0.34|0.05|0.98|0.63|0.96,fake_merchant_collusion,1.2402027405304406,0.9910884380039657,True,288.177130805898,0.75,0.6200211969018433,12,True,0.576354261611796,0.625,-0.12,-0.03,0.2,0.0,1.2513542616117959,20260815,V1,full,20261724,20261592,72,20,6
1,fresh_bandit_v1,deepfake_account_takeover|2.2|1.35|0.57|0.36|0.79|0.98|0.67,deepfake_account_takeover,-0.16727711391133418,0.8804058626912324,True,0.0,1.0,0.9421141526419444,12,False,0.0,0.0,-0.16,-0.03,0.0,0.0,-0.19,20260815,V1,full,20261724,20261592,72,20,6
2,fresh_bandit_v1,agentic_intent_hijack|0.45|0.59|0.56|0.2|0.98|0.88|0.66,agentic_intent_hijack,-0.17377750922324098,0.9146184695960051,True,0.0,1.0,0.9277506826589713,12,False,0.0,0.0,-0.16,-0.03,0.0,0.0,-0.19,20260815,V1,full,20261724,20261592,72,20,6
3,fresh_bandit_v1,ai_app_scam_mule|0.46|1.07|0.13|0.98|0.51|0.69|0.7,ai_app_scam_mule,-0.1709654980730635,0.8998184109108605,True,0.0,1.0,0.9324622429864003,12,False,0.0,0.0,-0.16,-0.03,0.0,0.0,-0.19,20260815,V1,full,20261724,20261592,72,20,6
4,fresh_bandit_v1,fake_merchant_collusion|0.45|1.94|0.34|0.05|0.98|0.63|0.96,fake_merchant_collusion,0.062469313860738854,0.9960884380039658,True,15.52397967088108,0.9166666666666666,0.6873272231045897,12,False,0.03104795934176216,0.20833333333333343,-0.14666666666666667,-0.03,0.0,0.0,0.06271462600842892,20260815,V1,full,20261724,20261592,72,20,6
5,fresh_bandit_v1,fake_merchant_collusion|1.78|0.74|0.32|0.05|0.8|0.87|0.8,fake_merchant_collusion,0.47027237567248564,0.9800140323693389,True,124.098116696789,0.9166666666666666,0.7932331506754124,12,True,0.24819623339357802,0.20833333333333343,-0.14666666666666667,-0.03,0.2,0.0,0.47986290006024485,20260815,V1,full,20261724,20261592,72,20,6
6,fresh_bandit_v1,synthetic_identity_bustout|1.71|1.28|0.14|0.05|0.6|0.52|0.9,synthetic_identity_bustout,-0.1787401586023514,0.9407376768544811,True,0.0,1.0,0.9042815442424083,12,False,0.0,0.0,-0.16,-0.03,0.0,0.0,-0.19,20260815,V1,full,20261724,20261592,72,20,6
7,fresh_bandit_v1,adaptive_card_testing|0.94|0.81|0.83|0.41|0.19|0.6|0.59,adaptive_card_testing,-0.18308547254064342,0.9636077502139127,True,0.0,1.0,0.9052015637447677,12,False,0.0,0.0,-0.16,-0.03,0.0,0.0,-0.19,20260815,V1,full,20261724,20261592,72,20,6
8,fresh_bandit_v1,fake_merchant_collusion|1.63|0.98|0.38|0.66|0.9|0.55|0.83,fake_merchant_collusion,0.2964367350260135,0.9868170127589081,True,34.36509818602511,0.9166666666666666,0.8349619901265354,12,True,0.06873019637205022,0.20833333333333343,-0.14666666666666667,-0.03,0.2,0.0,0.30039686303871693,20260815,V1,full,20261724,20261592,72,20,6
9,fresh_bandit_v1,agentic_intent_hijack|1.35|1.91|0.29|0.05|0.98|0.9|0.82,agentic_intent_hijack,-0.1744443469233062,0.9181281417016116,True,0.0,1.0,0.933383222789922,12,False,0.0,0.0,-0.16,-0.03,0.0,0.0,-0.19,20260815,V1,full,20261724,20261592,72,20,6
10,fresh_bandit_v1,fake_merchant_collusion|1.13|0.59|0.14|0.33|0.98|0.92|0.67,fake_merchant_collusion,-0.18911179686761304,0.9953252466716476,True,0.0,1.0,0.8949132088801365,12,False,0.0,0.0,-0.16,-0.03,0.0,0.0,-0.19,20260815,V1,full,20261724,20261592,72,20,6
11,fresh_bandit_v1,fake_merchant_collusion|0.45|1.94|0.34|0.05|0.98|0.63|0.96,fake_merchant_collusion,-0.1897931967792465,0.9989115619960343,True,0.0,1.0,0.6745288578639658,12,False,0.0,0.0,-0.16,-0.03,0.0,0.0,-0.19,20260815,V1,full,20261724,20261592,72,20,6
12,fresh_bandit_v1,ai_app_scam_mule|2.2|1.31|0.05|0.69|0.05|0.55|0.76,ai_app_scam_mule,-0.15714910738030224,0.8271005651594855,True,0.0,1.0,0.9389552159154743,12,False,0.0,0.0,-0.16,-0.03,0.0,0.0,-0.19,20260815,V1,full,20261724,20261592,72,20,6
13,fresh_bandit_v1,deepfake_account_takeover|0.91|1.27|0.73|0.84|0.06|0.98|0.64,deepfake_account_takeover,-0.17019099365782808,0.8957420718833057,True,0.0,1.0,0.9330653042240228,12,False,0.0,0.0,-0.16,-0.03,0.0,0.0,-0.19,20260815,V1,full,20261724,20261592,72,20,6
14,fresh_bandit_v1,adaptive_card_testing|1.3|0.73|0.05|0.05|0.17|0.93|0.49,adaptive_card_testing,-0.1798426,0.9465399999999999,True,0.0,1.0,0.8813031848317819,12,False,0.0,0.0,-0.16,-0.03,0.0,0.0,-0.19,20260815,V1,full,20261724,20261592,72,20,6
15,fresh_bandit_v1,adaptive_card_testing|1.86|1.34|0.54|0.28|0.88|0.6|0.55,adaptive_card_testing,-0.18731538009002532,0.985870421526449,True,0.0,1.0,0.9114994148926274,12,False,0.0,0.0,-0.16,-0.03,0.0,0.0,-0.19,20260815,V1,full,20261724,20261592,72,20,6
16,fresh_bandit_v1,fake_merchant_collusion|1.63|0.98|0.38|0.66|0.9|0.55|0.83,fake_merchant_collusion,-0.18822976757580745,0.9906829872410918,True,0.0,1.0,0.8988261104666616,12,False,0.0,0.0,-0.16,-0.03,0.0,0.0,-0.19,20260815,V1,full,20261724,20261592,72,20,6
17,fresh_bandit_v1,fake_merchant_collusion|1.19|1.47|0.3|0.05|0.98|0.86|0.65,fake_merchant_collusion,-0.18979804877179796,0.9989370987989366,True,0.0,1.0,0.7036151137301632,12,False,0.0,0.0,-0.16,-0.03,0.0,0.0,-0.19,20260815,V1,full,20261724,20261592,72,20,6
18,fresh_bandit_v1,deepfake_account_takeover|1.24|1.59|0.98|0.12|0.33|0.74|0.85,deepfake_account_takeover,-0.15762855999999997,0.8296239999999999,True,0.0,1.0,0.9396182144269019,12,False,0.0,0.0,-0.16,-0.03,0.0,0.0,-0.19,20260815,V1,full,20261724,20261592,72,20,6
19,fresh_bandit_v1,synthetic_identity_bustout|0.54|1.39|0.38|0.43|0.48|0.91|0.98,synthetic_identity_bustout,-0.18772403458814763,0.9880212346744612,True,0.0,1.0,0.8986112775564418,12,False,0.0,0.0,-0.16,-0.03,0.0,0.0,-0.19,20260815,V1,full,20261724,20261592,72,20,6
20,fresh_bandit_v1,fake_merchant_collusion|0.45|1.94|0.34|0.05|0.98|0.63|0.96,fake_merchant_collusion,-0.18694319677924648,0.9839115619960341,True,0.0,1.0,0.7835188763701293,12,False,0.0,0.0,-0.16,-0.03,0.0,0.0,-0.19,20260815,V1,full,20261724,20261592,72,20,6
21,fresh_bandit_v1,fake_merchant_collusion|1.78|0.74|0.32|0.05|0.8|0.87|0.8,fake_merchant_collusion,-0.1842973338498256,0.9699859676306611,True,0.0,1.0,0.8787564486407572,12,False,0.0,0.0,-0.16,-0.03,0.0,0.0,-0.19,20260815,V1,full,20261724,20261592,72,20,6
22,fresh_bandit_v1,agentic_intent_hijack|1.11|1.18|0.24|0.17|0.53|0.41|0.9,agentic_intent_hijack,-0.17101377138045196,0.9000724809497471,True,0.0,1.0,0.9102351119568485,12,False,0.0,0.0,-0.16,-0.03,0.0,0.0,-0.19,20260815,V1,full,20261724,20261592,72,20,6
23,fresh_bandit_v1,synthetic_identity_bustout|0.79|0.79|0.05|0.05|0.8|0.32|0.71,synthetic_identity_bustout,-0.18839260000000002,0.9915400000000001,True,0.0,1.0,0.9134667094952543,12,False,0.0,0.0,-0.16,-0.03,0.0,0.0,-0.19,20260815,V1,full,20261724,20261592,72,20,6
24,fresh_bandit_v1,adaptive_card_testing|0.96|0.56|0.16|0.1|0.72|0.73|0.75,adaptive_card_testing,-0.18808320088625832,0.9899115836118859,True,0.0,1.0,0.903855845973167,12,False,0.0,0.0,-0.16,-0.03,0.0,0.0,-0.19,20260815,V1,full,20261724,20261592,72,20,6
25,fresh_bandit_v1,fake_merchant_collusion|1.08|1.62|0.12|0.13|0.59|0.48|0.91,fake_merchant_collusion,0.28087749131163836,0.9766158063434474,True,27.968092717343257,0.9166666666666666,0.6936799989308294,12,True,0.055936185434686515,0.20833333333333343,-0.14666666666666667,-0.03,0.2,0.0,0.2876028521013533,20260815,V1,full,20261724,20261592,72,20,6
26,fresh_bandit_v1,fake_merchant_collusion|1.08|1.62|0.12|0.13|0.59|0.48|0.91,fake_merchant_collusion,0.07869018879616298,0.9766158063434474,True,24.45384422668756,0.9166666666666666,0.7864091034366586,12,False,0.04890768845337512,0.20833333333333343,-0.14666666666666667,-0.03,0.0,0.0,0.08057435512004188,20260815,V1,full,20261724,20261592,72,20,6
27,fresh_bandit_v1,fake_merchant_collusion|0.45|1.94|0.34|0.05|0.98|0.63|0.96,fake_merchant_collusion,-0.1878931967792465,0.9889115619960342,True,0.0,1.0,0.8241604821362528,12,False,0.0,0.0,-0.16,-0.03,0.0,0.0,-0.19,20260815,V1,full,20261724,20261592,72,20,6
28,fresh_bandit_v1,fake_merchant_collusion|1.63|0.98|0.38|0.66|0.9|0.55|0.83,fake_merchant_collusion,0.8890971487703455,0.9793170127589081,True,216.4373549049264,0.75,0.7192009038543391,12,False,0.43287470980985276,0.625,-0.12,-0.03,0.0,0.0,0.9078747098098526,20260815,V1,full,20261724,20261592,72,20,6
29,fresh_bandit_v1,fake_merchant_collusion|1.63|0.98|0.38|0.66|0.9|0.55|0.83,fake_merchant_collusion,0.1392911187671044,0.9806829872410918,True,55.18407013920233,0.9166666666666666,0.7899221347639154,12,False,0.11036814027840466,0.20833333333333343,-0.14666666666666667,-0.03,0.0,0.0,0.1420348069450714,20260815,V1,full,20261724,20261592,72,20,6
30,fresh_bandit_v1,fake_merchant_collusion|1.63|0.98|0.38|0.66|0.9|0.55|0.83,fake_merchant_collusion,-0.18844523242419253,0.9918170127589081,True,0.0,1.0,0.7899195061295378,12,False,0.0,0.0,-0.16,-0.03,0.0,0.0,-0.19,20260815,V1,full,20261724,20261592,72,20,6
31,fresh_bandit_v1,fake_merchant_collusion|1.78|0.74|0.32|0.05|0.8|0.87|0.8,fake_merchant_collusion,-0.18192233384982562,0.9574859676306611,True,0.0,1.0,0.8985869945192116,12,False,0.0,0.0,-0.16,-0.03,0.0,0.0,-0.19,20260815,V1,full,20261724,20261592,72,20,6
32,fresh_bandit_v1,fake_merchant_collusion|1.08|1.62|0.12|0.13|0.59|0.48|0.91,fake_merchant_collusion,0.07728218353128759,0.9716158063434472,True,23.93659580261247,0.9166666666666666,0.7191700688278827,12,False,0.04787319160522494,0.20833333333333343,-0.14666666666666667,-0.03,0.0,0.0,0.07953985827189172,20260815,V1,full,20261724,20261592,72,20,6
33,fresh_bandit_v1,fake_merchant_collusion|1.63|0.98|0.38|0.66|0.9|0.55|0.83,fake_merchant_collusion,0.4429106979496471,0.9706829872410918,True,101.47717832257281,0.8333333333333334,0.749719855520063,12,False,0.20295435664514563,0.4166666666666666,-0.13333333333333333,-0.03,0.0,0.0,0.4562876899784789,20260815,V1,full,20261724,20261592,72,20,6
34,fresh_bandit_v1,adaptive_card_testing|1.86|1.34|0.54|0.28|0.88|0.6|0.55,adaptive_card_testing,-0.1896903800900253,0.9983704215264491,True,0.0,1.0,0.899458103092292,12,False,0.0,0.0,-0.16,-0.03,0.0,0.0,-0.19,20260815,V1,full,20261724,20261592,72,20,6
35,fresh_bandit_v1,ai_app_scam_mule|0.91|0.59|0.44|0.88|0.32|0.53|0.76,ai_app_scam_mule,-0.16922868253608397,0.8906772765057052,True,0.0,1.0,0.9418454120568255,12,False,0.0,0.0,-0.16,-0.03,0.0,0.0,-0.19,20260815,V1,full,20261724,20261592,72,20,6
36,fresh_bandit_v1,fake_merchant_collusion|0.9|0.64|0.14|0.19|0.98|0.46|0.72,fake_merchant_collusion,-0.1860567753719354,0.979246186168081,True,0.0,1.0,0.9273475267429462,12,False,0.0,0.0,-0.16,-0.03,0.0,0.0,-0.19,20260815,V1,full,20261724,20261592,72,20,6
37,fresh_bandit_v1,synthetic_identity_bustout|1.24|1.18|0.05|0.33|0.07|0.8|0.78,synthetic_identity_bustout,-0.17569065982368579,0.9246876832825567,True,0.0,1.0,0.8916305805144895,12,False,0.0,0.0,-0.16,-0.03,0.0,0.0,-0.19,20260815,V1,full,20261724,20261592,72,20,6
38,fresh_bandit_v1,fake_merchant_collusion|1.63|0.98|0.38|0.66|0.9|0.55|0.83,fake_merchant_collusion,0.23927086989601937,0.9906829872410918,True,104.92722931766862,0.9166666666666666,0.8085330645597525,12,False,0.20985445863533725,0.20833333333333343,-0.14666666666666667,-0.03,0.0,0.0,0.241521125302004,20260815,V1,full,20261724,20261592,72,20,6
39,fresh_bandit_v1,fake_merchant_collusion|1.63|0.98|0.38|0.66|0.9|0.55|0.83,fake_merchant_collusion,-0.18822976757580745,0.9906829872410918,True,0.0,1.0,0.8643729036862847,12,False,0.0,0.0,-0.16,-0.03,0.0,0.0,-0.19,20260815,V1,full,20261724,20261592,72,20,6
40,fresh_bandit_v1,fake_merchant_collusion|1.08|1.62|0.12|0.13|0.59|0.48|0.91,fake_merchant_collusion,-0.187457003205255,0.9866158063434474,True,0.0,1.0,0.6868818989252209,12,False,0.0,0.0,-0.16,-0.03,0.0,0.0,-0.19,20260815,V1,full,20261724,20261592,72,20,6
41,fresh_bandit_v1,deepfake_account_takeover|0.96|2.08|0.58|0.75|0.3|0.98|0.53,deepfake_account_takeover,-0.17079979151174562,0.8989462711144507,True,0.0,1.0,0.9374155134341052,12,False,0.0,0.0,-0.16,-0.03,0.0,0.0,-0.19,20260815,V1,full,20261724,20261592,72,20,6
42,fresh_bandit_v1,fake_merchant_collusion|1.63|0.98|0.38|0.66|0.9|0.55|0.83,fake_merchant_collusion,-0.18892023242419254,0.994317012758908,True,0.0,1.0,0.8026061161231106,12,False,0.0,0.0,-0.16,-0.03,0.0,0.0,-0.19,20260815,V1,full,20261724,20261592,72,20,6
43,fresh_bandit_v1,synthetic_identity_bustout|1.66|1.02|0.72|0.13|0.53|0.69|0.66,synthetic_identity_bustout,-0.1834825045184389,0.96569739220231,True,0.0,1.0,0.9172114016829612,12,False,0.0,0.0,-0.16,-0.03,0.0,0.0,-0.19,20260815,V1,full,20261724,20261592,72,20,6
44,fresh_bandit_v1,fake_merchant_collusion|1.78|0.74|0.32|0.05|0.8|0.87|0.8,fake_merchant_collusion,0.5022558297689258,0.9900140323693389,True,237.82763173748899,0.9166666666666666,0.8371045729723,12,False,0.475655263474978,0.20833333333333343,-0.14666666666666667,-0.03,0.0,0.0,0.5073219301416447,20260815,V1,full,20261724,20261592,72,20,6
45,fresh_bandit_v1,fake_merchant_collusion|1.78|0.74|0.32|0.05|0.8|0.87|0.8,fake_merchant_collusion,-0.1847723338498256,0.9724859676306611,True,0.0,1.0,0.7676959218976691,12,False,0.0,0.0,-0.16,-0.03,0.0,0.0,-0.19,20260815,V1,full,20261724,20261592,72,20,6
46,fresh_bandit_v1,fake_merchant_collusion|1.19|1.47|0.3|0.05|0.98|0.86|0.65,fake_merchant_collusion,0.2626684871666702,0.9960629012010636,True,16.02002996829226,0.9166666666666666,0.7908218120508402,12,True,0.03204005993658452,0.20833333333333343,-0.14666666666666667,-0.03,0.2,0.0,0.2637067266032513,20260815,V1,full,20261724,20261592,72,20,6
47,fresh_bandit_v1,fake_merchant_collusion|1.19|1.47|0.3|0.05|0.98|0.86|0.65,fake_merchant_collusion,0.09673335262108676,0.9939370987989364,True,32.82837410166345,0.9166666666666666,0.7603780453071822,12,False,0.0656567482033269,0.20833333333333343,-0.14666666666666667,-0.03,0.0,0.0,0.09732341486999366,20260815,V1,full,20261724,20261592,72,20,6
48,fresh_bandit_v1,agentic_intent_hijack|1.35|1.91|0.29|0.05|0.98|0.9|0.82,agentic_intent_hijack,-0.17349434692330623,0.9131281417016117,True,0.0,1.0,0.9295012343312039,12,False,0.0,0.0,-0.16,-0.03,0.0,0.0,-0.19,20260815,V1,full,20261724,20261592,72,20,6
49,fresh_bandit_v1,fake_merchant_collusion|1.07|0.7|0.53|0.3|0.98|0.98|0.83,fake_merchant_collusion,0.25636454904709527,0.9831160670914549,True,14.550330217985051,0.9166666666666666,0.8451361768843703,12,True,0.0291006604359701,0.20833333333333343,-0.14666666666666667,-0.03,0.2,0.0,0.26076732710263684,20260815,V1,full,20261724,20261592,72,20,6
50,fresh_bandit_v1,fake_merchant_collusion|1.07|0.7|0.53|0.3|0.98|0.98|0.83,fake_merchant_collusion,0.06307971503435177,0.9631160670914551,True,16.914388976423222,0.9166666666666666,0.8413697655892954,12,False,0.033828777952846445,0.20833333333333343,-0.14666666666666667,-0.03,0.0,0.0,0.0654954446195132,20260815,V1,full,20261724,20261592,72,20,6
51,fresh_bandit_v1,fake_merchant_collusion|0.52|1.16|0.3|0.16|0.56|0.59|0.63,fake_merchant_collusion,0.4289779609881771,0.9865305095082202,True,101.58414988369358,0.9166666666666666,0.7650087693177765,12,True,0.20316829976738718,0.20833333333333343,-0.14666666666666667,-0.03,0.2,0.0,0.43483496643405395,20260815,V1,full,20261724,20261592,72,20,6
52,fresh_bandit_v1,fake_merchant_collusion|0.52|1.16|0.3|0.16|0.56|0.59|0.63,fake_merchant_collusion,0.1328877472916648,0.9715305095082201,True,52.55759520216438,0.9166666666666666,0.7950545019790476,12,False,0.10511519040432876,0.20833333333333343,-0.14666666666666667,-0.03,0.0,0.0,0.13678185707099552,20260815,V1,full,20261724,20261592,72,20,6
53,fresh_bandit_v1,fake_merchant_collusion|0.45|1.94|0.34|0.05|0.98|0.63|0.96,fake_merchant_collusion,-0.1883068032207535,0.9910884380039657,True,0.0,1.0,0.7386919504467743,12,False,0.0,0.0,-0.16,-0.03,0.0,0.0,-0.19,20260815,V1,full,20261724,20261592,72,20,6
54,fresh_bandit_v1,fake_merchant_collusion|0.8|0.65|0.27|0.09|0.76|0.98|0.59,fake_merchant_collusion,-0.18867880190633912,0.9930463258228375,True,0.0,1.0,0.8869703916388846,12,False,0.0,0.0,-0.16,-0.03,0.0,0.0,-0.19,20260815,V1,full,20261724,20261592,72,20,6
55,fresh_bandit_v1,ai_app_scam_mule|2.2|1.31|0.05|0.69|0.05|0.55|0.76,ai_app_scam_mule,-0.16332410738030223,0.8596005651594855,True,0.0,1.0,0.9401812750168528,12,False,0.0,0.0,-0.16,-0.03,0.0,0.0,-0.19,20260815,V1,full,20261724,20261592,72,20,6
56,fresh_bandit_v1,fake_merchant_collusion|0.8|1.12|0.48|0.07|0.98|0.44|0.87,fake_merchant_collusion,-0.18992510277271818,0.9996058040669378,True,0.0,1.0,0.8271378532052592,12,False,0.0,0.0,-0.16,-0.03,0.0,0.0,-0.19,20260815,V1,full,20261724,20261592,72,20,6
57,fresh_bandit_v1,fake_merchant_collusion|1.63|0.98|0.38|0.66|0.9|0.55|0.83,fake_merchant_collusion,0.4227463721839347,0.9668170127589081,True,91.96124668458177,0.8333333333333334,0.7644604688804403,12,False,0.18392249336916353,0.4166666666666666,-0.13333333333333333,-0.03,0.0,0.0,0.43725582670249674,20260815,V1,full,20261724,20261592,72,20,6
58,fresh_bandit_v1,fake_merchant_collusion|1.63|0.98|0.38|0.66|0.9|0.55|0.83,fake_merchant_collusion,0.2798556697624964,0.9756829872410919,True,127.58193239443928,0.9166666666666666,0.768656779527027,12,False,0.25516386478887854,0.20833333333333343,-0.14666666666666667,-0.03,0.0,0.0,0.28683053145554527,20260815,V1,full,20261724,20261592,72,20,6
59,fresh_bandit_v1,fake_merchant_collusion|1.63|0.98|0.38|0.66|0.9|0.55|0.83,fake_merchant_collusion,-0.18252976757580747,0.9606829872410919,True,0.0,1.0,0.8204724169651924,12,False,0.0,0.0,-0.16,-0.03,0.0,0.0,-0.19,20260815,V1,full,20261724,20261592,72,20,6
60,fresh_bandit_v1,adaptive_card_testing|0.94|0.81|0.83|0.41|0.19|0.6|0.59,adaptive_card_testing,-0.1849854725406434,0.9736077502139127,True,0.0,1.0,0.9181911781537228,12,False,0.0,0.0,-0.16,-0.03,0.0,0.0,-0.19,20260815,V1,full,20261724,20261592,72,20,6
61,fresh_bandit_v1,fake_merchant_collusion|1.78|0.74|0.32|0.05|0.8|0.87|0.8,fake_merchant_collusion,0.11659254127021042,0.9849859676306612,True,43.351540919580316,0.9166666666666666,0.7986372852860121,12,False,0.08670308183916063,0.20833333333333343,-0.14666666666666667,-0.03,0.0,0.0,0.1183697485058274,20260815,V1,full,20261724,20261592,72,20,6
62,fresh_bandit_v1,fake_merchant_collusion|1.19|1.47|0.3|0.05|0.98|0.86|0.65,fake_merchant_collusion,0.0994683920275076,0.9889370987989365,True,34.45722212682273,0.9166666666666666,0.817558328634084,12,False,0.06891444425364546,0.20833333333333343,-0.14666666666666667,-0.03,0.0,0.0,0.10058111092031222,20260815,V1,full,20261724,20261592,72,20,6
63,fresh_bandit_v1,fake_merchant_collusion|1.78|0.74|0.32|0.05|0.8|0.87|0.8,fake_merchant_collusion,0.10044894780982087,0.9749859676306611,True,35.67968897914384,0.9166666666666666,0.8367758511991612,12,False,0.07135937795828769,0.20833333333333343,-0.14666666666666667,-0.03,0.0,0.0,0.10302604462495443,20260815,V1,full,20261724,20261592,72,20,6
64,fresh_bandit_v1,fake_merchant_collusion|1.08|1.62|0.12|0.13|0.59|0.48|0.91,fake_merchant_collusion,0.10118352145431253,0.9766158063434474,True,35.96980194109675,0.9166666666666666,0.8117843561312549,12,False,0.07193960388219349,0.20833333333333343,-0.14666666666666667,-0.03,0.0,0.0,0.10360627054886026,20260815,V1,full,20261724,20261592,72,20,6
65,fresh_bandit_v1,fake_merchant_collusion|1.19|1.47|0.3|0.05|0.98|0.86|0.65,fake_merchant_collusion,-0.18742304877179794,0.9864370987989365,True,0.0,1.0,0.8801346092621573,12,False,0.0,0.0,-0.16,-0.03,0.0,0.0,-0.19,20260815,V1,full,20261724,20261592,72,20,6
66,fresh_bandit_v1,deepfake_account_takeover|1.51|0.46|0.86|0.42|0.38|0.79|0.66,deepfake_account_takeover,-0.1670768536250904,0.8793518611846862,True,0.0,1.0,0.9418098361446843,12,False,0.0,0.0,-0.16,-0.03,0.0,0.0,-0.19,20260815,V1,full,20261724,20261592,72,20,6
67,fresh_bandit_v1,fake_merchant_collusion|1.63|0.98|0.38|0.66|0.9|0.55|0.83,fake_merchant_collusion,-0.18585476757580746,0.9781829872410919,True,0.0,1.0,0.8899605045829274,12,False,0.0,0.0,-0.16,-0.03,0.0,0.0,-0.19,20260815,V1,full,20261724,20261592,72,20,6
68,fresh_bandit_v1,fake_merchant_collusion|1.78|0.74|0.32|0.05|0.8|0.87|0.8,fake_merchant_collusion,-0.1861973338498256,0.979985967630661,True,0.0,1.0,0.8742095577521952,12,False,0.0,0.0,-0.16,-0.03,0.0,0.0,-0.19,20260815,V1,full,20261724,20261592,72,20,6
69,fresh_bandit_v1,fake_merchant_collusion|1.08|1.62|0.12|0.13|0.59|0.48|0.91,fake_merchant_collusion,0.7048531293577638,0.9516158063434473,True,243.67876300107872,0.8333333333333334,0.7596635857616593,12,False,0.4873575260021574,0.4166666666666666,-0.13333333333333333,-0.03,0.0,0.0,0.7406908593354906,20260815,V1,full,20261724,20261592,72,20,6
70,fresh_bandit_v1,fake_merchant_collusion|1.08|1.62|0.12|0.13|0.59|0.48|0.91,fake_merchant_collusion,0.36046816328709885,0.9591158063434473,True,61.25024644383414,0.8333333333333334,0.623540383563885,12,False,0.12250049288766829,0.4166666666666666,-0.13333333333333333,-0.03,0.0,0.0,0.3758338262210015,20260815,V1,full,20261724,20261592,72,20,6
71,fresh_bandit_v1,fake_merchant_collusion|1.08|1.62|0.12|0.13|0.59|0.48|0.91,fake_merchant_collusion,0.7313792829388225,0.9591158063434473,True,254.61121349211626,0.8333333333333334,0.6060269260465724,12,False,0.5092224269842325,0.4166666666666666,-0.13333333333333333,-0.03,0.0,0.0,0.7625557603175657,20260815,V1,full,20261724,20261592,72,20,6
0,fresh_bandit_v2,fake_merchant_collusion|0.45|1.94|0.34|0.05|0.98|0.63|0.96,fake_merchant_collusion,-0.1883068032207535,0.9910884380039657,True,0.0,1.0,0.8922092690948693,12,False,0.0,0.0,-0.16,-0.03,0.0,0.0,-0.19,20260815,V2,full,20261724,20261592,72,20,6
1,fresh_bandit_v2,ai_app_scam_mule|2.2|0.58|0.05|0.95|0.58|0.57|0.57,ai_app_scam_mule,-0.16752718918833573,0.8817220483596617,True,0.0,1.0,0.9451926769926099,12,False,0.0,0.0,-0.16,-0.03,0.0,0.0,-0.19,20260815,V2,full,20261724,20261592,72,20,6
2,fresh_bandit_v2,agentic_intent_hijack|0.45|0.59|0.56|0.2|0.98|0.88|0.66,agentic_intent_hijack,-0.17377750922324098,0.9146184695960051,True,0.0,1.0,0.9299938477590476,12,False,0.0,0.0,-0.16,-0.03,0.0,0.0,-0.19,20260815,V2,full,20261724,20261592,72,20,6
3,fresh_bandit_v2,deepfake_account_takeover|0.96|2.08|0.58|0.75|0.3|0.98|0.53,deepfake_account_takeover,-0.17079979151174562,0.8989462711144507,True,0.0,1.0,0.9362895320332548,12,False,0.0,0.0,-0.16,-0.03,0.0,0.0,-0.19,20260815,V2,full,20261724,20261592,72,20,6
4,fresh_bandit_v2,synthetic_identity_bustout|1.71|1.28|0.14|0.05|0.6|0.52|0.9,synthetic_identity_bustout,-0.17826515860235143,0.9382376768544811,True,0.0,1.0,0.915941667303576,12,False,0.0,0.0,-0.16,-0.03,0.0,0.0,-0.19,20260815,V2,full,20261724,20261592,72,20,6
5,fresh_bandit_v2,deepfake_account_takeover|1.51|0.46|0.86|0.42|0.38|0.79|0.66,deepfake_account_takeover,-0.16327685362509037,0.8593518611846862,True,0.0,1.0,0.9398499385985537,12,False,0.0,0.0,-0.16,-0.03,0.0,0.0,-0.19,20260815,V2,full,20261724,20261592,72,20,6
6,fresh_bandit_v2,adaptive_card_testing|1.3|0.73|0.05|0.05|0.17|0.93|0.49,adaptive_card_testing,-0.18079260000000003,0.95154,True,0.0,1.0,0.8872910287596022,12,False,0.0,0.0,-0.16,-0.03,0.0,0.0,-0.19,20260815,V2,full,20261724,20261592,72,20,6
7,fresh_bandit_v2,ai_app_scam_mule|0.46|1.07|0.13|0.98|0.51|0.69|0.7,ai_app_scam_mule,-0.1671654980730635,0.8798184109108604,True,0.0,1.0,0.9391177339876188,12,False,0.0,0.0,-0.16,-0.03,0.0,0.0,-0.19,20260815,V2,full,20261724,20261592,72,20,6
8,fresh_bandit_v2,agentic_intent_hijack|1.35|1.91|0.29|0.05|0.98|0.9|0.82,agentic_intent_hijack,-0.17349434692330623,0.9131281417016117,True,0.0,1.0,0.9331549036394194,12,False,0.0,0.0,-0.16,-0.03,0.0,0.0,-0.19,20260815,V2,full,20261724,20261592,72,20,6
9,fresh_bandit_v2,adaptive_card_testing|1.86|1.34|0.54|0.28|0.88|0.6|0.55,adaptive_card_testing,-0.18731538009002532,0.985870421526449,True,0.0,1.0,0.9082492961552445,12,False,0.0,0.0,-0.16,-0.03,0.0,0.0,-0.19,20260815,V2,full,20261724,20261592,72,20,6
10,fresh_bandit_v2,fake_merchant_collusion|1.13|0.59|0.14|0.33|0.98|0.92|0.67,fake_merchant_collusion,-0.18911179686761304,0.9953252466716476,True,0.0,1.0,0.9101270402599987,12,False,0.0,0.0,-0.16,-0.03,0.0,0.0,-0.19,20260815,V2,full,20261724,20261592,72,20,6
11,fresh_bandit_v2,ai_app_scam_mule|2.2|1.31|0.05|0.69|0.05|0.55|0.76,ai_app_scam_mule,-0.16094910738030227,0.8471005651594856,True,0.0,1.0,0.9315365255224872,12,False,0.0,0.0,-0.16,-0.03,0.0,0.0,-0.19,20260815,V2,full,20261724,20261592,72,20,6
12,fresh_bandit_v2,adaptive_card_testing|0.94|0.81|0.83|0.41|0.19|0.6|0.59,adaptive_card_testing,-0.18308547254064342,0.9636077502139127,True,0.0,1.0,0.9089563522680514,12,False,0.0,0.0,-0.16,-0.03,0.0,0.0,-0.19,20260815,V2,full,20261724,20261592,72,20,6
13,fresh_bandit_v2,synthetic_identity_bustout|0.54|1.39|0.38|0.43|0.48|0.91|0.98,synthetic_identity_bustout,-0.18344903458814765,0.9655212346744613,True,0.0,1.0,0.8903626934252489,12,False,0.0,0.0,-0.16,-0.03,0.0,0.0,-0.19,20260815,V2,full,20261724,20261592,72,20,6
14,fresh_bandit_v2,deepfake_account_takeover|1.24|1.59|0.98|0.12|0.33|0.74|0.85,deepfake_account_takeover,-0.15905356,0.837124,True,0.0,1.0,0.9393526097257664,12,False,0.0,0.0,-0.16,-0.03,0.0,0.0,-0.19,20260815,V2,full,20261724,20261592,72,20,6
15,fresh_bandit_v2,synthetic_identity_bustout|0.79|0.79|0.05|0.05|0.8|0.32|0.71,synthetic_identity_bustout,-0.1893426,0.99654,True,0.0,1.0,0.905077593597797,12,False,0.0,0.0,-0.16,-0.03,0.0,0.0,-0.19,20260815,V2,full,20261724,20261592,72,20,6
16,fresh_bandit_v2,fake_merchant_collusion|0.45|1.94|0.34|0.05|0.98|0.63|0.96,fake_merchant_collusion,-0.1878931967792465,0.9889115619960342,True,0.0,1.0,0.8995962780344743,12,False,0.0,0.0,-0.16,-0.03,0.0,0.0,-0.19,20260815,V2,full,20261724,20261592,72,20,6
17,fresh_bandit_v2,agentic_intent_hijack|1.11|1.18|0.24|0.17|0.53|0.41|0.9,agentic_intent_hijack,-0.16626377138045192,0.875072480949747,True,0.0,1.0,0.9203193791609784,12,False,0.0,0.0,-0.16,-0.03,0.0,0.0,-0.19,20260815,V2,full,20261724,20261592,72,20,6
18,fresh_bandit_v2,fake_merchant_collusion|1.63|0.98|0.38|0.66|0.9|0.55|0.83,fake_merchant_collusion,-0.18110476757580746,0.9531829872410919,True,0.0,1.0,0.9267056003438562,12,False,0.0,0.0,-0.16,-0.03,0.0,0.0,-0.19,20260815,V2,full,20261724,20261592,72,20,6
19,fresh_bandit_v2,synthetic_identity_bustout|1.57|0.6|0.11|0.19|0.1|0.68|0.47,synthetic_identity_bustout,-0.17676012966166724,0.9303164719035117,True,0.0,1.0,0.9032921627635916,12,False,0.0,0.0,-0.16,-0.03,0.0,0.0,-0.19,20260815,V2,full,20261724,20261592,72,20,6
20,fresh_bandit_v2,ai_app_scam_mule|0.84|1.22|0.14|0.21|0.54|0.83|0.89,ai_app_scam_mule,-0.1671120779122147,0.8795372521695509,True,0.0,1.0,0.9350466820534717,12,False,0.0,0.0,-0.16,-0.03,0.0,0.0,-0.19,20260815,V2,full,20261724,20261592,72,20,6
21,fresh_bandit_v2,synthetic_identity_bustout|1.66|1.02|0.72|0.13|0.53|0.69|0.66,synthetic_identity_bustout,-0.1749325045184389,0.92069739220231,True,0.0,1.0,0.9137038900740139,12,False,0.0,0.0,-0.16,-0.03,0.0,0.0,-0.19,20260815,V2,full,20261724,20261592,72,20,6
22,fresh_bandit_v2,deepfake_account_takeover|0.96|2.08|0.58|0.75|0.3|0.98|0.53,deepfake_account_takeover,-0.17459979151174565,0.9189462711144507,True,0.0,1.0,0.9243532493986781,12,False,0.0,0.0,-0.16,-0.03,0.0,0.0,-0.19,20260815,V2,full,20261724,20261592,72,20,6
23,fresh_bandit_v2,agentic_intent_hijack|0.45|0.59|0.56|0.2|0.98|0.88|0.66,agentic_intent_hijack,-0.17092750922324096,0.899618469596005,True,0.0,1.0,0.9318080335624309,12,False,0.0,0.0,-0.16,-0.03,0.0,0.0,-0.19,20260815,V2,full,20261724,20261592,72,20,6
24,fresh_bandit_v2,adaptive_card_testing|1.86|1.34|0.54|0.28|0.88|0.6|0.55,adaptive_card_testing,-0.1887403800900253,0.9933704215264489,True,0.0,1.0,0.8879166551904999,12,False,0.0,0.0,-0.16,-0.03,0.0,0.0,-0.19,20260815,V2,full,20261724,20261592,72,20,6
25,fresh_bandit_v2,deepfake_account_takeover|1.51|0.46|0.86|0.42|0.38|0.79|0.66,deepfake_account_takeover,-0.16945185362509038,0.8918518611846862,True,0.0,1.0,0.9398887543630062,12,False,0.0,0.0,-0.16,-0.03,0.0,0.0,-0.19,20260815,V2,full,20261724,20261592,72,20,6
26,fresh_bandit_v2,ai_app_scam_mule|0.46|1.07|0.13|0.98|0.51|0.69|0.7,ai_app_scam_mule,-0.1709654980730635,0.8998184109108605,True,0.0,1.0,0.9368260353126665,12,False,0.0,0.0,-0.16,-0.03,0.0,0.0,-0.19,20260815,V2,full,20261724,20261592,72,20,6
27,fresh_bandit_v2,adaptive_card_testing|1.3|0.73|0.05|0.05|0.17|0.93|0.49,adaptive_card_testing,-0.1817426,0.95654,True,0.0,1.0,0.8839873953835401,12,False,0.0,0.0,-0.16,-0.03,0.0,0.0,-0.19,20260815,V2,full,20261724,20261592,72,20,6
28,fresh_bandit_v2,adaptive_card_testing|0.94|0.81|0.83|0.41|0.19|0.6|0.59,adaptive_card_testing,-0.18308547254064342,0.9636077502139127,True,0.0,1.0,0.9023181972020154,12,False,0.0,0.0,-0.16,-0.03,0.0,0.0,-0.19,20260815,V2,full,20261724,20261592,72,20,6
29,fresh_bandit_v2,ai_app_scam_mule|2.2|0.58|0.05|0.95|0.58|0.57|0.57,ai_app_scam_mule,-0.16942718918833574,0.8917220483596617,True,0.0,1.0,0.9452825593019378,12,False,0.0,0.0,-0.16,-0.03,0.0,0.0,-0.19,20260815,V2,full,20261724,20261592,72,20,6
30,fresh_bandit_v2,synthetic_identity_bustout|1.0|0.75|0.05|0.07|0.98|0.7|0.98,synthetic_identity_bustout,-0.18420287555610895,0.9694888187163629,True,0.0,1.0,0.903126485939108,12,False,0.0,0.0,-0.16,-0.03,0.0,0.0,-0.19,20260815,V2,full,20261724,20261592,72,20,6
31,fresh_bandit_v2,fake_merchant_collusion|0.8|0.65|0.27|0.09|0.76|0.98|0.59,fake_merchant_collusion,-0.1867788019063391,0.9830463258228375,True,0.0,1.0,0.9053260205392699,12,False,0.0,0.0,-0.16,-0.03,0.0,0.0,-0.19,20260815,V2,full,20261724,20261592,72,20,6
32,fresh_bandit_v2,agentic_intent_hijack|1.11|1.18|0.24|0.17|0.53|0.41|0.9,agentic_intent_hijack,-0.17006377138045192,0.895072480949747,True,0.0,1.0,0.9256720152686252,12,False,0.0,0.0,-0.16,-0.03,0.0,0.0,-0.19,20260815,V2,full,20261724,20261592,72,20,6
33,fresh_bandit_v2,deepfake_account_takeover|0.7|0.95|0.43|0.21|0.62|0.58|0.71,deepfake_account_takeover,-0.17441727969662432,0.9179856826138122,True,0.0,1.0,0.9282422762157774,12,False,0.0,0.0,-0.16,-0.03,0.0,0.0,-0.19,20260815,V2,full,20261724,20261592,72,20,6
34,fresh_bandit_v2,deepfake_account_takeover|0.96|2.08|0.58|0.75|0.3|0.98|0.53,deepfake_account_takeover,-0.1717497915117456,0.9039462711144506,True,0.0,1.0,0.9281868152556902,12,False,0.0,0.0,-0.16,-0.03,0.0,0.0,-0.19,20260815,V2,full,20261724,20261592,72,20,6
35,fresh_bandit_v2,ai_app_scam_mule|0.85|1.1|0.27|0.86|0.05|0.71|0.47,ai_app_scam_mule,-0.165690368782738,0.8720545725407263,True,0.0,1.0,0.9329762503414322,12,False,0.0,0.0,-0.16,-0.03,0.0,0.0,-0.19,20260815,V2,full,20261724,20261592,72,20,6
36,fresh_bandit_v2,fake_merchant_collusion|1.63|0.98|0.38|0.66|0.9|0.55|0.83,fake_merchant_collusion,-0.18702023242419255,0.9843170127589081,True,0.0,1.0,0.9265996117196736,12,False,0.0,0.0,-0.16,-0.03,0.0,0.0,-0.19,20260815,V2,full,20261724,20261592,72,20,6
37,fresh_bandit_v2,agentic_intent_hijack|1.35|1.91|0.29|0.05|0.98|0.9|0.82,agentic_intent_hijack,-0.17325565307669377,0.9118718582983882,True,0.0,1.0,0.9278851148491434,12,False,0.0,0.0,-0.16,-0.03,0.0,0.0,-0.19,20260815,V2,full,20261724,20261592,72,20,6
38,fresh_bandit_v2,adaptive_card_testing|0.46|1.19|0.35|0.05|0.7|0.71|0.55,adaptive_card_testing,-0.18682381249137972,0.9832832236388407,True,0.0,1.0,0.897476287246281,12,False,0.0,0.0,-0.16,-0.03,0.0,0.0,-0.19,20260815,V2,full,20261724,20261592,72,20,6
39,fresh_bandit_v2,synthetic_identity_bustout|1.66|1.02|0.72|0.13|0.53|0.69|0.66,synthetic_identity_bustout,-0.18606749548156112,0.9793026077976901,True,0.0,1.0,0.9180255089514991,12,False,0.0,0.0,-0.16,-0.03,0.0,0.0,-0.19,20260815,V2,full,20261724,20261592,72,20,6
40,fresh_bandit_v2,agentic_intent_hijack|0.45|0.59|0.56|0.2|0.98|0.88|0.66,agentic_intent_hijack,-0.17297249077675902,0.9103815304039948,True,0.0,1.0,0.9413702668751815,12,False,0.0,0.0,-0.16,-0.03,0.0,0.0,-0.19,20260815,V2,full,20261724,20261592,72,20,6
41,fresh_bandit_v2,ai_app_scam_mule|2.2|0.58|0.05|0.95|0.58|0.57|0.57,ai_app_scam_mule,-0.16705218918833573,0.8792220483596617,True,0.0,1.0,0.9473666512085894,12,False,0.0,0.0,-0.16,-0.03,0.0,0.0,-0.19,20260815,V2,full,20261724,20261592,72,20,6
42,fresh_bandit_v2,deepfake_account_takeover|1.51|0.46|0.86|0.42|0.38|0.79|0.66,deepfake_account_takeover,-0.16992685362509038,0.8943518611846862,True,0.0,1.0,0.9397328309453598,12,False,0.0,0.0,-0.16,-0.03,0.0,0.0,-0.19,20260815,V2,full,20261724,20261592,72,20,6
43,fresh_bandit_v2,deepfake_account_takeover|2.2|1.35|0.57|0.36|0.79|0.98|0.67,deepfake_account_takeover,-0.17060211391133417,0.8979058626912325,True,0.0,1.0,0.939061931067071,12,False,0.0,0.0,-0.16,-0.03,0.0,0.0,-0.19,20260815,V2,full,20261724,20261592,72,20,6
44,fresh_bandit_v2,synthetic_identity_bustout|1.57|0.6|0.11|0.19|0.1|0.68|0.47,synthetic_identity_bustout,-0.18056012966166726,0.9503164719035119,True,0.0,1.0,0.9116306837599094,12,False,0.0,0.0,-0.16,-0.03,0.0,0.0,-0.19,20260815,V2,full,20261724,20261592,72,20,6
45,fresh_bandit_v2,synthetic_identity_bustout|0.54|1.39|0.38|0.43|0.48|0.91|0.98,synthetic_identity_bustout,-0.18420096541185235,0.9694787653255387,True,0.0,1.0,0.9032858344496578,12,False,0.0,0.0,-0.16,-0.03,0.0,0.0,-0.19,20260815,V2,full,20261724,20261592,72,20,6
46,fresh_bandit_v2,ai_app_scam_mule|0.84|1.22|0.14|0.21|0.54|0.83|0.89,ai_app_scam_mule,-0.1732870779122147,0.912037252169551,True,0.0,1.0,0.9342023400812783,12,False,0.0,0.0,-0.16,-0.03,0.0,0.0,-0.19,20260815,V2,full,20261724,20261592,72,20,6
47,fresh_bandit_v2,deepfake_account_takeover|0.91|1.27|0.73|0.84|0.06|0.98|0.64,deepfake_account_takeover,-0.17304099365782807,0.9107420718833057,True,0.0,1.0,0.9354146475889317,12,False,0.0,0.0,-0.16,-0.03,0.0,0.0,-0.19,20260815,V2,full,20261724,20261592,72,20,6
48,fresh_bandit_v2,adaptive_card_testing|1.3|0.73|0.05|0.05|0.17|0.93|0.49,adaptive_card_testing,-0.1826926,0.9615400000000001,True,0.0,1.0,0.8908634582929107,12,False,0.0,0.0,-0.16,-0.03,0.0,0.0,-0.19,20260815,V2,full,20261724,20261592,72,20,6
49,fresh_bandit_v2,fake_merchant_collusion|0.45|1.94|0.34|0.05|0.98|0.63|0.96,fake_merchant_collusion,-0.1878931967792465,0.9889115619960342,True,0.0,1.0,0.8796873894480975,12,False,0.0,0.0,-0.16,-0.03,0.0,0.0,-0.19,20260815,V2,full,20261724,20261592,72,20,6
50,fresh_bandit_v2,agentic_intent_hijack|1.11|1.18|0.24|0.17|0.53|0.41|0.9,agentic_intent_hijack,-0.17006377138045192,0.895072480949747,True,0.0,1.0,0.9151279358174126,12,False,0.0,0.0,-0.16,-0.03,0.0,0.0,-0.19,20260815,V2,full,20261724,20261592,72,20,6
51,fresh_bandit_v2,ai_app_scam_mule|0.91|0.59|0.44|0.88|0.32|0.53|0.76,ai_app_scam_mule,-0.172078682536084,0.9056772765057053,True,0.0,1.0,0.9406693643617791,12,False,0.0,0.0,-0.16,-0.03,0.0,0.0,-0.19,20260815,V2,full,20261724,20261592,72,20,6
52,fresh_bandit_v2,synthetic_identity_bustout|0.79|0.79|0.05|0.05|0.8|0.32|0.71,synthetic_identity_bustout,-0.18554260000000003,0.9765400000000001,True,0.0,1.0,0.9024965178687913,12,False,0.0,0.0,-0.16,-0.03,0.0,0.0,-0.19,20260815,V2,full,20261724,20261592,72,20,6
53,fresh_bandit_v2,agentic_intent_hijack|0.45|0.59|0.56|0.2|0.98|0.88|0.66,agentic_intent_hijack,-0.17187750922324097,0.9046184695960051,True,0.0,1.0,0.928806393974809,12,False,0.0,0.0,-0.16,-0.03,0.0,0.0,-0.19,20260815,V2,full,20261724,20261592,72,20,6
54,fresh_bandit_v2,deepfake_account_takeover|0.96|2.08|0.58|0.75|0.3|0.98|0.53,deepfake_account_takeover,-0.16937479151174561,0.8914462711144506,True,0.0,1.0,0.9373892738210117,12,False,0.0,0.0,-0.16,-0.03,0.0,0.0,-0.19,20260815,V2,full,20261724,20261592,72,20,6
55,fresh_bandit_v2,adaptive_card_testing|1.86|1.34|0.54|0.28|0.88|0.6|0.55,adaptive_card_testing,-0.18650961990997467,0.9816295784735509,True,0.0,1.0,0.9024191527921867,12,False,0.0,0.0,-0.16,-0.03,0.0,0.0,-0.19,20260815,V2,full,20261724,20261592,72,20,6
56,fresh_bandit_v2,deepfake_account_takeover|1.24|1.59|0.98|0.12|0.33|0.74|0.85,deepfake_account_takeover,-0.16190355999999997,0.8521239999999999,True,0.0,1.0,0.9363289875473001,12,False,0.0,0.0,-0.16,-0.03,0.0,0.0,-0.19,20260815,V2,full,20261724,20261592,72,20,6
57,fresh_bandit_v2,ai_app_scam_mule|0.85|1.1|0.27|0.86|0.05|0.71|0.47,ai_app_scam_mule,-0.159990368782738,0.8420545725407264,True,0.0,1.0,0.9339515547390637,12,False,0.0,0.0,-0.16,-0.03,0.0,0.0,-0.19,20260815,V2,full,20261724,20261592,72,20,6
58,fresh_bandit_v2,adaptive_card_testing|0.94|0.81|0.83|0.41|0.19|0.6|0.59,adaptive_card_testing,-0.1792854725406434,0.9436077502139126,True,0.0,1.0,0.9056925182288076,12,False,0.0,0.0,-0.16,-0.03,0.0,0.0,-0.19,20260815,V2,full,20261724,20261592,72,20,6
59,fresh_bandit_v2,fake_merchant_collusion|1.63|0.98|0.38|0.66|0.9|0.55|0.83,fake_merchant_collusion,-0.18252976757580747,0.9606829872410919,True,0.0,1.0,0.9299812506169035,12,False,0.0,0.0,-0.16,-0.03,0.0,0.0,-0.19,20260815,V2,full,20261724,20261592,72,20,6
60,fresh_bandit_v2,deepfake_account_takeover|1.51|0.46|0.86|0.42|0.38|0.79|0.66,deepfake_account_takeover,-0.16897685362509038,0.8893518611846862,True,0.0,1.0,0.9434459029250969,12,False,0.0,0.0,-0.16,-0.03,0.0,0.0,-0.19,20260815,V2,full,20261724,20261592,72,20,6
61,fresh_bandit_v2,synthetic_identity_bustout|0.54|1.39|0.38|0.43|0.48|0.91|0.98,synthetic_identity_bustout,-0.18582403458814767,0.9780212346744613,True,0.0,1.0,0.9109731929608079,12,False,0.0,0.0,-0.16,-0.03,0.0,0.0,-0.19,20260815,V2,full,20261724,20261592,72,20,6
62,fresh_bandit_v2,fake_merchant_collusion|0.8|0.65|0.27|0.09|0.76|0.98|0.59,fake_merchant_collusion,-0.18867880190633912,0.9930463258228375,True,0.0,1.0,0.8930193341275176,12,False,0.0,0.0,-0.16,-0.03,0.0,0.0,-0.19,20260815,V2,full,20261724,20261592,72,20,6
63,fresh_bandit_v2,synthetic_identity_bustout|1.66|1.02|0.72|0.13|0.53|0.69|0.66,synthetic_identity_bustout,-0.17730750451843888,0.9331973922023099,True,0.0,1.0,0.9204816064365691,12,False,0.0,0.0,-0.16,-0.03,0.0,0.0,-0.19,20260815,V2,full,20261724,20261592,72,20,6
64,fresh_bandit_v2,ai_app_scam_mule|2.2|0.58|0.05|0.95|0.58|0.57|0.57,ai_app_scam_mule,-0.16657718918833572,0.8767220483596617,True,0.0,1.0,0.9444806041445832,12,False,0.0,0.0,-0.16,-0.03,0.0,0.0,-0.19,20260815,V2,full,20261724,20261592,72,20,6
65,fresh_bandit_v2,ai_app_scam_mule|0.84|1.22|0.14|0.21|0.54|0.83|0.89,ai_app_scam_mule,-0.16473707791221467,0.867037252169551,True,0.0,1.0,0.9339315524482741,12,False,0.0,0.0,-0.16,-0.03,0.0,0.0,-0.19,20260815,V2,full,20261724,20261592,72,20,6
66,fresh_bandit_v2,agentic_intent_hijack|1.35|1.91|0.29|0.05|0.98|0.9|0.82,agentic_intent_hijack,-0.17420565307669375,0.9168718582983881,True,0.0,1.0,0.9285435510388672,12,False,0.0,0.0,-0.16,-0.03,0.0,0.0,-0.19,20260815,V2,full,20261724,20261592,72,20,6
67,fresh_bandit_v2,deepfake_account_takeover|0.7|0.95|0.43|0.21|0.62|0.58|0.71,deepfake_account_takeover,-0.17299227969662434,0.9104856826138122,True,0.0,1.0,0.9387723884875374,12,False,0.0,0.0,-0.16,-0.03,0.0,0.0,-0.19,20260815,V2,full,20261724,20261592,72,20,6
68,fresh_bandit_v2,agentic_intent_hijack|0.45|0.59|0.56|0.2|0.98|0.88|0.66,agentic_intent_hijack,-0.17472750922324096,0.919618469596005,True,0.0,1.0,0.9312533971463802,12,False,0.0,0.0,-0.16,-0.03,0.0,0.0,-0.19,20260815,V2,full,20261724,20261592,72,20,6
69,fresh_bandit_v2,ai_app_scam_mule|0.46|1.07|0.13|0.98|0.51|0.69|0.7,ai_app_scam_mule,-0.1647904980730635,0.8673184109108605,True,0.0,1.0,0.9465629455154373,12,False,0.0,0.0,-0.16,-0.03,0.0,0.0,-0.19,20260815,V2,full,20261724,20261592,72,20,6
70,fresh_bandit_v2,adaptive_card_testing|0.96|0.56|0.16|0.1|0.72|0.73|0.75,adaptive_card_testing,-0.18808320088625832,0.9899115836118859,True,0.0,1.0,0.9103541306465842,12,False,0.0,0.0,-0.16,-0.03,0.0,0.0,-0.19,20260815,V2,full,20261724,20261592,72,20,6
71,fresh_bandit_v2,fake_merchant_collusion|0.52|1.16|0.3|0.16|0.56|0.59|0.63,fake_merchant_collusion,-0.1864907968065618,0.9815305095082201,True,0.0,1.0,0.8975869938112294,12,False,0.0,0.0,-0.16,-0.03,0.0,0.0,-0.19,20260815,V2,full,20261724,20261592,72,20,6
0,fresh_bandit_v0,fake_merchant_collusion|0.93|2.1|0.05|0.33|0.98|0.86|0.98,fake_merchant_collusion,2.15096103479523,0.9995574509620155,True,516.790014325034,0.5833333333333334,0.5210710381274418,12,True,1.033580028650068,1.0416666666666665,-0.09333333333333334,-0.03,0.2,0.0,2.1519133619834014,20260816,V0,full,20261725,20261593,72,20,6
1,fresh_bandit_v0,fake_merchant_collusion|1.63|0.49|0.35|0.32|0.98|0.87|0.69,fake_merchant_collusion,-0.18745608612475306,0.9866109796039635,True,0.0,1.0,0.9110055529565103,12,False,0.0,0.0,-0.16,-0.03,0.0,0.0,-0.19,20260816,V0,full,20261725,20261593,72,20,6
2,fresh_bandit_v0,synthetic_identity_bustout|0.59|2.1|0.3|0.05|0.42|0.85|0.67,synthetic_identity_bustout,-0.18265756722253032,0.9613556169606858,True,0.0,1.0,0.8896539184953128,12,False,0.0,0.0,-0.16,-0.03,0.0,0.0,-0.19,20260816,V0,full,20261725,20261593,72,20,6
3,fresh_bandit_v0,ai_app_scam_mule|1.72|1.7|0.3|0.91|0.29|0.75|0.6,ai_app_scam_mule,-0.17083203339127484,0.899115965217236,True,0.0,1.0,0.9398942472473655,12,False,0.0,0.0,-0.16,-0.03,0.0,0.0,-0.19,20260816,V0,full,20261725,20261593,72,20,6
4,fresh_bandit_v0,fake_merchant_collusion|0.93|2.1|0.05|0.33|0.98|0.86|0.98,fake_merchant_collusion,1.6322779163838281,0.9945574509620156,True,472.27180858428943,0.6666666666666666,0.3898255700757875,12,False,0.9445436171685788,0.8333333333333335,-0.10666666666666666,-0.03,0.0,0.0,1.6412102838352456,20260816,V0,full,20261725,20261593,72,20,6
5,fresh_bandit_v0,adaptive_card_testing|0.45|1.71|0.1|0.05|0.51|0.55|0.71,adaptive_card_testing,-0.1830419972968638,0.9633789331413884,True,0.0,1.0,0.8180345480855272,12,False,0.0,0.0,-0.16,-0.03,0.0,0.0,-0.19,20260816,V0,full,20261725,20261593,72,20,6
6,fresh_bandit_v0,fake_merchant_collusion|0.93|2.1|0.05|0.33|0.98|0.86|0.98,fake_merchant_collusion,1.3311274080103843,0.9995574509620155,True,317.5250456569147,0.6666666666666666,0.5019248273395177,12,False,0.6350500913138294,0.8333333333333335,-0.10666666666666666,-0.03,0.0,0.0,1.3317167579804963,20260816,V0,full,20261725,20261593,72,20,6
7,fresh_bandit_v0,fake_merchant_collusion|0.93|2.1|0.05|0.33|0.98|0.86|0.98,fake_merchant_collusion,0.08030013978554602,0.9904425490379842,True,24.704171776650764,0.9166666666666666,0.5982135241969168,12,False,0.04940834355330153,0.20833333333333343,-0.14666666666666667,-0.03,0.0,0.0,0.0810750102199683,20260816,V0,full,20261725,20261593,72,20,6
8,fresh_bandit_v0,agentic_intent_hijack|2.2|1.39|0.3|0.08|0.56|0.7|0.88,agentic_intent_hijack,1.793445205913569,0.8909479537567078,True,668.9814663704291,0.75,0.5538871219275858,12,True,1.3379629327408582,0.625,-0.12,-0.03,0.2,0.0,2.0129629327408582,20260816,V0,full,20261725,20261593,72,20,6
9,fresh_bandit_v0,agentic_intent_hijack|2.2|1.39|0.3|0.08|0.56|0.7|0.88,agentic_intent_hijack,0.15347454656617254,0.8809479537567078,True,71.27427950105533,0.9166666666666666,0.7931111753481263,12,False,0.14254855900211066,0.20833333333333343,-0.14666666666666667,-0.03,0.0,0.0,0.17421522566877742,20260816,V0,full,20261725,20261593,72,20,6
10,fresh_bandit_v0,agentic_intent_hijack|0.99|1.87|0.33|0.21|0.92|0.84|0.81,agentic_intent_hijack,0.3101562792385926,0.9106103643250529,True,54.467978506270676,0.9166666666666666,0.6693206964985831,12,True,0.10893595701254136,0.20833333333333343,-0.14666666666666667,-0.03,0.2,0.0,0.3406026236792081,20260816,V0,full,20261725,20261593,72,20,6
11,fresh_bandit_v0,fake_merchant_collusion|0.93|2.1|0.05|0.33|0.98|0.86|0.98,fake_merchant_collusion,0.3337559172888386,0.9845574509620156,True,42.828732998799374,0.8333333333333334,0.6466330402612046,12,False,0.08565746599759874,0.4166666666666666,-0.13333333333333333,-0.03,0.0,0.0,0.338990799330932,20260816,V0,full,20261725,20261593,72,20,6
12,fresh_bandit_v0,deepfake_account_takeover|1.15|1.6|0.63|0.51|0.58|0.78|0.88,deepfake_account_takeover,-0.1716711134023678,0.9035321758019358,True,0.0,1.0,0.9420848078076401,12,False,0.0,0.0,-0.16,-0.03,0.0,0.0,-0.19,20260816,V0,full,20261725,20261593,72,20,6
13,fresh_bandit_v0,fake_merchant_collusion|0.93|2.1|0.05|0.33|0.98|0.86|0.98,fake_merchant_collusion,0.15292583366824544,0.9945574509620156,True,61.048014003777894,0.9166666666666666,0.5927265874361782,12,False,0.12209602800755578,0.20833333333333343,-0.14666666666666667,-0.03,0.0,0.0,0.15376269467422252,20260816,V0,full,20261725,20261593,72,20,6
14,fresh_bandit_v0,agentic_intent_hijack|2.2|1.39|0.3|0.08|0.56|0.7|0.88,agentic_intent_hijack,-0.1717698887862255,0.9040520462432922,True,0.0,1.0,0.7455414238869955,12,False,0.0,0.0,-0.16,-0.03,0.0,0.0,-0.19,20260816,V0,full,20261725,20261593,72,20,6
15,fresh_bandit_v0,fake_merchant_collusion|0.93|2.1|0.05|0.33|0.98|0.86|0.98,fake_merchant_collusion,1.3457603389577204,0.9854425490379843,True,334.4869590680288,0.6666666666666666,0.5882781457516678,12,False,0.6689739181360576,0.8333333333333335,-0.10666666666666666,-0.03,0.0,0.0,1.3656405848027244,20260816,V0,full,20261725,20261593,72,20,6
16,fresh_bandit_v0,fake_merchant_collusion|0.93|2.1|0.05|0.33|0.98|0.86|0.98,fake_merchant_collusion,2.5005477439170947,0.9954425490379843,True,796.8313546825686,0.5833333333333334,0.3619921053172142,12,False,1.5936627093651372,1.0416666666666665,-0.09333333333333334,-0.03,0.0,0.0,2.5119960426984704,20260816,V0,full,20261725,20261593,72,20,6
17,fresh_bandit_v0,fake_merchant_collusion|0.93|2.1|0.05|0.33|0.98|0.86|0.98,fake_merchant_collusion,0.8649228563793885,0.9995574509620155,True,195.15289831362415,0.75,0.6449015692047853,12,False,0.3903057966272483,0.625,-0.12,-0.03,0.0,0.0,0.8653057966272483,20260816,V0,full,20261725,20261593,72,20,6
18,fresh_bandit_v0,fake_merchant_collusion|0.93|2.1|0.05|0.33|0.98|0.86|0.98,fake_merchant_collusion,1.4680769386075714,0.9954425490379843,True,389.06579634338703,0.6666666666666666,0.6371261331088789,12,False,0.7781315926867741,0.8333333333333335,-0.10666666666666666,-0.03,0.0,0.0,1.4747982593534408,20260816,V0,full,20261725,20261593,72,20,6
19,fresh_bandit_v0,fake_merchant_collusion|0.93|2.1|0.05|0.33|0.98|0.86|0.98,fake_merchant_collusion,1.011256932386523,0.9845574509620156,True,276.0591282146203,0.75,0.5041893855787353,12,False,0.5521182564292405,0.625,-0.12,-0.03,0.0,0.0,1.0271182564292405,20260816,V0,full,20261725,20261593,72,20,6
20,fresh_bandit_v0,fake_merchant_collusion|0.93|2.1|0.05|0.33|0.98|0.86|0.98,fake_merchant_collusion,2.3259486536365426,0.9945574509620156,True,710.171842328816,0.5833333333333334,0.4681490687695706,12,False,1.4203436846576318,1.0416666666666665,-0.09333333333333334,-0.03,0.0,0.0,2.3386770179909653,20260816,V0,full,20261725,20261593,72,20,6
21,fresh_bandit_v0,fake_merchant_collusion|0.93|2.1|0.05|0.33|0.98|0.86|0.98,fake_merchant_collusion,0.7311826038591642,0.9745574509620156,True,248.46904397686262,0.8333333333333334,0.6072124336746986,12,False,0.49693808795372524,0.4166666666666666,-0.13333333333333333,-0.03,0.0,0.0,0.7502714212870585,20260816,V0,full,20261725,20261593,72,20,6
22,fresh_bandit_v0,fake_merchant_collusion|0.93|2.1|0.05|0.33|0.98|0.86|0.98,fake_merchant_collusion,0.11849525012553604,0.9954425490379843,True,43.68554610378341,0.9166666666666666,0.5065418476029634,12,False,0.08737109220756682,0.20833333333333343,-0.14666666666666667,-0.03,0.0,0.0,0.1190377588742336,20260816,V0,full,20261725,20261593,72,20,6
23,fresh_bandit_v0,fake_merchant_collusion|0.93|2.1|0.05|0.33|0.98|0.86|0.98,fake_merchant_collusion,0.9230505702194559,0.9904425490379842,True,228.4788551673259,0.75,0.5771993383727757,12,False,0.45695771033465177,0.625,-0.12,-0.03,0.0,0.0,0.9319577103346518,20260816,V0,full,20261725,20261593,72,20,6
24,fresh_bandit_v0,fake_merchant_collusion|0.93|2.1|0.05|0.33|0.98|0.86|0.98,fake_merchant_collusion,0.378531974755453,0.9820574509620156,True,66.05727956715407,0.8333333333333334,0.5066167286962218,12,False,0.13211455913430814,0.4166666666666666,-0.13333333333333333,-0.03,0.0,0.0,0.38544789246764144,20260816,V0,full,20261725,20261593,72,20,6
25,fresh_bandit_v0,fake_merchant_collusion|0.93|2.1|0.05|0.33|0.98|0.86|0.98,fake_merchant_collusion,1.3029873289215865,0.9779425490379844,True,428.68807526237265,0.75,0.5096582632652175,12,False,0.8573761505247453,0.625,-0.12,-0.03,0.0,0.0,1.3323761505247453,20260816,V0,full,20261725,20261593,72,20,6
26,fresh_bandit_v0,fake_merchant_collusion|0.93|2.1|0.05|0.33|0.98|0.86|0.98,fake_merchant_collusion,0.5864877218015513,0.9995574509620155,True,166.70702647978095,0.8333333333333334,0.6217295147008847,12,False,0.3334140529595619,0.4166666666666666,-0.13333333333333333,-0.03,0.0,0.0,0.5867473862928951,20260816,V0,full,20261725,20261593,72,20,6
27,fresh_bandit_v0,fake_merchant_collusion|0.93|2.1|0.05|0.33|0.98|0.86|0.98,fake_merchant_collusion,1.0911296271103275,0.9995574509620155,True,308.3063596345459,0.75,0.5561665617709747,12,False,0.6166127192690918,0.625,-0.12,-0.03,0.0,0.0,1.0916127192690916,20260816,V0,full,20261725,20261593,72,20,6
28,fresh_bandit_v0,fake_merchant_collusion|0.93|2.1|0.05|0.33|0.98|0.86|0.98,fake_merchant_collusion,-0.184215915682783,0.9695574509620157,True,0.0,1.0,0.7561810920354582,12,False,0.0,0.0,-0.16,-0.03,0.0,0.0,-0.19,20260816,V0,full,20261725,20261593,72,20,6
29,fresh_bandit_v0,fake_merchant_collusion|0.93|2.1|0.05|0.33|0.98|0.86|0.98,fake_merchant_collusion,0.20430523814020116,0.9904425490379842,True,87.30502554404049,0.9166666666666666,0.6152820639717206,12,False,0.17461005108808098,0.20833333333333343,-0.14666666666666667,-0.03,0.0,0.0,0.20627671775474773,20260816,V0,full,20261725,20261593,72,20,6
30,fresh_bandit_v0,fake_merchant_collusion|0.93|2.1|0.05|0.33|0.98|0.86|0.98,fake_merchant_collusion,2.6946926062544483,0.9845574509620156,True,798.4791088734594,0.5,0.4537274241373546,12,False,1.5969582177469188,1.25,-0.08,-0.03,0.0,0.0,2.736958217746919,20260816,V0,full,20261725,20261593,72,20,6
31,fresh_bandit_v0,fake_merchant_collusion|0.93|2.1|0.05|0.33|0.98|0.86|0.98,fake_merchant_collusion,3.4982477360780555,0.9745574509620156,True,1335.6211791523906,0.5833333333333334,0.4772435300830913,12,False,2.6712423583047813,1.0416666666666665,-0.09333333333333334,-0.03,0.0,0.0,3.5895756916381147,20260816,V0,full,20261725,20261593,72,20,6
32,fresh_bandit_v0,fake_merchant_collusion|0.93|2.1|0.05|0.33|0.98|0.86|0.98,fake_merchant_collusion,0.5110502988641736,0.9895574509620155,True,131.5549749203616,0.8333333333333334,0.4277180381105132,12,False,0.26310994984072317,0.4166666666666666,-0.13333333333333333,-0.03,0.0,0.0,0.5164432831740564,20260816,V0,full,20261725,20261593,72,20,6
33,fresh_bandit_v0,fake_merchant_collusion|0.93|2.1|0.05|0.33|0.98|0.86|0.98,fake_merchant_collusion,0.42837163588028215,0.9904425490379842,True,89.58597529442396,0.8333333333333334,0.6027820649118942,12,False,0.1791719505888479,0.4166666666666666,-0.13333333333333333,-0.03,0.0,0.0,0.4325052839221811,20260816,V0,full,20261725,20261593,72,20,6
34,fresh_bandit_v0,fake_merchant_collusion|0.93|2.1|0.05|0.33|0.98|0.86|0.98,fake_merchant_collusion,0.4127166336377995,0.9945574509620156,True,80.82091147102007,0.8333333333333334,0.5314896465679549,12,False,0.16164182294204013,0.4166666666666666,-0.13333333333333333,-0.03,0.0,0.0,0.4149751562753734,20260816,V0,full,20261725,20261593,72,20,6
35,fresh_bandit_v0,fake_merchant_collusion|0.93|2.1|0.05|0.33|0.98|0.86|0.98,fake_merchant_collusion,0.9737589321739427,0.9895574509620155,True,143.68404838982278,0.6666666666666666,0.48115434729640266,12,False,0.28736809677964553,0.8333333333333335,-0.10666666666666666,-0.03,0.0,0.0,0.9840347634463122,20260816,V0,full,20261725,20261593,72,20,6
36,fresh_bandit_v0,fake_merchant_collusion|0.93|2.1|0.05|0.33|0.98|0.86|0.98,fake_merchant_collusion,1.8102647336979092,0.9895574509620155,True,566.3506660332666,0.6666666666666666,0.509750672885613,12,False,1.1327013320665333,0.8333333333333335,-0.10666666666666666,-0.03,0.0,0.0,1.8293679987332,20260816,V0,full,20261725,20261593,72,20,6
37,fresh_bandit_v0,fake_merchant_collusion|0.93|2.1|0.05|0.33|0.98|0.86|0.98,fake_merchant_collusion,0.22906258249750763,0.9904425490379842,True,99.80314791436535,0.9166666666666666,0.5605177049855626,12,False,0.1996062958287307,0.20833333333333343,-0.14666666666666667,-0.03,0.0,0.0,0.2312729624953975,20260816,V0,full,20261725,20261593,72,20,6
38,fresh_bandit_v0,fake_merchant_collusion|0.93|2.1|0.05|0.33|0.98|0.86|0.98,fake_merchant_collusion,1.381869638681354,0.9804425490379844,True,356.38395991207506,0.6666666666666666,0.4106700540283055,12,False,0.7127679198241501,0.8333333333333335,-0.10666666666666666,-0.03,0.0,0.0,1.4094345864908169,20260816,V0,full,20261725,20261593,72,20,6
39,fresh_bandit_v0,fake_merchant_collusion|0.87|1.84|0.08|0.13|0.98|0.98|0.85,fake_merchant_collusion,0.29066348171333267,0.9934092704229924,True,30.462604487726278,0.9166666666666666,0.6913894109920106,12,True,0.060925208975452554,0.20833333333333343,-0.14666666666666667,-0.03,0.2,0.0,0.2925918756421193,20260816,V0,full,20261725,20261593,72,20,6
40,fresh_bandit_v0,fake_merchant_collusion|0.93|2.1|0.05|0.33|0.98|0.86|0.98,fake_merchant_collusion,0.7122863619228688,0.9895574509620155,True,122.4014697076997,0.75,0.5872926797299409,12,False,0.2448029394153994,0.625,-0.12,-0.03,0.0,0.0,0.7198029394153994,20260816,V0,full,20261725,20261593,72,20,6
41,fresh_bandit_v0,fake_merchant_collusion|0.93|2.1|0.05|0.33|0.98|0.86|0.98,fake_merchant_collusion,1.7297122995152567,0.9804425490379844,True,422.9412657218552,0.5833333333333334,0.5503809555065532,12,False,0.8458825314437104,1.0416666666666665,-0.09333333333333334,-0.03,0.0,0.0,1.7642158647770436,20260816,V0,full,20261725,20261593,72,20,6
42,fresh_bandit_v0,fake_merchant_collusion|0.93|2.1|0.05|0.33|0.98|0.86|0.98,fake_merchant_collusion,0.7807663137803286,0.9995574509620155,True,153.05599707094711,0.75,0.5670635540652669,12,False,0.3061119941418942,0.625,-0.12,-0.03,0.0,0.0,0.7811119941418941,20260816,V0,full,20261725,20261593,72,20,6
43,fresh_bandit_v0,fake_merchant_collusion|0.93|2.1|0.05|0.33|0.98|0.86|0.98,fake_merchant_collusion,2.2733398718825413,0.9895574509620155,True,800.3315924233641,0.6666666666666666,0.5386272538368578,12,False,1.600663184846728,0.8333333333333335,-0.10666666666666666,-0.03,0.0,0.0,2.2973298515133953,20260816,V0,full,20261725,20261593,72,20,6
44,fresh_bandit_v0,fake_merchant_collusion|0.93|2.1|0.05|0.33|0.98|0.86|0.98,fake_merchant_collusion,1.0728996511675286,0.9845574509620156,True,307.3639132836755,0.75,0.4516883338355014,12,False,0.614727826567351,0.625,-0.12,-0.03,0.0,0.0,1.0897278265673511,20260816,V0,full,20261725,20261593,72,20,6
45,fresh_bandit_v0,fake_merchant_collusion|0.93|2.1|0.05|0.33|0.98|0.86|0.98,fake_merchant_collusion,1.6190937085957302,0.9629425490379844,True,492.3677605238574,0.6666666666666666,0.5231691759396216,12,False,0.9847355210477148,0.8333333333333335,-0.10666666666666666,-0.03,0.0,0.0,1.6814021877143817,20260816,V0,full,20261725,20261593,72,20,6
46,fresh_bandit_v0,fake_merchant_collusion|0.93|2.1|0.05|0.33|0.98|0.86|0.98,fake_merchant_collusion,1.0665929194155215,0.9904425490379842,True,300.9425984381942,0.75,0.5095283663494876,12,False,0.6018851968763884,0.625,-0.12,-0.03,0.0,0.0,1.0768851968763882,20260816,V0,full,20261725,20261593,72,20,6
47,fresh_bandit_v0,fake_merchant_collusion|0.93|2.1|0.05|0.33|0.98|0.86|0.98,fake_merchant_collusion,0.3724062418571288,0.9954425490379843,True,60.388951066888005,0.8333333333333334,0.5695088639721212,12,False,0.12077790213377601,0.4166666666666666,-0.13333333333333333,-0.03,0.0,0.0,0.3741112354671092,20260816,V0,full,20261725,20261593,72,20,6
48,fresh_bandit_v0,fake_merchant_collusion|0.93|2.1|0.05|0.33|0.98|0.86|0.98,fake_merchant_collusion,1.6257392201547742,0.9954425490379843,True,357.42451768943766,0.5833333333333334,0.48443036002533085,12,False,0.7148490353788753,1.0416666666666665,-0.09333333333333334,-0.03,0.0,0.0,1.6331823687122087,20260816,V0,full,20261725,20261593,72,20,6
49,fresh_bandit_v0,fake_merchant_collusion|0.93|2.1|0.05|0.33|0.98|0.86|0.98,fake_merchant_collusion,0.3270198511319861,0.9995574509620155,True,36.91565209712667,0.8333333333333334,0.5443264341858326,12,False,0.07383130419425334,0.4166666666666666,-0.13333333333333333,-0.03,0.0,0.0,0.3271646375275865,20260816,V0,full,20261725,20261593,72,20,6
50,fresh_bandit_v0,fake_merchant_collusion|0.93|2.1|0.05|0.33|0.98|0.86|0.98,fake_merchant_collusion,0.7017780107686912,0.9995574509620155,True,113.54435972803311,0.75,0.5823160306086542,12,False,0.22708871945606623,0.625,-0.12,-0.03,0.0,0.0,0.7020887194560662,20260816,V0,full,20261725,20261593,72,20,6
51,fresh_bandit_v0,fake_merchant_collusion|0.93|2.1|0.05|0.33|0.98|0.86|0.98,fake_merchant_collusion,2.272272978550654,0.9895574509620155,True,688.9591830965907,0.5833333333333334,0.5395937342701692,12,False,1.3779183661931813,1.0416666666666665,-0.09333333333333334,-0.03,0.0,0.0,2.2962516995265148,20260816,V0,full,20261725,20261593,72,20,6
52,fresh_bandit_v0,fake_merchant_collusion|0.93|2.1|0.05|0.33|0.98|0.86|0.98,fake_merchant_collusion,0.1400188625072701,0.9954425490379843,True,54.49662324858446,0.9166666666666666,0.7244954907561687,12,False,0.10899324649716892,0.20833333333333343,-0.14666666666666667,-0.03,0.0,0.0,0.14065991316383566,20260816,V0,full,20261725,20261593,72,20,6
53,fresh_bandit_v0,fake_merchant_collusion|0.93|2.1|0.05|0.33|0.98|0.86|0.98,fake_merchant_collusion,1.3344418733256398,0.9895574509620155,True,325.9286168082874,0.6666666666666666,0.5270449770123374,12,False,0.6518572336165749,0.8333333333333335,-0.10666666666666666,-0.03,0.0,0.0,1.3485239002832416,20260816,V0,full,20261725,20261593,72,20,6
54,fresh_bandit_v0,fake_merchant_collusion|0.93|2.1|0.05|0.33|0.98|0.86|0.98,fake_merchant_collusion,0.6350682689474952,0.9845574509620156,True,85.01458171738335,0.75,0.4436876546385186,12,False,0.1700291634347667,0.625,-0.12,-0.03,0.0,0.0,0.6450291634347667,20260816,V0,full,20261725,20261593,72,20,6
55,fresh_bandit_v0,fake_merchant_collusion|0.93|2.1|0.05|0.33|0.98|0.86|0.98,fake_merchant_collusion,1.0427195029561467,0.9854425490379843,True,402.39487221963253,0.8333333333333334,0.5635350976873837,12,False,0.8047897444392651,0.4166666666666666,-0.13333333333333333,-0.03,0.0,0.0,1.0581230777725983,20260816,V0,full,20261725,20261593,72,20,6
56,fresh_bandit_v0,fake_merchant_collusion|0.93|2.1|0.05|0.33|0.98|0.86|0.98,fake_merchant_collusion,1.1190682248765167,0.9954425490379843,True,324.59583664974275,0.75,0.6026187976810152,12,False,0.6491916732994855,0.625,-0.12,-0.03,0.0,0.0,1.1241916732994854,20260816,V0,full,20261725,20261593,72,20,6
57,fresh_bandit_v0,fake_merchant_collusion|0.93|2.1|0.05|0.33|0.98|0.86|0.98,fake_merchant_collusion,1.0419865192743827,0.9670574509620156,True,190.40741998893748,0.6666666666666666,0.5225605306964242,12,False,0.38081483997787496,0.8333333333333335,-0.10666666666666666,-0.03,0.0,0.0,1.0774815066445418,20260816,V0,full,20261725,20261593,72,20,6
58,fresh_bandit_v0,fake_merchant_collusion|0.93|2.1|0.05|0.33|0.98|0.86|0.98,fake_merchant_collusion,0.34785933044907025,0.9954425490379843,True,48.059303599145565,0.8333333333333334,0.6972289190957873,12,False,0.09611860719829113,0.4166666666666666,-0.13333333333333333,-0.03,0.0,0.0,0.3494519405316243,20260816,V0,full,20261725,20261593,72,20,6
59,fresh_bandit_v0,fake_merchant_collusion|0.93|2.1|0.05|0.33|0.98|0.86|0.98,fake_merchant_collusion,-0.18913408431721704,0.9954425490379843,True,0.0,1.0,0.572143449644559,12,False,0.0,0.0,-0.16,-0.03,0.0,0.0,-0.19,20260816,V0,full,20261725,20261593,72,20,6
60,fresh_bandit_v0,fake_merchant_collusion|0.93|2.1|0.05|0.33|0.98|0.86|0.98,fake_merchant_collusion,1.4783461348118856,0.9954425490379843,True,394.2239022603173,0.6666666666666666,0.5577107754583422,12,False,0.7884478045206346,0.8333333333333335,-0.10666666666666666,-0.03,0.0,0.0,1.4851144711873014,20260816,V0,full,20261725,20261593,72,20,6
61,fresh_bandit_v0,fake_merchant_collusion|0.93|2.1|0.05|0.33|0.98|0.86|0.98,fake_merchant_collusion,1.0797172010627472,0.9845574509620156,True,199.99282072083105,0.6666666666666666,0.5803651730320453,12,False,0.3999856414416621,0.8333333333333335,-0.10666666666666666,-0.03,0.0,0.0,1.0966523081083288,20260816,V0,full,20261725,20261593,72,20,6
62,fresh_bandit_v0,fake_merchant_collusion|0.93|2.1|0.05|0.33|0.98|0.86|0.98,fake_merchant_collusion,0.8186040943293175,0.9904425490379842,True,175.75167982960076,0.75,0.37579805049798315,12,False,0.35150335965920154,0.625,-0.12,-0.03,0.0,0.0,0.8265033596592015,20260816,V0,full,20261725,20261593,72,20,6
63,fresh_bandit_v0,fake_merchant_collusion|0.93|2.1|0.05|0.33|0.98|0.86|0.98,fake_merchant_collusion,0.31586142917513244,0.9854425490379843,True,33.59707954739978,0.8333333333333334,0.6135368723100817,12,False,0.06719415909479956,0.4166666666666666,-0.13333333333333333,-0.03,0.0,0.0,0.32052749242813283,20260816,V0,full,20261725,20261593,72,20,6
64,fresh_bandit_v0,fake_merchant_collusion|0.93|2.1|0.05|0.33|0.98|0.86|0.98,fake_merchant_collusion,1.3643543961012734,0.9945574509620156,True,448.41029848580433,0.75,0.40072705523360236,12,False,0.8968205969716087,0.625,-0.12,-0.03,0.0,0.0,1.3718205969716084,20260816,V0,full,20261725,20261593,72,20,6
65,fresh_bandit_v0,fake_merchant_collusion|0.93|2.1|0.05|0.33|0.98|0.86|0.98,fake_merchant_collusion,0.47070029201922114,0.9945574509620156,True,109.97139359014514,0.8333333333333334,0.7368560962597295,12,False,0.21994278718029028,0.4166666666666666,-0.13333333333333333,-0.03,0.0,0.0,0.47327612051362355,20260816,V0,full,20261725,20261593,72,20,6
66,fresh_bandit_v0,fake_merchant_collusion|0.93|2.1|0.05|0.33|0.98|0.86|0.98,fake_merchant_collusion,1.0330423327251113,0.9679425490379843,True,296.1279171485065,0.75,0.6297910740354667,12,False,0.592255834297013,0.625,-0.12,-0.03,0.0,0.0,1.0672558342970129,20260816,V0,full,20261725,20261593,72,20,6
67,fresh_bandit_v0,fake_merchant_collusion|0.93|2.1|0.05|0.33|0.98|0.86|0.98,fake_merchant_collusion,0.26903796283757586,0.9920574509620156,True,119.76262563894441,0.9166666666666666,0.6165279031690574,12,False,0.23952525127788882,0.20833333333333343,-0.14666666666666667,-0.03,0.0,0.0,0.27119191794455555,20260816,V0,full,20261725,20261593,72,20,6
68,fresh_bandit_v0,agentic_intent_hijack|0.99|1.87|0.33|0.21|0.92|0.84|0.81,agentic_intent_hijack,0.0742874854408068,0.905610364325053,True,25.18181422196921,0.9166666666666666,0.7226704379561304,12,False,0.050363628443938414,0.20833333333333343,-0.14666666666666667,-0.03,0.0,0.0,0.0820302951106052,20260816,V0,full,20261725,20261593,72,20,6
69,fresh_bandit_v0,fake_merchant_collusion|0.93|2.1|0.05|0.33|0.98|0.86|0.98,fake_merchant_collusion,1.447684714601317,0.9995574509620155,True,375.82950153323947,0.6666666666666666,0.5296575875222408,12,False,0.7516590030664789,0.8333333333333335,-0.10666666666666666,-0.03,0.0,0.0,1.4483256697331457,20260816,V0,full,20261725,20261593,72,20,6
70,fresh_bandit_v0,fake_merchant_collusion|0.93|2.1|0.05|0.33|0.98|0.86|0.98,fake_merchant_collusion,0.408005974395561,0.9995574509620155,True,77.42664182844746,0.8333333333333334,0.6681906386971757,12,False,0.1548532836568949,0.4166666666666666,-0.13333333333333333,-0.03,0.0,0.0,0.4081866169902282,20260816,V0,full,20261725,20261593,72,20,6
71,fresh_bandit_v0,fake_merchant_collusion|0.93|2.1|0.05|0.33|0.98|0.86|0.98,fake_merchant_collusion,1.4032213228928894,0.9879425490379844,True,361.8402107959712,0.6666666666666666,0.4665119591595195,12,False,0.7236804215919423,0.8333333333333335,-0.10666666666666666,-0.03,0.0,0.0,1.4203470882586091,20260816,V0,full,20261725,20261593,72,20,6
0,fresh_bandit_v1,fake_merchant_collusion|0.93|2.1|0.05|0.33|0.98|0.86|0.98,fake_merchant_collusion,-0.18991591568278296,0.9995574509620155,True,0.0,1.0,0.8856652737200736,12,False,0.0,0.0,-0.16,-0.03,0.0,0.0,-0.19,20260816,V1,full,20261725,20261593,72,20,6
1,fresh_bandit_v1,deepfake_account_takeover|1.13|0.52|0.94|0.63|0.5|0.51|0.67,deepfake_account_takeover,-0.172489830160322,0.9078412113701158,True,0.0,1.0,0.9373672237263683,12,False,0.0,0.0,-0.16,-0.03,0.0,0.0,-0.19,20260816,V1,full,20261725,20261593,72,20,6
2,fresh_bandit_v1,adaptive_card_testing|0.45|1.71|0.1|0.05|0.51|0.55|0.71,adaptive_card_testing,-0.1797169972968638,0.9458789331413884,True,0.0,1.0,0.8557891250843547,12,False,0.0,0.0,-0.16,-0.03,0.0,0.0,-0.19,20260816,V1,full,20261725,20261593,72,20,6
3,fresh_bandit_v1,ai_app_scam_mule|1.72|1.7|0.3|0.91|0.29|0.75|0.6,ai_app_scam_mule,-0.17083203339127484,0.899115965217236,True,0.0,1.0,0.9360480224901818,12,False,0.0,0.0,-0.16,-0.03,0.0,0.0,-0.19,20260816,V1,full,20261725,20261593,72,20,6
4,fresh_bandit_v1,agentic_intent_hijack|1.46|0.55|0.16|0.05|0.75|0.75|0.69,agentic_intent_hijack,-0.17189481456181965,0.9047095503253666,True,0.0,1.0,0.9216488771890434,12,False,0.0,0.0,-0.16,-0.03,0.0,0.0,-0.19,20260816,V1,full,20261725,20261593,72,20,6
5,fresh_bandit_v1,ai_app_scam_mule|0.77|0.49|0.13|0.98|0.25|0.48|0.5,ai_app_scam_mule,-0.16095355999999997,0.8471239999999999,True,0.0,1.0,0.9421558329577908,12,False,0.0,0.0,-0.16,-0.03,0.0,0.0,-0.19,20260816,V1,full,20261725,20261593,72,20,6
6,fresh_bandit_v1,synthetic_identity_bustout|0.59|2.1|0.3|0.05|0.42|0.85|0.67,synthetic_identity_bustout,-0.18218256722253032,0.9588556169606859,True,0.0,1.0,0.8850035677412113,12,False,0.0,0.0,-0.16,-0.03,0.0,0.0,-0.19,20260816,V1,full,20261725,20261593,72,20,6
7,fresh_bandit_v1,adaptive_card_testing|1.21|0.81|0.63|0.05|0.05|0.57|0.64,adaptive_card_testing,-0.17876797484280832,0.9408840781200438,True,0.0,1.0,0.882319420864515,12,False,0.0,0.0,-0.16,-0.03,0.0,0.0,-0.19,20260816,V1,full,20261725,20261593,72,20,6
8,fresh_bandit_v1,fake_merchant_collusion|1.63|0.49|0.35|0.32|0.98|0.87|0.69,fake_merchant_collusion,-0.18935608612475308,0.9966109796039635,True,0.0,1.0,0.9296564904755895,12,False,0.0,0.0,-0.16,-0.03,0.0,0.0,-0.19,20260816,V1,full,20261725,20261593,72,20,6
9,fresh_bandit_v1,synthetic_identity_bustout|1.74|0.73|0.05|0.34|0.52|0.62|0.86,synthetic_identity_bustout,-0.1774309518514166,0.9338471150074558,True,0.0,1.0,0.9153159848052601,12,False,0.0,0.0,-0.16,-0.03,0.0,0.0,-0.19,20260816,V1,full,20261725,20261593,72,20,6
10,fresh_bandit_v1,deepfake_account_takeover|0.94|1.07|0.16|0.43|0.39|0.98|0.72,deepfake_account_takeover,-0.17113430704036267,0.9007068791598035,True,0.0,1.0,0.9395279534480104,12,False,0.0,0.0,-0.16,-0.03,0.0,0.0,-0.19,20260816,V1,full,20261725,20261593,72,20,6
11,fresh_bandit_v1,agentic_intent_hijack|0.81|1.48|0.57|0.05|0.72|0.59|0.89,agentic_intent_hijack,0.2850333094317797,0.8874762717729093,True,44.75310626936682,0.9166666666666666,0.798599356753083,12,True,0.08950621253873363,0.20833333333333343,-0.14666666666666667,-0.03,0.2,0.0,0.3211728792054004,20260816,V1,full,20261725,20261593,72,20,6
12,fresh_bandit_v1,fake_merchant_collusion|0.45|0.92|0.21|0.37|0.69|0.98|0.83,fake_merchant_collusion,-0.18844926058618133,0.9918382136114807,True,0.0,1.0,0.8753203672792105,12,False,0.0,0.0,-0.16,-0.03,0.0,0.0,-0.19,20260816,V1,full,20261725,20261593,72,20,6
13,fresh_bandit_v1,agentic_intent_hijack|2.2|1.39|0.3|0.08|0.56|0.7|0.88,agentic_intent_hijack,-0.17118011121377447,0.9009479537567078,True,0.0,1.0,0.9087869898858556,12,False,0.0,0.0,-0.16,-0.03,0.0,0.0,-0.19,20260816,V1,full,20261725,20261593,72,20,6
14,fresh_bandit_v1,deepfake_account_takeover|0.87|0.98|0.98|0.41|0.57|0.55|0.51,deepfake_account_takeover,-0.16997856,0.894624,True,0.0,1.0,0.9440903095753957,12,False,0.0,0.0,-0.16,-0.03,0.0,0.0,-0.19,20260816,V1,full,20261725,20261593,72,20,6
15,fresh_bandit_v1,ai_app_scam_mule|0.7|0.94|0.63|0.86|0.61|0.91|0.59,ai_app_scam_mule,-0.17250552079198936,0.9079237936420492,True,0.0,1.0,0.9432761888714358,12,False,0.0,0.0,-0.16,-0.03,0.0,0.0,-0.19,20260816,V1,full,20261725,20261593,72,20,6
16,fresh_bandit_v1,fake_merchant_collusion|0.6|0.98|0.42|0.05|0.98|0.5|0.68,fake_merchant_collusion,-0.189298984341562,0.996310443902958,True,0.0,1.0,0.8933854047092432,12,False,0.0,0.0,-0.16,-0.03,0.0,0.0,-0.19,20260816,V1,full,20261725,20261593,72,20,6
17,fresh_bandit_v1,agentic_intent_hijack|1.23|0.89|0.13|0.05|0.51|0.32|0.9,agentic_intent_hijack,0.32724191706401234,0.8967222352804831,True,66.63226425589963,0.9166666666666666,0.8405326742835083,12,True,0.13326452851179926,0.20833333333333343,-0.14666666666666667,-0.03,0.2,0.0,0.36493119517846606,20260816,V1,full,20261725,20261593,72,20,6
18,fresh_bandit_v1,agentic_intent_hijack|1.41|0.71|0.48|0.07|0.39|0.84|0.51,agentic_intent_hijack,-0.1643500537491386,0.8650002828902033,True,0.0,1.0,0.927302256905339,12,False,0.0,0.0,-0.16,-0.03,0.0,0.0,-0.19,20260816,V1,full,20261725,20261593,72,20,6
19,fresh_bandit_v1,agentic_intent_hijack|1.23|0.89|0.13|0.05|0.51|0.32|0.9,agentic_intent_hijack,0.5461224646258289,0.8967222352804831,True,177.8437174518943,0.8333333333333334,0.7755702176461013,12,False,0.35568743490378857,0.4166666666666666,-0.13333333333333333,-0.03,0.0,0.0,0.6090207682371218,20260816,V1,full,20261725,20261593,72,20,6
20,fresh_bandit_v1,agentic_intent_hijack|1.23|0.89|0.13|0.05|0.51|0.32|0.9,agentic_intent_hijack,-0.1684772247032918,0.8867222352804831,True,0.0,1.0,0.8841841499451811,12,False,0.0,0.0,-0.16,-0.03,0.0,0.0,-0.19,20260816,V1,full,20261725,20261593,72,20,6
21,fresh_bandit_v1,synthetic_identity_bustout|0.6|0.93|0.05|0.05|0.89|0.82|0.72,synthetic_identity_bustout,-0.1893426,0.99654,True,0.0,1.0,0.8979672682859253,12,False,0.0,0.0,-0.16,-0.03,0.0,0.0,-0.19,20260816,V1,full,20261725,20261593,72,20,6
22,fresh_bandit_v1,adaptive_card_testing|1.59|0.64|0.28|0.48|0.49|0.44|0.47,adaptive_card_testing,-0.1881432733501547,0.9902277544744984,True,0.0,1.0,0.9108752113334199,12,False,0.0,0.0,-0.16,-0.03,0.0,0.0,-0.19,20260816,V1,full,20261725,20261593,72,20,6
23,fresh_bandit_v1,agentic_intent_hijack|0.99|1.87|0.33|0.21|0.92|0.84|0.81,agentic_intent_hijack,-0.17396596922176008,0.915610364325053,True,0.0,1.0,0.885186128030201,12,False,0.0,0.0,-0.16,-0.03,0.0,0.0,-0.19,20260816,V1,full,20261725,20261593,72,20,6
24,fresh_bandit_v1,ai_app_scam_mule|0.73|1.48|0.26|0.6|0.29|0.44|0.8,ai_app_scam_mule,-0.15968869703768948,0.8404668265141552,True,0.0,1.0,0.9308946184643839,12,False,0.0,0.0,-0.16,-0.03,0.0,0.0,-0.19,20260816,V1,full,20261725,20261593,72,20,6
25,fresh_bandit_v1,agentic_intent_hijack|1.23|0.89|0.13|0.05|0.51|0.32|0.9,agentic_intent_hijack,-0.1689522247032918,0.8892222352804832,True,0.0,1.0,0.8332958426127189,12,False,0.0,0.0,-0.16,-0.03,0.0,0.0,-0.19,20260816,V1,full,20261725,20261593,72,20,6
26,fresh_bandit_v1,fake_merchant_collusion|0.93|2.1|0.05|0.33|0.98|0.86|0.98,fake_merchant_collusion,-0.18991591568278296,0.9995574509620155,True,0.0,1.0,0.9125186923048542,12,False,0.0,0.0,-0.16,-0.03,0.0,0.0,-0.19,20260816,V1,full,20261725,20261593,72,20,6
27,fresh_bandit_v1,deepfake_account_takeover|1.13|0.52|0.94|0.63|0.5|0.51|0.67,deepfake_account_takeover,-0.169164830160322,0.8903412113701157,True,0.0,1.0,0.9408776431801978,12,False,0.0,0.0,-0.16,-0.03,0.0,0.0,-0.19,20260816,V1,full,20261725,20261593,72,20,6
28,fresh_bandit_v1,adaptive_card_testing|0.45|1.71|0.1|0.05|0.51|0.55|0.71,adaptive_card_testing,-0.1830419972968638,0.9633789331413884,True,0.0,1.0,0.8686259976866899,12,False,0.0,0.0,-0.16,-0.03,0.0,0.0,-0.19,20260816,V1,full,20261725,20261593,72,20,6
29,fresh_bandit_v1,agentic_intent_hijack|1.23|0.89|0.13|0.05|0.51|0.32|0.9,agentic_intent_hijack,-0.1713272247032918,0.9017222352804832,True,0.0,1.0,0.8679487014204502,12,False,0.0,0.0,-0.16,-0.03,0.0,0.0,-0.19,20260816,V1,full,20261725,20261593,72,20,6
30,fresh_bandit_v1,ai_app_scam_mule|0.77|0.49|0.13|0.98|0.25|0.48|0.5,ai_app_scam_mule,-0.16712855999999998,0.879624,True,0.0,1.0,0.9395930516593247,12,False,0.0,0.0,-0.16,-0.03,0.0,0.0,-0.19,20260816,V1,full,20261725,20261593,72,20,6
31,fresh_bandit_v1,adaptive_card_testing|1.21|0.81|0.63|0.05|0.05|0.57|0.64,adaptive_card_testing,-0.18066797484280833,0.9508840781200438,True,0.0,1.0,0.8856225601719925,12,False,0.0,0.0,-0.16,-0.03,0.0,0.0,-0.19,20260816,V1,full,20261725,20261593,72,20,6
32,fresh_bandit_v1,synthetic_identity_bustout|0.67|0.83|0.13|0.05|0.26|0.72|0.79,synthetic_identity_bustout,-0.17752959142161603,0.9343662706400844,True,0.0,1.0,0.8999003334868937,12,False,0.0,0.0,-0.16,-0.03,0.0,0.0,-0.19,20260816,V1,full,20261725,20261593,72,20,6
33,fresh_bandit_v1,agentic_intent_hijack|0.81|1.48|0.57|0.05|0.72|0.59|0.89,agentic_intent_hijack,0.14046693068164676,0.8949762717729093,True,62.64189283293574,0.9166666666666666,0.8257025809195513,12,False,0.12528378566587148,0.20833333333333343,-0.14666666666666667,-0.03,0.0,0.0,0.1569504523325382,20260816,V1,full,20261725,20261593,72,20,6
34,fresh_bandit_v1,fake_merchant_collusion|0.6|0.98|0.42|0.05|0.98|0.5|0.68,fake_merchant_collusion,-0.18975101565843797,0.9986895560970419,True,0.0,1.0,0.9192608327636017,12,False,0.0,0.0,-0.16,-0.03,0.0,0.0,-0.19,20260816,V1,full,20261725,20261593,72,20,6
35,fresh_bandit_v1,agentic_intent_hijack|0.9|0.61|0.19|0.06|0.83|0.7|0.62,agentic_intent_hijack,-0.17349099920790603,0.9131105221468738,True,0.0,1.0,0.9297276224161034,12,False,0.0,0.0,-0.16,-0.03,0.0,0.0,-0.19,20260816,V1,full,20261725,20261593,72,20,6
36,fresh_bandit_v1,agentic_intent_hijack|0.81|1.48|0.57|0.05|0.72|0.59|0.89,agentic_intent_hijack,-0.17194549163685277,0.9049762717729093,True,0.0,1.0,0.8665702234170309,12,False,0.0,0.0,-0.16,-0.03,0.0,0.0,-0.19,20260816,V1,full,20261725,20261593,72,20,6
37,fresh_bandit_v1,deepfake_account_takeover|0.99|1.26|0.75|0.57|0.13|0.94|0.73,deepfake_account_takeover,-0.17454241001879392,0.9186442632568101,True,0.0,1.0,0.9398273295157208,12,False,0.0,0.0,-0.16,-0.03,0.0,0.0,-0.19,20260816,V1,full,20261725,20261593,72,20,6
38,fresh_bandit_v1,agentic_intent_hijack|1.23|0.89|0.13|0.05|0.51|0.32|0.9,agentic_intent_hijack,-0.1646772247032918,0.8667222352804832,True,0.0,1.0,0.861285932507767,12,False,0.0,0.0,-0.16,-0.03,0.0,0.0,-0.19,20260816,V1,full,20261725,20261593,72,20,6
39,fresh_bandit_v1,ai_app_scam_mule|0.82|2.1|0.34|0.36|0.49|0.83|0.63,ai_app_scam_mule,-0.17436322171694324,0.9177011669312802,True,0.0,1.0,0.9176333055936218,12,False,0.0,0.0,-0.16,-0.03,0.0,0.0,-0.19,20260816,V1,full,20261725,20261593,72,20,6
40,fresh_bandit_v1,adaptive_card_testing|0.88|1.14|0.64|0.22|0.38|0.26|0.64,adaptive_card_testing,-0.1834500519164213,0.9655265890337963,True,0.0,1.0,0.8954643227186168,12,False,0.0,0.0,-0.16,-0.03,0.0,0.0,-0.19,20260816,V1,full,20261725,20261593,72,20,6
41,fresh_bandit_v1,agentic_intent_hijack|1.41|0.71|0.48|0.07|0.39|0.84|0.51,agentic_intent_hijack,0.6909195169804939,0.8850002828902033,True,163.68321815151268,0.8333333333333334,0.7927914606685009,12,True,0.32736643630302537,0.4166666666666666,-0.13333333333333333,-0.03,0.2,0.0,0.7806997696363587,20260816,V1,full,20261725,20261593,72,20,6
42,fresh_bandit_v1,agentic_intent_hijack|1.41|0.71|0.48|0.07|0.39|0.84|0.51,agentic_intent_hijack,-0.16625005374913862,0.8750002828902033,True,0.0,1.0,0.9216542534581541,12,False,0.0,0.0,-0.16,-0.03,0.0,0.0,-0.19,20260816,V1,full,20261725,20261593,72,20,6
43,fresh_bandit_v1,agentic_intent_hijack|1.41|0.71|0.48|0.07|0.39|0.84|0.51,agentic_intent_hijack,0.17718375533575131,0.8950002828902033,True,83.15197355594267,0.9166666666666666,0.8064061596955313,12,False,0.16630394711188534,0.20833333333333343,-0.14666666666666667,-0.03,0.0,0.0,0.1979706137785521,20260816,V1,full,20261725,20261593,72,20,6
44,fresh_bandit_v1,agentic_intent_hijack|1.41|0.71|0.48|0.07|0.39|0.84|0.51,agentic_intent_hijack,0.10299663516083346,0.8750002828902033,True,43.02186773050311,0.9166666666666666,0.8491418797261265,12,False,0.08604373546100622,0.20833333333333343,-0.14666666666666667,-0.03,0.0,0.0,0.117710402127673,20260816,V1,full,20261725,20261593,72,20,6
45,fresh_bandit_v1,agentic_intent_hijack|1.41|0.71|0.48|0.07|0.39|0.84|0.51,agentic_intent_hijack,-0.16197505374913862,0.8525002828902032,True,0.0,1.0,0.8586915171450435,12,False,0.0,0.0,-0.16,-0.03,0.0,0.0,-0.19,20260816,V1,full,20261725,20261593,72,20,6
46,fresh_bandit_v1,agentic_intent_hijack|0.79|1.05|0.56|0.16|0.83|0.81|0.8,agentic_intent_hijack,-0.1720556502483914,0.905556053938902,True,0.0,1.0,0.8211632600881269,12,False,0.0,0.0,-0.16,-0.03,0.0,0.0,-0.19,20260816,V1,full,20261725,20261593,72,20,6
47,fresh_bandit_v1,synthetic_identity_bustout|1.3|0.78|0.1|0.05|0.42|0.37|0.6,synthetic_identity_bustout,-0.18261822349937668,0.9611485447335614,True,0.0,1.0,0.9014414494567875,12,False,0.0,0.0,-0.16,-0.03,0.0,0.0,-0.19,20260816,V1,full,20261725,20261593,72,20,6
48,fresh_bandit_v1,fake_merchant_collusion|0.45|0.92|0.21|0.37|0.69|0.98|0.83,fake_merchant_collusion,-0.18965073941381866,0.9981617863885193,True,0.0,1.0,0.8888450846899594,12,False,0.0,0.0,-0.16,-0.03,0.0,0.0,-0.19,20260816,V1,full,20261725,20261593,72,20,6
49,fresh_bandit_v1,deepfake_account_takeover|1.39|0.82|0.51|0.17|0.33|0.91|0.69,deepfake_account_takeover,-0.1630426097261671,0.8581189985587742,True,0.0,1.0,0.9341272682928362,12,False,0.0,0.0,-0.16,-0.03,0.0,0.0,-0.19,20260816,V1,full,20261725,20261593,72,20,6
50,fresh_bandit_v1,agentic_intent_hijack|1.22|1.62|0.32|0.05|0.69|0.8|0.51,agentic_intent_hijack,-0.1691464873616951,0.8902446703247111,True,0.0,1.0,0.8683738334960432,12,False,0.0,0.0,-0.16,-0.03,0.0,0.0,-0.19,20260816,V1,full,20261725,20261593,72,20,6
51,fresh_bandit_v1,agentic_intent_hijack|2.2|1.39|0.3|0.08|0.56|0.7|0.88,agentic_intent_hijack,-0.16928011121377448,0.8909479537567078,True,0.0,1.0,0.8164704366533418,12,False,0.0,0.0,-0.16,-0.03,0.0,0.0,-0.19,20260816,V1,full,20261725,20261593,72,20,6
52,fresh_bandit_v1,agentic_intent_hijack|0.9|0.61|0.19|0.06|0.83|0.7|0.62,agentic_intent_hijack,-0.17349099920790603,0.9131105221468738,True,0.0,1.0,0.9384818784922087,12,False,0.0,0.0,-0.16,-0.03,0.0,0.0,-0.19,20260816,V1,full,20261725,20261593,72,20,6
53,fresh_bandit_v1,agentic_intent_hijack|0.86|1.16|0.37|0.09|0.42|0.66|0.91,agentic_intent_hijack,0.540567511738485,0.8767246926615648,True,81.62139471861711,0.8333333333333334,0.7705341842801952,12,True,0.16324278943723422,0.4166666666666666,-0.13333333333333333,-0.03,0.2,0.0,0.6165761227705675,20260816,V1,full,20261725,20261593,72,20,6
54,fresh_bandit_v1,agentic_intent_hijack|0.86|1.16|0.37|0.09|0.42|0.66|0.91,agentic_intent_hijack,0.14510649919061394,0.8917246926615647,True,65.52950229562575,0.9166666666666666,0.8290693518439932,12,False,0.1310590045912515,0.20833333333333343,-0.14666666666666667,-0.03,0.0,0.0,0.16272567125791823,20260816,V1,full,20261725,20261593,72,20,6
55,fresh_bandit_v1,agentic_intent_hijack|0.86|1.16|0.37|0.09|0.42|0.66|0.91,agentic_intent_hijack,0.07053814549567447,0.8867246926615648,True,23.94121342252012,0.9166666666666666,0.7332626720530727,12,False,0.047882426845040245,0.20833333333333343,-0.14666666666666667,-0.03,0.0,0.0,0.079549093511707,20260816,V1,full,20261725,20261593,72,20,6
56,fresh_bandit_v1,agentic_intent_hijack|0.86|1.16|0.37|0.09|0.42|0.66|0.91,agentic_intent_hijack,-0.1656276916056973,0.8717246926615647,True,0.0,1.0,0.9095527773038472,12,False,0.0,0.0,-0.16,-0.03,0.0,0.0,-0.19,20260816,V1,full,20261725,20261593,72,20,6
57,fresh_bandit_v1,adaptive_card_testing|1.21|0.81|0.63|0.05|0.05|0.57|0.64,adaptive_card_testing,-0.17876797484280832,0.9408840781200438,True,0.0,1.0,0.8843942446911296,12,False,0.0,0.0,-0.16,-0.03,0.0,0.0,-0.19,20260816,V1,full,20261725,20261593,72,20,6
58,fresh_bandit_v1,agentic_intent_hijack|0.81|1.48|0.57|0.05|0.72|0.59|0.89,agentic_intent_hijack,-0.17289549163685278,0.9099762717729094,True,0.0,1.0,0.894436540228036,12,False,0.0,0.0,-0.16,-0.03,0.0,0.0,-0.19,20260816,V1,full,20261725,20261593,72,20,6
59,fresh_bandit_v1,ai_app_scam_mule|0.77|0.49|0.13|0.98|0.25|0.48|0.5,ai_app_scam_mule,-0.16617855999999998,0.8746239999999998,True,0.0,1.0,0.9420206665038228,12,False,0.0,0.0,-0.16,-0.03,0.0,0.0,-0.19,20260816,V1,full,20261725,20261593,72,20,6
60,fresh_bandit_v1,agentic_intent_hijack|1.23|0.89|0.13|0.05|0.51|0.32|0.9,agentic_intent_hijack,-0.1694272247032918,0.8917222352804832,True,0.0,1.0,0.8088392783718971,12,False,0.0,0.0,-0.16,-0.03,0.0,0.0,-0.19,20260816,V1,full,20261725,20261593,72,20,6
61,fresh_bandit_v1,synthetic_identity_bustout|0.59|2.1|0.3|0.05|0.42|0.85|0.67,synthetic_identity_bustout,-0.18360756722253033,0.966355616960686,True,0.0,1.0,0.8846684124077936,12,False,0.0,0.0,-0.16,-0.03,0.0,0.0,-0.19,20260816,V1,full,20261725,20261593,72,20,6
62,fresh_bandit_v1,agentic_intent_hijack|1.41|0.71|0.48|0.07|0.39|0.84|0.51,agentic_intent_hijack,-0.1676750537491386,0.8825002828902032,True,0.0,1.0,0.8755545991439861,12,False,0.0,0.0,-0.16,-0.03,0.0,0.0,-0.19,20260816,V1,full,20261725,20261593,72,20,6
63,fresh_bandit_v1,agentic_intent_hijack|0.86|1.16|0.37|0.09|0.42|0.66|0.91,agentic_intent_hijack,0.6498218701965843,0.8867246926615648,True,128.91692487783303,0.75,0.6764842461477336,12,False,0.25783384975566603,0.625,-0.12,-0.03,0.0,0.0,0.732833849755666,20260816,V1,full,20261725,20261593,72,20,6
64,fresh_bandit_v1,agentic_intent_hijack|0.86|1.16|0.37|0.09|0.42|0.66|0.91,agentic_intent_hijack,0.4631977664348269,0.9067246926615649,True,128.756931137411,0.8333333333333334,0.7500088217703094,12,False,0.257513862274822,0.4166666666666666,-0.13333333333333333,-0.03,0.0,0.0,0.5108471956081553,20260816,V1,full,20261725,20261593,72,20,6
65,fresh_bandit_v1,agentic_intent_hijack|0.86|1.16|0.37|0.09|0.42|0.66|0.91,agentic_intent_hijack,0.4441662497291657,0.8617246926615647,True,131.05268007579022,0.8333333333333334,0.7737976044105572,12,False,0.2621053601515804,0.4166666666666666,-0.13333333333333333,-0.03,0.0,0.0,0.5154386934849137,20260816,V1,full,20261725,20261593,72,20,6
66,fresh_bandit_v1,agentic_intent_hijack|0.86|1.16|0.37|0.09|0.42|0.66|0.91,agentic_intent_hijack,0.0877986222229157,0.8617246926615648,True,35.11021219263768,0.9166666666666666,0.7952493168849705,12,False,0.07022042438527537,0.20833333333333343,-0.14666666666666667,-0.03,0.0,0.0,0.10188709105194213,20260816,V1,full,20261725,20261593,72,20,6
67,fresh_bandit_v1,agentic_intent_hijack|0.86|1.16|0.37|0.09|0.42|0.66|0.91,agentic_intent_hijack,-0.1680026916056973,0.8842246926615648,True,0.0,1.0,0.8501140581602082,12,False,0.0,0.0,-0.16,-0.03,0.0,0.0,-0.19,20260816,V1,full,20261725,20261593,72,20,6
68,fresh_bandit_v1,deepfake_account_takeover|0.99|1.26|0.75|0.57|0.13|0.94|0.73,deepfake_account_takeover,-0.16361741001879396,0.8611442632568103,True,0.0,1.0,0.9343435477076484,12,False,0.0,0.0,-0.16,-0.03,0.0,0.0,-0.19,20260816,V1,full,20261725,20261593,72,20,6
69,fresh_bandit_v1,agentic_intent_hijack|0.86|1.16|0.37|0.09|0.42|0.66|0.91,agentic_intent_hijack,0.14012581602440874,0.8817246926615647,True,63.62787331691163,0.9166666666666666,0.8310691824720712,12,False,0.12725574663382327,0.20833333333333343,-0.14666666666666667,-0.03,0.0,0.0,0.15892241330049003,20260816,V1,full,20261725,20261593,72,20,6
70,fresh_bandit_v1,agentic_intent_hijack|0.86|1.16|0.37|0.09|0.42|0.66|0.91,agentic_intent_hijack,0.576616368500315,0.9017246926615647,True,193.06305416328655,0.8333333333333334,0.778094051298575,12,False,0.3861261083265731,0.4166666666666666,-0.13333333333333333,-0.03,0.0,0.0,0.6394594416599064,20260816,V1,full,20261725,20261593,72,20,6
71,fresh_bandit_v1,agentic_intent_hijack|0.86|1.16|0.37|0.09|0.42|0.66|0.91,agentic_intent_hijack,0.38315767286327185,0.9042246926615648,True,85.20416365508444,0.8333333333333334,0.7004446186561241,12,False,0.1704083273101689,0.4166666666666666,-0.13333333333333333,-0.03,0.0,0.0,0.42374166064350216,20260816,V1,full,20261725,20261593,72,20,6
0,fresh_bandit_v2,fake_merchant_collusion|0.93|2.1|0.05|0.33|0.98|0.86|0.98,fake_merchant_collusion,-0.18991591568278296,0.9995574509620155,True,0.0,1.0,0.8924923449097603,12,False,0.0,0.0,-0.16,-0.03,0.0,0.0,-0.19,20260816,V2,full,20261725,20261593,72,20,6
1,fresh_bandit_v2,deepfake_account_takeover|1.13|0.52|0.94|0.63|0.5|0.51|0.67,deepfake_account_takeover,-0.172489830160322,0.9078412113701158,True,0.0,1.0,0.9398639458737926,12,False,0.0,0.0,-0.16,-0.03,0.0,0.0,-0.19,20260816,V2,full,20261725,20261593,72,20,6
2,fresh_bandit_v2,adaptive_card_testing|0.45|1.71|0.1|0.05|0.51|0.55|0.71,adaptive_card_testing,-0.1797169972968638,0.9458789331413884,True,0.0,1.0,0.8665510492701332,12,False,0.0,0.0,-0.16,-0.03,0.0,0.0,-0.19,20260816,V2,full,20261725,20261593,72,20,6
3,fresh_bandit_v2,ai_app_scam_mule|1.72|1.7|0.3|0.91|0.29|0.75|0.6,ai_app_scam_mule,-0.17083203339127484,0.899115965217236,True,0.0,1.0,0.9375853837681624,12,False,0.0,0.0,-0.16,-0.03,0.0,0.0,-0.19,20260816,V2,full,20261725,20261593,72,20,6
4,fresh_bandit_v2,agentic_intent_hijack|1.46|0.55|0.16|0.05|0.75|0.75|0.69,agentic_intent_hijack,-0.17189481456181965,0.9047095503253666,True,0.0,1.0,0.929325138283002,12,False,0.0,0.0,-0.16,-0.03,0.0,0.0,-0.19,20260816,V2,full,20261725,20261593,72,20,6
5,fresh_bandit_v2,ai_app_scam_mule|0.77|0.49|0.13|0.98|0.25|0.48|0.5,ai_app_scam_mule,-0.16095355999999997,0.8471239999999999,True,0.0,1.0,0.9425378463413944,12,False,0.0,0.0,-0.16,-0.03,0.0,0.0,-0.19,20260816,V2,full,20261725,20261593,72,20,6
6,fresh_bandit_v2,synthetic_identity_bustout|0.59|2.1|0.3|0.05|0.42|0.85|0.67,synthetic_identity_bustout,-0.18218256722253032,0.9588556169606859,True,0.0,1.0,0.8818964084309903,12,False,0.0,0.0,-0.16,-0.03,0.0,0.0,-0.19,20260816,V2,full,20261725,20261593,72,20,6
7,fresh_bandit_v2,adaptive_card_testing|1.21|0.81|0.63|0.05|0.05|0.57|0.64,adaptive_card_testing,-0.17876797484280832,0.9408840781200438,True,0.0,1.0,0.8839780509687903,12,False,0.0,0.0,-0.16,-0.03,0.0,0.0,-0.19,20260816,V2,full,20261725,20261593,72,20,6
8,fresh_bandit_v2,fake_merchant_collusion|1.63|0.49|0.35|0.32|0.98|0.87|0.69,fake_merchant_collusion,-0.18935608612475308,0.9966109796039635,True,0.0,1.0,0.9325185835835552,12,False,0.0,0.0,-0.16,-0.03,0.0,0.0,-0.19,20260816,V2,full,20261725,20261593,72,20,6
9,fresh_bandit_v2,synthetic_identity_bustout|1.74|0.73|0.05|0.34|0.52|0.62|0.86,synthetic_identity_bustout,-0.1774309518514166,0.9338471150074558,True,0.0,1.0,0.910018653565365,12,False,0.0,0.0,-0.16,-0.03,0.0,0.0,-0.19,20260816,V2,full,20261725,20261593,72,20,6
10,fresh_bandit_v2,deepfake_account_takeover|0.94|1.07|0.16|0.43|0.39|0.98|0.72,deepfake_account_takeover,-0.17113430704036267,0.9007068791598035,True,0.0,1.0,0.9398907600021137,12,False,0.0,0.0,-0.16,-0.03,0.0,0.0,-0.19,20260816,V2,full,20261725,20261593,72,20,6
11,fresh_bandit_v2,agentic_intent_hijack|0.81|1.48|0.57|0.05|0.72|0.59|0.89,agentic_intent_hijack,-0.16862049163685278,0.8874762717729093,True,0.0,1.0,0.9312237009627076,12,False,0.0,0.0,-0.16,-0.03,0.0,0.0,-0.19,20260816,V2,full,20261725,20261593,72,20,6
12,fresh_bandit_v2,fake_merchant_collusion|0.45|0.92|0.21|0.37|0.69|0.98|0.83,fake_merchant_collusion,-0.18844926058618133,0.9918382136114807,True,0.0,1.0,0.8791795644356514,12,False,0.0,0.0,-0.16,-0.03,0.0,0.0,-0.19,20260816,V2,full,20261725,20261593,72,20,6
13,fresh_bandit_v2,adaptive_card_testing|0.71|1.05|0.66|0.05|0.77|0.63|0.47,adaptive_card_testing,-0.18317725853261813,0.9640908343822007,True,0.0,1.0,0.9168501213230273,12,False,0.0,0.0,-0.16,-0.03,0.0,0.0,-0.19,20260816,V2,full,20261725,20261593,72,20,6
14,fresh_bandit_v2,deepfake_account_takeover|1.27|1.21|0.82|0.7|0.34|0.98|0.51,deepfake_account_takeover,-0.16639046143130773,0.8757392706910933,True,0.0,1.0,0.9428561516605088,12,False,0.0,0.0,-0.16,-0.03,0.0,0.0,-0.19,20260816,V2,full,20261725,20261593,72,20,6
15,fresh_bandit_v2,ai_app_scam_mule|0.7|0.94|0.63|0.86|0.61|0.91|0.59,ai_app_scam_mule,-0.17250552079198936,0.9079237936420492,True,0.0,1.0,0.9459142138648371,12,False,0.0,0.0,-0.16,-0.03,0.0,0.0,-0.19,20260816,V2,full,20261725,20261593,72,20,6
16,fresh_bandit_v2,agentic_intent_hijack|2.2|1.39|0.3|0.08|0.56|0.7|0.88,agentic_intent_hijack,-0.17403011121377446,0.9159479537567077,True,0.0,1.0,0.9181723894563851,12,False,0.0,0.0,-0.16,-0.03,0.0,0.0,-0.19,20260816,V2,full,20261725,20261593,72,20,6
17,fresh_bandit_v2,adaptive_card_testing|1.59|0.64|0.28|0.48|0.49|0.44|0.47,adaptive_card_testing,-0.1857682733501547,0.9777277544744984,True,0.0,1.0,0.9132311692019747,12,False,0.0,0.0,-0.16,-0.03,0.0,0.0,-0.19,20260816,V2,full,20261725,20261593,72,20,6
18,fresh_bandit_v2,fake_merchant_collusion|0.93|2.1|0.05|0.33|0.98|0.86|0.98,fake_merchant_collusion,-0.18913408431721704,0.9954425490379843,True,0.0,1.0,0.8950408100079691,12,False,0.0,0.0,-0.16,-0.03,0.0,0.0,-0.19,20260816,V2,full,20261725,20261593,72,20,6
19,fresh_bandit_v2,synthetic_identity_bustout|0.6|0.93|0.05|0.05|0.89|0.82|0.72,synthetic_identity_bustout,-0.18839260000000002,0.9915400000000001,True,0.0,1.0,0.9089904261051932,12,False,0.0,0.0,-0.16,-0.03,0.0,0.0,-0.19,20260816,V2,full,20261725,20261593,72,20,6
20,fresh_bandit_v2,fake_merchant_collusion|0.6|0.98|0.42|0.05|0.98|0.5|0.68,fake_merchant_collusion,-0.188801015658438,0.993689556097042,True,0.0,1.0,0.9063724094667952,12,False,0.0,0.0,-0.16,-0.03,0.0,0.0,-0.19,20260816,V2,full,20261725,20261593,72,20,6
21,fresh_bandit_v2,deepfake_account_takeover|1.13|0.52|0.94|0.63|0.5|0.51|0.67,deepfake_account_takeover,-0.168560169839678,0.8871587886298842,True,0.0,1.0,0.9426530984402063,12,False,0.0,0.0,-0.16,-0.03,0.0,0.0,-0.19,20260816,V2,full,20261725,20261593,72,20,6
22,fresh_bandit_v2,ai_app_scam_mule|0.77|0.49|0.13|0.98|0.25|0.48|0.5,ai_app_scam_mule,-0.16427855999999996,0.8646239999999998,True,0.0,1.0,0.9433537016110521,12,False,0.0,0.0,-0.16,-0.03,0.0,0.0,-0.19,20260816,V2,full,20261725,20261593,72,20,6
23,fresh_bandit_v2,adaptive_card_testing|1.21|0.81|0.63|0.05|0.05|0.57|0.64,adaptive_card_testing,-0.17781797484280834,0.9358840781200439,True,0.0,1.0,0.9079764225332164,12,False,0.0,0.0,-0.16,-0.03,0.0,0.0,-0.19,20260816,V2,full,20261725,20261593,72,20,6
24,fresh_bandit_v2,fake_merchant_collusion|1.63|0.49|0.35|0.32|0.98|0.87|0.69,fake_merchant_collusion,-0.18541891387524692,0.9758890203960364,True,0.0,1.0,0.9277906061838745,12,False,0.0,0.0,-0.16,-0.03,0.0,0.0,-0.19,20260816,V2,full,20261725,20261593,72,20,6
25,fresh_bandit_v2,agentic_intent_hijack|1.41|0.71|0.48|0.07|0.39|0.84|0.51,agentic_intent_hijack,-0.16672505374913862,0.8775002828902032,True,0.0,1.0,0.9340647305942591,12,False,0.0,0.0,-0.16,-0.03,0.0,0.0,-0.19,20260816,V2,full,20261725,20261593,72,20,6
26,fresh_bandit_v2,ai_app_scam_mule|1.72|1.7|0.3|0.91|0.29|0.75|0.6,ai_app_scam_mule,-0.16323203339127487,0.8591159652172361,True,0.0,1.0,0.9429178142763152,12,False,0.0,0.0,-0.16,-0.03,0.0,0.0,-0.19,20260816,V2,full,20261725,20261593,72,20,6
27,fresh_bandit_v2,agentic_intent_hijack|1.23|0.89|0.13|0.05|0.51|0.32|0.9,agentic_intent_hijack,-0.1703772247032918,0.8967222352804831,True,0.0,1.0,0.9252075794375157,12,False,0.0,0.0,-0.16,-0.03,0.0,0.0,-0.19,20260816,V2,full,20261725,20261593,72,20,6
28,fresh_bandit_v2,synthetic_identity_bustout|1.3|0.78|0.1|0.05|0.42|0.37|0.6,synthetic_identity_bustout,-0.17881822349937668,0.9411485447335615,True,0.0,1.0,0.9062227298837736,12,False,0.0,0.0,-0.16,-0.03,0.0,0.0,-0.19,20260816,V2,full,20261725,20261593,72,20,6
29,fresh_bandit_v2,adaptive_card_testing|1.59|0.64|0.28|0.48|0.49|0.44|0.47,adaptive_card_testing,-0.18900672664984527,0.9947722455255015,True,0.0,1.0,0.928316142199351,12,False,0.0,0.0,-0.16,-0.03,0.0,0.0,-0.19,20260816,V2,full,20261725,20261593,72,20,6
30,fresh_bandit_v2,ai_app_scam_mule|0.82|2.1|0.34|0.36|0.49|0.83|0.63,ai_app_scam_mule,-0.1685867782830567,0.8872988330687195,True,0.0,1.0,0.9196332229315813,12,False,0.0,0.0,-0.16,-0.03,0.0,0.0,-0.19,20260816,V2,full,20261725,20261593,72,20,6
31,fresh_bandit_v2,deepfake_account_takeover|0.94|1.07|0.16|0.43|0.39|0.98|0.72,deepfake_account_takeover,-0.1578343070403627,0.8307068791598036,True,0.0,1.0,0.93700338499026,12,False,0.0,0.0,-0.16,-0.03,0.0,0.0,-0.19,20260816,V2,full,20261725,20261593,72,20,6
32,fresh_bandit_v2,deepfake_account_takeover|0.87|0.98|0.98|0.41|0.57|0.55|0.51,deepfake_account_takeover,-0.16760355999999998,0.8821239999999999,True,0.0,1.0,0.9415827139577373,12,False,0.0,0.0,-0.16,-0.03,0.0,0.0,-0.19,20260816,V2,full,20261725,20261593,72,20,6
33,fresh_bandit_v2,fake_merchant_collusion|1.26|1.22|0.23|0.57|0.98|0.82|0.57,fake_merchant_collusion,-0.18623416853851055,0.9801798344132133,True,0.0,1.0,0.8950230321142256,12,False,0.0,0.0,-0.16,-0.03,0.0,0.0,-0.19,20260816,V2,full,20261725,20261593,72,20,6
34,fresh_bandit_v2,ai_app_scam_mule|0.73|1.48|0.26|0.6|0.29|0.44|0.8,ai_app_scam_mule,-0.1658636970376895,0.8729668265141552,True,0.0,1.0,0.9302279591356015,12,False,0.0,0.0,-0.16,-0.03,0.0,0.0,-0.19,20260816,V2,full,20261725,20261593,72,20,6
35,fresh_bandit_v2,adaptive_card_testing|0.45|1.71|0.1|0.05|0.51|0.55|0.71,adaptive_card_testing,-0.1839919972968638,0.9683789331413885,True,0.0,1.0,0.8722382722500308,12,False,0.0,0.0,-0.16,-0.03,0.0,0.0,-0.19,20260816,V2,full,20261725,20261593,72,20,6
36,fresh_bandit_v2,adaptive_card_testing|1.21|0.81|0.63|0.05|0.05|0.57|0.64,adaptive_card_testing,-0.18161797484280834,0.955884078120044,True,0.0,1.0,0.8887705239799685,12,False,0.0,0.0,-0.16,-0.03,0.0,0.0,-0.19,20260816,V2,full,20261725,20261593,72,20,6
37,fresh_bandit_v2,ai_app_scam_mule|0.77|0.49|0.13|0.98|0.25|0.48|0.5,ai_app_scam_mule,-0.16855356,0.8871239999999999,True,0.0,1.0,0.9452748221090137,12,False,0.0,0.0,-0.16,-0.03,0.0,0.0,-0.19,20260816,V2,full,20261725,20261593,72,20,6
38,fresh_bandit_v2,fake_merchant_collusion|0.45|0.92|0.21|0.37|0.69|0.98|0.83,fake_merchant_collusion,-0.18537573941381866,0.9756617863885193,True,0.0,1.0,0.9093088592423317,12,False,0.0,0.0,-0.16,-0.03,0.0,0.0,-0.19,20260816,V2,full,20261725,20261593,72,20,6
39,fresh_bandit_v2,agentic_intent_hijack|0.99|1.87|0.33|0.21|0.92|0.84|0.81,agentic_intent_hijack,-0.17111596922176006,0.9006103643250529,True,0.0,1.0,0.91632666716993,12,False,0.0,0.0,-0.16,-0.03,0.0,0.0,-0.19,20260816,V2,full,20261725,20261593,72,20,6
40,fresh_bandit_v2,deepfake_account_takeover|0.6|0.61|0.8|0.29|0.56|0.96|0.56,deepfake_account_takeover,-0.1691914331199543,0.8904812269471278,True,0.0,1.0,0.942517757914818,12,False,0.0,0.0,-0.16,-0.03,0.0,0.0,-0.19,20260816,V2,full,20261725,20261593,72,20,6
41,fresh_bandit_v2,synthetic_identity_bustout|0.59|2.1|0.3|0.05|0.42|0.85|0.67,synthetic_identity_bustout,-0.1807575672225303,0.9513556169606858,True,0.0,1.0,0.8811576952054453,12,False,0.0,0.0,-0.16,-0.03,0.0,0.0,-0.19,20260816,V2,full,20261725,20261593,72,20,6
42,fresh_bandit_v2,fake_merchant_collusion|0.6|0.98|0.42|0.05|0.98|0.5|0.68,fake_merchant_collusion,-0.18785101565843795,0.9886895560970419,True,0.0,1.0,0.9125777111176223,12,False,0.0,0.0,-0.16,-0.03,0.0,0.0,-0.19,20260816,V2,full,20261725,20261593,72,20,6
43,fresh_bandit_v2,deepfake_account_takeover|1.13|0.52|0.94|0.63|0.5|0.51|0.67,deepfake_account_takeover,-0.17153983016032198,0.9028412113701156,True,0.0,1.0,0.9419571245561124,12,False,0.0,0.0,-0.16,-0.03,0.0,0.0,-0.19,20260816,V2,full,20261725,20261593,72,20,6
44,fresh_bandit_v2,ai_app_scam_mule|0.77|0.49|0.13|0.98|0.25|0.48|0.5,ai_app_scam_mule,-0.16617855999999998,0.8746239999999998,True,0.0,1.0,0.9387094257076524,12,False,0.0,0.0,-0.16,-0.03,0.0,0.0,-0.19,20260816,V2,full,20261725,20261593,72,20,6
45,fresh_bandit_v2,adaptive_card_testing|1.21|0.81|0.63|0.05|0.05|0.57|0.64,adaptive_card_testing,-0.18161797484280834,0.955884078120044,True,0.0,1.0,0.898123973021177,12,False,0.0,0.0,-0.16,-0.03,0.0,0.0,-0.19,20260816,V2,full,20261725,20261593,72,20,6
46,fresh_bandit_v2,agentic_intent_hijack|1.23|0.89|0.13|0.05|0.51|0.32|0.9,agentic_intent_hijack,-0.1722772247032918,0.9067222352804831,True,0.0,1.0,0.9216076671683343,12,False,0.0,0.0,-0.16,-0.03,0.0,0.0,-0.19,20260816,V2,full,20261725,20261593,72,20,6
47,fresh_bandit_v2,synthetic_identity_bustout|1.74|0.73|0.05|0.34|0.52|0.62|0.86,synthetic_identity_bustout,-0.1883559518514166,0.9913471150074558,True,0.0,1.0,0.9107591560658723,12,False,0.0,0.0,-0.16,-0.03,0.0,0.0,-0.19,20260816,V2,full,20261725,20261593,72,20,6
48,fresh_bandit_v2,deepfake_account_takeover|0.94|1.07|0.16|0.43|0.39|0.98|0.72,deepfake_account_takeover,-0.17255930704036265,0.9082068791598035,True,0.0,1.0,0.9334288425044188,12,False,0.0,0.0,-0.16,-0.03,0.0,0.0,-0.19,20260816,V2,full,20261725,20261593,72,20,6
49,fresh_bandit_v2,ai_app_scam_mule|0.86|0.84|0.29|0.36|0.35|0.47|0.58,ai_app_scam_mule,-0.16963654470017112,0.8928239194745848,True,0.0,1.0,0.931245385629787,12,False,0.0,0.0,-0.16,-0.03,0.0,0.0,-0.19,20260816,V2,full,20261725,20261593,72,20,6
50,fresh_bandit_v2,fake_merchant_collusion|0.45|0.92|0.21|0.37|0.69|0.98|0.83,fake_merchant_collusion,-0.18749926058618133,0.9868382136114806,True,0.0,1.0,0.9000059782168562,12,False,0.0,0.0,-0.16,-0.03,0.0,0.0,-0.19,20260816,V2,full,20261725,20261593,72,20,6
51,fresh_bandit_v2,agentic_intent_hijack|1.41|0.71|0.48|0.07|0.39|0.84|0.51,agentic_intent_hijack,-0.1653000537491386,0.8700002828902031,True,0.0,1.0,0.9269954336452143,12,False,0.0,0.0,-0.16,-0.03,0.0,0.0,-0.19,20260816,V2,full,20261725,20261593,72,20,6
52,fresh_bandit_v2,ai_app_scam_mule|0.7|0.94|0.63|0.86|0.61|0.91|0.59,ai_app_scam_mule,-0.1732944792080106,0.9120762063579506,True,0.0,1.0,0.9430636240370981,12,False,0.0,0.0,-0.16,-0.03,0.0,0.0,-0.19,20260816,V2,full,20261725,20261593,72,20,6
53,fresh_bandit_v2,fake_merchant_collusion|1.63|0.49|0.35|0.32|0.98|0.87|0.69,fake_merchant_collusion,-0.18969391387524692,0.9983890203960364,True,0.0,1.0,0.9123202314820119,12,False,0.0,0.0,-0.16,-0.03,0.0,0.0,-0.19,20260816,V2,full,20261725,20261593,72,20,6
54,fresh_bandit_v2,deepfake_account_takeover|1.13|0.52|0.94|0.63|0.5|0.51|0.67,deepfake_account_takeover,-0.170460169839678,0.8971587886298842,True,0.0,1.0,0.942340363595672,12,False,0.0,0.0,-0.16,-0.03,0.0,0.0,-0.19,20260816,V2,full,20261725,20261593,72,20,6
55,fresh_bandit_v2,ai_app_scam_mule|1.72|1.7|0.3|0.91|0.29|0.75|0.6,ai_app_scam_mule,-0.17083203339127484,0.899115965217236,True,0.0,1.0,0.9414996394808854,12,False,0.0,0.0,-0.16,-0.03,0.0,0.0,-0.19,20260816,V2,full,20261725,20261593,72,20,6
56,fresh_bandit_v2,adaptive_card_testing|1.23|1.25|0.34|0.05|0.81|0.67|0.57,adaptive_card_testing,-0.18836591737439148,0.9913995651283762,True,0.0,1.0,0.8790025499028031,12,False,0.0,0.0,-0.16,-0.03,0.0,0.0,-0.19,20260816,V2,full,20261725,20261593,72,20,6
57,fresh_bandit_v2,ai_app_scam_mule|0.67|0.6|0.12|0.58|0.35|0.74|0.71,ai_app_scam_mule,-0.15991093278625493,0.8416364883487102,True,0.0,1.0,0.9365178267041929,12,False,0.0,0.0,-0.16,-0.03,0.0,0.0,-0.19,20260816,V2,full,20261725,20261593,72,20,6
58,fresh_bandit_v2,agentic_intent_hijack|1.23|0.89|0.13|0.05|0.51|0.32|0.9,agentic_intent_hijack,-0.1703772247032918,0.8967222352804831,True,0.0,1.0,0.9201662958964912,12,False,0.0,0.0,-0.16,-0.03,0.0,0.0,-0.19,20260816,V2,full,20261725,20261593,72,20,6
59,fresh_bandit_v2,deepfake_account_takeover|1.39|0.82|0.51|0.17|0.33|0.91|0.69,deepfake_account_takeover,-0.1668426097261671,0.8781189985587742,True,0.0,1.0,0.9377189821651865,12,False,0.0,0.0,-0.16,-0.03,0.0,0.0,-0.19,20260816,V2,full,20261725,20261593,72,20,6
60,fresh_bandit_v2,synthetic_identity_bustout|0.6|0.93|0.05|0.05|0.89|0.82|0.72,synthetic_identity_bustout,-0.1893426,0.99654,True,0.0,1.0,0.8910019832795218,12,False,0.0,0.0,-0.16,-0.03,0.0,0.0,-0.19,20260816,V2,full,20261725,20261593,72,20,6
61,fresh_bandit_v2,ai_app_scam_mule|0.73|1.48|0.26|0.6|0.29|0.44|0.8,ai_app_scam_mule,-0.1658636970376895,0.8729668265141552,True,0.0,1.0,0.9267154748858583,12,False,0.0,0.0,-0.16,-0.03,0.0,0.0,-0.19,20260816,V2,full,20261725,20261593,72,20,6
62,fresh_bandit_v2,fake_merchant_collusion|0.75|1.08|0.75|0.05|0.89|0.83|0.75,fake_merchant_collusion,-0.18785700291547908,0.9887210679762056,True,0.0,1.0,0.9283568904735043,12,False,0.0,0.0,-0.16,-0.03,0.0,0.0,-0.19,20260816,V2,full,20261725,20261593,72,20,6
63,fresh_bandit_v2,ai_app_scam_mule|0.77|0.49|0.13|0.98|0.25|0.48|0.5,ai_app_scam_mule,-0.16807856,0.884624,True,0.0,1.0,0.9414784042638539,12,False,0.0,0.0,-0.16,-0.03,0.0,0.0,-0.19,20260816,V2,full,20261725,20261593,72,20,6
64,fresh_bandit_v2,deepfake_account_takeover|0.99|1.26|0.75|0.57|0.13|0.94|0.73,deepfake_account_takeover,-0.17264241001879393,0.9086442632568101,True,0.0,1.0,0.9401640272734282,12,False,0.0,0.0,-0.16,-0.03,0.0,0.0,-0.19,20260816,V2,full,20261725,20261593,72,20,6
65,fresh_bandit_v2,deepfake_account_takeover|0.95|0.79|0.6|0.64|0.61|0.82|0.92,deepfake_account_takeover,-0.17377703382187984,0.9146159674835781,True,0.0,1.0,0.9386175248205689,12,False,0.0,0.0,-0.16,-0.03,0.0,0.0,-0.19,20260816,V2,full,20261725,20261593,72,20,6
66,fresh_bandit_v2,adaptive_card_testing|1.31|1.08|0.05|0.05|0.4|0.64|0.85,adaptive_card_testing,-0.18362638908619297,0.9664546794010156,True,0.0,1.0,0.8809384713079678,12,False,0.0,0.0,-0.16,-0.03,0.0,0.0,-0.19,20260816,V2,full,20261725,20261593,72,20,6
67,fresh_bandit_v2,agentic_intent_hijack|1.41|0.71|0.48|0.07|0.39|0.84|0.51,agentic_intent_hijack,-0.1643500537491386,0.8650002828902033,True,0.0,1.0,0.9336140215381782,12,False,0.0,0.0,-0.16,-0.03,0.0,0.0,-0.19,20260816,V2,full,20261725,20261593,72,20,6
68,fresh_bandit_v2,deepfake_account_takeover|1.13|0.52|0.94|0.63|0.5|0.51|0.67,deepfake_account_takeover,-0.17011483016032197,0.8953412113701157,True,0.0,1.0,0.9428967936599549,12,False,0.0,0.0,-0.16,-0.03,0.0,0.0,-0.19,20260816,V2,full,20261725,20261593,72,20,6
69,fresh_bandit_v2,synthetic_identity_bustout|1.74|0.73|0.05|0.34|0.52|0.62|0.86,synthetic_identity_bustout,-0.1802809518514166,0.9488471150074558,True,0.0,1.0,0.9196977301289045,12,False,0.0,0.0,-0.16,-0.03,0.0,0.0,-0.19,20260816,V2,full,20261725,20261593,72,20,6
70,fresh_bandit_v2,ai_app_scam_mule|1.72|1.7|0.3|0.91|0.29|0.75|0.6,ai_app_scam_mule,-0.16893203339127486,0.889115965217236,True,0.0,1.0,0.9305854319770729,12,False,0.0,0.0,-0.16,-0.03,0.0,0.0,-0.19,20260816,V2,full,20261725,20261593,72,20,6
71,fresh_bandit_v2,ai_app_scam_mule|0.77|0.49|0.13|0.98|0.25|0.48|0.5,ai_app_scam_mule,-0.16807856,0.884624,True,0.0,1.0,0.940309361879807,12,False,0.0,0.0,-0.16,-0.03,0.0,0.0,-0.19,20260816,V2,full,20261725,20261593,72,20,6
