artifact_version,iteration,strategy,action_id,family,reward,fidelity,valid,approved_value,detection_rate,mean_risk_score,event_count,novel_evasion,value_term,evasion_term,detection_cost_term,resource_cost_term,novelty_term,validity_term,pre_fidelity_reward,seed,generation,protocol,fresh_pool_seed,fresh_arena_seed,campaign_budget,action_variants_per_family,search_family_count,seed_campaigns,seed_valid_campaigns,seed_invalid_campaigns,seed_fully_detected_campaigns,seed_total_events,seed_approved_value,seed_mean_detection_rate,seed_mean_fidelity,seed_min_fidelity,seed_median_fidelity,seed_max_fidelity,seed_unique_actions,seed_families_selected,seed_mean_reward
1.0,0,fresh_bandit_v2,agentic_intent_hijack|0.83|1.34|0.37|0.22|0.96|0.98|0.92,agentic_intent_hijack,-0.17446441827493972,0.9182337803944196,True,0.0,1.0,0.918215337933037,12,False,0.0,0.0,-0.16,-0.03,0.0,0.0,-0.19,20260812,V2,full,20261721,20261589,72,20,6,72,72,0,72,864,0.0,1.0,0.9266197950393793,0.8369252678537769,0.915603155013002,0.9988445429175783,33,6,-0.17605776105748205
1.0,1,fresh_bandit_v2,ai_app_scam_mule|1.92|1.75|0.18|0.98|0.3|0.63|0.75,ai_app_scam_mule,-0.16142856,0.8496239999999999,True,0.0,1.0,0.9411901629341974,12,False,0.0,0.0,-0.16,-0.03,0.0,0.0,-0.19,20260812,V2,full,20261721,20261589,72,20,6,72,72,0,72,864,0.0,1.0,0.9266197950393793,0.8369252678537769,0.915603155013002,0.9988445429175783,33,6,-0.17605776105748205
1.0,2,fresh_bandit_v2,adaptive_card_testing|0.52|0.53|0.49|0.31|0.54|0.76|0.6,adaptive_card_testing,-0.18231898013703274,0.9595735796685934,True,0.0,1.0,0.9158845097641461,12,False,0.0,0.0,-0.16,-0.03,0.0,0.0,-0.19,20260812,V2,full,20261721,20261589,72,20,6,72,72,0,72,864,0.0,1.0,0.9266197950393793,0.8369252678537769,0.915603155013002,0.9988445429175783,33,6,-0.17605776105748205
1.0,3,fresh_bandit_v2,synthetic_identity_bustout|2.2|1.05|0.1|0.05|0.38|0.87|0.7,synthetic_identity_bustout,-0.18303367426131822,0.9633351276911486,True,0.0,1.0,0.903012507767127,12,False,0.0,0.0,-0.16,-0.03,0.0,0.0,-0.19,20260812,V2,full,20261721,20261589,72,20,6,72,72,0,72,864,0.0,1.0,0.9266197950393793,0.8369252678537769,0.915603155013002,0.9988445429175783,33,6,-0.17605776105748205
1.0,4,fresh_bandit_v2,fake_merchant_collusion|0.51|1.19|0.17|0.05|0.95|0.72|0.74,fake_merchant_collusion,-0.18919776647082978,0.9957777182675251,True,0.0,1.0,0.9025199036257708,12,False,0.0,0.0,-0.16,-0.03,0.0,0.0,-0.19,20260812,V2,full,20261721,20261589,72,20,6,72,72,0,72,864,0.0,1.0,0.9266197950393793,0.8369252678537769,0.915603155013002,0.9988445429175783,33,6,-0.17605776105748205
1.0,5,fresh_bandit_v2,deepfake_account_takeover|1.28|0.77|0.85|0.64|0.52|0.6|0.56,deepfake_account_takeover,-0.17436048551982009,0.91768676589379,True,0.0,1.0,0.9381543575064818,12,False,0.0,0.0,-0.16,-0.03,0.0,0.0,-0.19,20260812,V2,full,20261721,20261589,72,20,6,72,72,0,72,864,0.0,1.0,0.9266197950393793,0.8369252678537769,0.915603155013002,0.9988445429175783,33,6,-0.17605776105748205
1.0,6,fresh_bandit_v2,synthetic_identity_bustout|0.77|2.1|0.63|0.12|0.71|0.66|0.7,synthetic_identity_bustout,-0.18212222979244308,0.9585380515391742,True,0.0,1.0,0.90402563618871,12,False,0.0,0.0,-0.16,-0.03,0.0,0.0,-0.19,20260812,V2,full,20261721,20261589,72,20,6,72,72,0,72,864,0.0,1.0,0.9266197950393793,0.8369252678537769,0.915603155013002,0.9988445429175783,33,6,-0.17605776105748205
1.0,7,fresh_bandit_v2,ai_app_scam_mule|0.61|0.71|0.11|0.92|0.77|0.56|0.44,ai_app_scam_mule,-0.17066191830634933,0.8982206226649965,True,0.0,1.0,0.9398250685911734,12,False,0.0,0.0,-0.16,-0.03,0.0,0.0,-0.19,20260812,V2,full,20261721,20261589,72,20,6,72,72,0,72,864,0.0,1.0,0.9266197950393793,0.8369252678537769,0.915603155013002,0.9988445429175783,33,6,-0.17605776105748205
1.0,8,fresh_bandit_v2,adaptive_card_testing|2.13|0.74|0.09|0.09|0.59|0.77|0.56,adaptive_card_testing,-0.18312330892007456,0.963806889053024,True,0.0,1.0,0.9043983270015757,12,False,0.0,0.0,-0.16,-0.03,0.0,0.0,-0.19,20260812,V2,full,20261721,20261589,72,20,6,72,72,0,72,864,0.0,1.0,0.9266197950393793,0.8369252678537769,0.915603155013002,0.9988445429175783,33,6,-0.17605776105748205
1.0,9,fresh_bandit_v2,adaptive_card_testing|0.94|0.76|0.92|0.05|0.1|0.43|0.54,adaptive_card_testing,-0.18110429795636945,0.9531805155598392,True,0.0,1.0,0.910981468630788,12,False,0.0,0.0,-0.16,-0.03,0.0,0.0,-0.19,20260812,V2,full,20261721,20261589,72,20,6,72,72,0,72,864,0.0,1.0,0.9266197950393793,0.8369252678537769,0.915603155013002,0.9988445429175783,33,6,-0.17605776105748205
1.0,10,fresh_bandit_v2,adaptive_card_testing|0.78|1.85|0.16|0.05|0.66|0.98|0.61,adaptive_card_testing,-0.18431640722485385,0.9700863538150202,True,0.0,1.0,0.8778732100339001,12,False,0.0,0.0,-0.16,-0.03,0.0,0.0,-0.19,20260812,V2,full,20261721,20261589,72,20,6,72,72,0,72,864,0.0,1.0,0.9266197950393793,0.8369252678537769,0.915603155013002,0.9988445429175783,33,6,-0.17605776105748205
1.0,11,fresh_bandit_v2,agentic_intent_hijack|1.58|0.71|0.53|0.05|0.53|0.98|0.73,agentic_intent_hijack,-0.16712937621215024,0.8796282958534223,True,0.0,1.0,0.9391936579534393,12,False,0.0,0.0,-0.16,-0.03,0.0,0.0,-0.19,20260812,V2,full,20261721,20261589,72,20,6,72,72,0,72,864,0.0,1.0,0.9266197950393793,0.8369252678537769,0.915603155013002,0.9988445429175783,33,6,-0.17605776105748205
1.0,12,fresh_bandit_v2,deepfake_account_takeover|0.55|1.04|0.38|0.2|0.51|0.73|0.84,deepfake_account_takeover,-0.16746052802744563,0.8813712001444507,True,0.0,1.0,0.9313587557030581,12,False,0.0,0.0,-0.16,-0.03,0.0,0.0,-0.19,20260812,V2,full,20261721,20261589,72,20,6,72,72,0,72,864,0.0,1.0,0.9266197950393793,0.8369252678537769,0.915603155013002,0.9988445429175783,33,6,-0.17605776105748205
1.0,13,fresh_bandit_v2,fake_merchant_collusion|1.61|1.03|0.24|0.36|0.98|0.51|0.76,fake_merchant_collusion,-0.1861701849670491,0.9798430787739426,True,0.0,1.0,0.9217998419580491,12,False,0.0,0.0,-0.16,-0.03,0.0,0.0,-0.19,20260812,V2,full,20261721,20261589,72,20,6,72,72,0,72,864,0.0,1.0,0.9266197950393793,0.8369252678537769,0.915603155013002,0.9988445429175783,33,6,-0.17605776105748205
1.0,14,fresh_bandit_v2,ai_app_scam_mule|1.23|1.29|0.05|0.96|0.1|0.87|0.56,ai_app_scam_mule,-0.16446504244143206,0.8656054865338529,True,0.0,1.0,0.9402447157249575,12,False,0.0,0.0,-0.16,-0.03,0.0,0.0,-0.19,20260812,V2,full,20261721,20261589,72,20,6,72,72,0,72,864,0.0,1.0,0.9266197950393793,0.8369252678537769,0.915603155013002,0.9988445429175783,33,6,-0.17605776105748205
1.0,15,fresh_bandit_v2,deepfake_account_takeover|1.97|1.55|0.55|0.18|0.65|0.98|0.49,deepfake_account_takeover,-0.17022021859571007,0.8958958873458425,True,0.0,1.0,0.9352179009996254,12,False,0.0,0.0,-0.16,-0.03,0.0,0.0,-0.19,20260812,V2,full,20261721,20261589,72,20,6,72,72,0,72,864,0.0,1.0,0.9266197950393793,0.8369252678537769,0.915603155013002,0.9988445429175783,33,6,-0.17605776105748205
1.0,16,fresh_bandit_v2,agentic_intent_hijack|0.47|1.58|0.34|0.05|0.8|0.7|0.56,agentic_intent_hijack,-0.1745187133851207,0.9185195441322143,True,0.0,1.0,0.9288975687876103,12,False,0.0,0.0,-0.16,-0.03,0.0,0.0,-0.19,20260812,V2,full,20261721,20261589,72,20,6,72,72,0,72,864,0.0,1.0,0.9266197950393793,0.8369252678537769,0.915603155013002,0.9988445429175783,33,6,-0.17605776105748205
1.0,17,fresh_bandit_v2,synthetic_identity_bustout|0.73|0.97|0.38|0.05|0.14|0.78|0.92,synthetic_identity_bustout,-0.18215061845486907,0.9586874655519425,True,0.0,1.0,0.896155490553774,12,False,0.0,0.0,-0.16,-0.03,0.0,0.0,-0.19,20260812,V2,full,20261721,20261589,72,20,6,72,72,0,72,864,0.0,1.0,0.9266197950393793,0.8369252678537769,0.915603155013002,0.9988445429175783,33,6,-0.17605776105748205
1.0,18,fresh_bandit_v2,deepfake_account_takeover|0.88|0.79|0.54|0.98|0.58|0.5|0.79,deepfake_account_takeover,-0.17249123691878632,0.9078486153620332,True,0.0,1.0,0.9440277412797232,12,False,0.0,0.0,-0.16,-0.03,0.0,0.0,-0.19,20260812,V2,full,20261721,20261589,72,20,6,72,72,0,72,864,0.0,1.0,0.9266197950393793,0.8369252678537769,0.915603155013002,0.9988445429175783,33,6,-0.17605776105748205
1.0,19,fresh_bandit_v2,synthetic_identity_bustout|1.77|2.02|0.05|0.24|0.75|0.48|0.77,synthetic_identity_bustout,-0.1837689144377588,0.9672048128303095,True,0.0,1.0,0.9111651627038339,12,False,0.0,0.0,-0.16,-0.03,0.0,0.0,-0.19,20260812,V2,full,20261721,20261589,72,20,6,72,72,0,72,864,0.0,1.0,0.9266197950393793,0.8369252678537769,0.915603155013002,0.9988445429175783,33,6,-0.17605776105748205
1.0,20,fresh_bandit_v2,ai_app_scam_mule|1.09|2.1|0.16|0.45|0.21|0.87|0.72,ai_app_scam_mule,-0.15901580089221762,0.8369252678537769,True,0.0,1.0,0.9257793641922377,12,False,0.0,0.0,-0.16,-0.03,0.0,0.0,-0.19,20260812,V2,full,20261721,20261589,72,20,6,72,72,0,72,864,0.0,1.0,0.9266197950393793,0.8369252678537769,0.915603155013002,0.9988445429175783,33,6,-0.17605776105748205
1.0,21,fresh_bandit_v2,adaptive_card_testing|0.78|1.85|0.16|0.05|0.66|0.98|0.61,adaptive_card_testing,-0.17956640722485384,0.9450863538150203,True,0.0,1.0,0.871692654942276,12,False,0.0,0.0,-0.16,-0.03,0.0,0.0,-0.19,20260812,V2,full,20261721,20261589,72,20,6,72,72,0,72,864,0.0,1.0,0.9266197950393793,0.8369252678537769,0.915603155013002,0.9988445429175783,33,6,-0.17605776105748205
1.0,22,fresh_bandit_v2,ai_app_scam_mule|0.61|0.71|0.11|0.92|0.77|0.56|0.44,ai_app_scam_mule,-0.17276308169365065,0.9092793773350034,True,0.0,1.0,0.9429596013754877,12,False,0.0,0.0,-0.16,-0.03,0.0,0.0,-0.19,20260812,V2,full,20261721,20261589,72,20,6,72,72,0,72,864,0.0,1.0,0.9266197950393793,0.8369252678537769,0.915603155013002,0.9988445429175783,33,6,-0.17605776105748205
1.0,23,fresh_bandit_v2,fake_merchant_collusion|0.61|0.71|0.05|0.05|0.84|0.84|0.9,fake_merchant_collusion,-0.1874426,0.98654,True,0.0,1.0,0.9160124200235232,12,False,0.0,0.0,-0.16,-0.03,0.0,0.0,-0.19,20260812,V2,full,20261721,20261589,72,20,6,72,72,0,72,864,0.0,1.0,0.9266197950393793,0.8369252678537769,0.915603155013002,0.9988445429175783,33,6,-0.17605776105748205
1.0,24,fresh_bandit_v2,adaptive_card_testing|0.94|0.76|0.92|0.05|0.1|0.43|0.54,adaptive_card_testing,-0.17825429795636946,0.9381805155598393,True,0.0,1.0,0.900881690069363,12,False,0.0,0.0,-0.16,-0.03,0.0,0.0,-0.19,20260812,V2,full,20261721,20261589,72,20,6,72,72,0,72,864,0.0,1.0,0.9266197950393793,0.8369252678537769,0.915603155013002,0.9988445429175783,33,6,-0.17605776105748205
1.0,25,fresh_bandit_v2,agentic_intent_hijack|1.28|1.82|0.37|0.05|0.5|0.71|0.89,agentic_intent_hijack,-0.16662739423387865,0.8769862854414665,True,0.0,1.0,0.9058226398909884,12,False,0.0,0.0,-0.16,-0.03,0.0,0.0,-0.19,20260812,V2,full,20261721,20261589,72,20,6,72,72,0,72,864,0.0,1.0,0.9266197950393793,0.8369252678537769,0.915603155013002,0.9988445429175783,33,6,-0.17605776105748205
1.0,26,fresh_bandit_v2,ai_app_scam_mule|1.28|0.71|0.45|0.6|0.73|0.56|0.58,ai_app_scam_mule,-0.1719743471926286,0.905128143119098,True,0.0,1.0,0.9458621552341544,12,False,0.0,0.0,-0.16,-0.03,0.0,0.0,-0.19,20260812,V2,full,20261721,20261589,72,20,6,72,72,0,72,864,0.0,1.0,0.9266197950393793,0.8369252678537769,0.915603155013002,0.9988445429175783,33,6,-0.17605776105748205
1.0,27,fresh_bandit_v2,deepfake_account_takeover|1.97|1.55|0.55|0.18|0.65|0.98|0.49,deepfake_account_takeover,-0.16784521859571006,0.8833958873458424,True,0.0,1.0,0.9383809393116191,12,False,0.0,0.0,-0.16,-0.03,0.0,0.0,-0.19,20260812,V2,full,20261721,20261589,72,20,6,72,72,0,72,864,0.0,1.0,0.9266197950393793,0.8369252678537769,0.915603155013002,0.9988445429175783,33,6,-0.17605776105748205
1.0,28,fresh_bandit_v2,synthetic_identity_bustout|0.65|0.63|0.14|0.09|0.67|0.69|0.52,synthetic_identity_bustout,-0.18889905504495175,0.994205552868167,True,0.0,1.0,0.898604624084105,12,False,0.0,0.0,-0.16,-0.03,0.0,0.0,-0.19,20260812,V2,full,20261721,20261589,72,20,6,72,72,0,72,864,0.0,1.0,0.9266197950393793,0.8369252678537769,0.915603155013002,0.9988445429175783,33,6,-0.17605776105748205
1.0,29,fresh_bandit_v2,adaptive_card_testing|1.2|0.61|0.06|0.05|0.63|0.47|0.68,adaptive_card_testing,-0.18926953684566014,0.9961554570824218,True,0.0,1.0,0.8972312542965413,12,False,0.0,0.0,-0.16,-0.03,0.0,0.0,-0.19,20260812,V2,full,20261721,20261589,72,20,6,72,72,0,72,864,0.0,1.0,0.9266197950393793,0.8369252678537769,0.915603155013002,0.9988445429175783,33,6,-0.17605776105748205
1.0,30,fresh_bandit_v2,fake_merchant_collusion|0.98|0.86|0.05|0.48|0.54|0.74|0.56,fake_merchant_collusion,-0.181461055337111,0.9550581859847946,True,0.0,1.0,0.905192122065026,12,False,0.0,0.0,-0.16,-0.03,0.0,0.0,-0.19,20260812,V2,full,20261721,20261589,72,20,6,72,72,0,72,864,0.0,1.0,0.9266197950393793,0.8369252678537769,0.915603155013002,0.9988445429175783,33,6,-0.17605776105748205
1.0,31,fresh_bandit_v2,deepfake_account_takeover|0.88|0.79|0.54|0.98|0.58|0.5|0.79,deepfake_account_takeover,-0.1710662369187863,0.9003486153620333,True,0.0,1.0,0.9432112719989111,12,False,0.0,0.0,-0.16,-0.03,0.0,0.0,-0.19,20260812,V2,full,20261721,20261589,72,20,6,72,72,0,72,864,0.0,1.0,0.9266197950393793,0.8369252678537769,0.915603155013002,0.9988445429175783,33,6,-0.17605776105748205
1.0,32,fresh_bandit_v2,agentic_intent_hijack|0.47|1.58|0.34|0.05|0.8|0.7|0.56,agentic_intent_hijack,-0.1735687133851207,0.9135195441322141,True,0.0,1.0,0.9046176629133011,12,False,0.0,0.0,-0.16,-0.03,0.0,0.0,-0.19,20260812,V2,full,20261721,20261589,72,20,6,72,72,0,72,864,0.0,1.0,0.9266197950393793,0.8369252678537769,0.915603155013002,0.9988445429175783,33,6,-0.17605776105748205
1.0,33,fresh_bandit_v2,ai_app_scam_mule|1.23|1.29|0.05|0.96|0.1|0.87|0.56,ai_app_scam_mule,-0.16541504244143207,0.8706054865338531,True,0.0,1.0,0.9447676330589451,12,False,0.0,0.0,-0.16,-0.03,0.0,0.0,-0.19,20260812,V2,full,20261721,20261589,72,20,6,72,72,0,72,864,0.0,1.0,0.9266197950393793,0.8369252678537769,0.915603155013002,0.9988445429175783,33,6,-0.17605776105748205
1.0,34,fresh_bandit_v2,synthetic_identity_bustout|1.77|2.02|0.05|0.24|0.75|0.48|0.77,synthetic_identity_bustout,-0.18139391443775882,0.9547048128303095,True,0.0,1.0,0.9220926186555194,12,False,0.0,0.0,-0.16,-0.03,0.0,0.0,-0.19,20260812,V2,full,20261721,20261589,72,20,6,72,72,0,72,864,0.0,1.0,0.9266197950393793,0.8369252678537769,0.915603155013002,0.9988445429175783,33,6,-0.17605776105748205
1.0,35,fresh_bandit_v2,fake_merchant_collusion|1.39|0.99|0.53|0.11|0.94|0.7|0.98,fake_merchant_collusion,-0.1880282530738513,0.9896223845992174,True,0.0,1.0,0.9096685096393617,12,False,0.0,0.0,-0.16,-0.03,0.0,0.0,-0.19,20260812,V2,full,20261721,20261589,72,20,6,72,72,0,72,864,0.0,1.0,0.9266197950393793,0.8369252678537769,0.915603155013002,0.9988445429175783,33,6,-0.17605776105748205
1.0,36,fresh_bandit_v2,adaptive_card_testing|0.94|0.76|0.92|0.05|0.1|0.43|0.54,adaptive_card_testing,-0.17920429795636944,0.9431805155598392,True,0.0,1.0,0.9215119627694134,12,False,0.0,0.0,-0.16,-0.03,0.0,0.0,-0.19,20260812,V2,full,20261721,20261589,72,20,6,72,72,0,72,864,0.0,1.0,0.9266197950393793,0.8369252678537769,0.915603155013002,0.9988445429175783,33,6,-0.17605776105748205
1.0,37,fresh_bandit_v2,agentic_intent_hijack|1.58|0.71|0.53|0.05|0.53|0.98|0.73,agentic_intent_hijack,-0.16570437621215023,0.8721282958534222,True,0.0,1.0,0.9230430307993865,12,False,0.0,0.0,-0.16,-0.03,0.0,0.0,-0.19,20260812,V2,full,20261721,20261589,72,20,6,72,72,0,72,864,0.0,1.0,0.9266197950393793,0.8369252678537769,0.915603155013002,0.9988445429175783,33,6,-0.17605776105748205
1.0,38,fresh_bandit_v2,ai_app_scam_mule|1.92|1.75|0.18|0.98|0.3|0.63|0.75,ai_app_scam_mule,-0.16807856,0.8846239999999999,True,0.0,1.0,0.9418433891567869,12,False,0.0,0.0,-0.16,-0.03,0.0,0.0,-0.19,20260812,V2,full,20261721,20261589,72,20,6,72,72,0,72,864,0.0,1.0,0.9266197950393793,0.8369252678537769,0.915603155013002,0.9988445429175783,33,6,-0.17605776105748205
1.0,39,fresh_bandit_v2,synthetic_identity_bustout|0.77|2.1|0.63|0.12|0.71|0.66|0.7,synthetic_identity_bustout,-0.1836277702075569,0.9664619484608259,True,0.0,1.0,0.9211066747207507,12,False,0.0,0.0,-0.16,-0.03,0.0,0.0,-0.19,20260812,V2,full,20261721,20261589,72,20,6,72,72,0,72,864,0.0,1.0,0.9266197950393793,0.8369252678537769,0.915603155013002,0.9988445429175783,33,6,-0.17605776105748205
1.0,40,fresh_bandit_v2,deepfake_account_takeover|1.3|1.28|0.64|0.32|0.48|0.34|0.75,deepfake_account_takeover,-0.16774134488919648,0.8828491836273499,True,0.0,1.0,0.9410784463816203,12,False,0.0,0.0,-0.16,-0.03,0.0,0.0,-0.19,20260812,V2,full,20261721,20261589,72,20,6,72,72,0,72,864,0.0,1.0,0.9266197950393793,0.8369252678537769,0.915603155013002,0.9988445429175783,33,6,-0.17605776105748205
1.0,41,fresh_bandit_v2,ai_app_scam_mule|0.61|0.71|0.11|0.92|0.77|0.56|0.44,ai_app_scam_mule,-0.17066191830634933,0.8982206226649965,True,0.0,1.0,0.9501455946439394,12,False,0.0,0.0,-0.16,-0.03,0.0,0.0,-0.19,20260812,V2,full,20261721,20261589,72,20,6,72,72,0,72,864,0.0,1.0,0.9266197950393793,0.8369252678537769,0.915603155013002,0.9988445429175783,33,6,-0.17605776105748205
1.0,42,fresh_bandit_v2,adaptive_card_testing|0.56|1.41|0.28|0.26|0.8|0.73|0.75,adaptive_card_testing,-0.18956068634542933,0.9976878228706807,True,0.0,1.0,0.8944585407780093,12,False,0.0,0.0,-0.16,-0.03,0.0,0.0,-0.19,20260812,V2,full,20261721,20261589,72,20,6,72,72,0,72,864,0.0,1.0,0.9266197950393793,0.8369252678537769,0.915603155013002,0.9988445429175783,33,6,-0.17605776105748205
1.0,43,fresh_bandit_v2,synthetic_identity_bustout|0.73|0.97|0.38|0.05|0.14|0.78|0.92,synthetic_identity_bustout,-0.17835061845486908,0.9386874655519425,True,0.0,1.0,0.8845953323765601,12,False,0.0,0.0,-0.16,-0.03,0.0,0.0,-0.19,20260812,V2,full,20261721,20261589,72,20,6,72,72,0,72,864,0.0,1.0,0.9266197950393793,0.8369252678537769,0.915603155013002,0.9988445429175783,33,6,-0.17605776105748205
1.0,44,fresh_bandit_v2,deepfake_account_takeover|1.45|0.81|0.69|0.7|0.31|0.98|0.6,deepfake_account_takeover,-0.17355233572903445,0.9134333459422865,True,0.0,1.0,0.9399073736906836,12,False,0.0,0.0,-0.16,-0.03,0.0,0.0,-0.19,20260812,V2,full,20261721,20261589,72,20,6,72,72,0,72,864,0.0,1.0,0.9266197950393793,0.8369252678537769,0.915603155013002,0.9988445429175783,33,6,-0.17605776105748205
1.0,45,fresh_bandit_v2,agentic_intent_hijack|0.64|1.39|0.05|0.33|0.66|0.79|0.86,agentic_intent_hijack,-0.16894313435852473,0.8891743913606565,True,0.0,1.0,0.9164645837108512,12,False,0.0,0.0,-0.16,-0.03,0.0,0.0,-0.19,20260812,V2,full,20261721,20261589,72,20,6,72,72,0,72,864,0.0,1.0,0.9266197950393793,0.8369252678537769,0.915603155013002,0.9988445429175783,33,6,-0.17605776105748205
1.0,46,fresh_bandit_v2,ai_app_scam_mule|1.09|2.1|0.16|0.45|0.21|0.87|0.72,ai_app_scam_mule,-0.16281580089221762,0.8569252678537769,True,0.0,1.0,0.9212863782040337,12,False,0.0,0.0,-0.16,-0.03,0.0,0.0,-0.19,20260812,V2,full,20261721,20261589,72,20,6,72,72,0,72,864,0.0,1.0,0.9266197950393793,0.8369252678537769,0.915603155013002,0.9988445429175783,33,6,-0.17605776105748205
1.0,47,fresh_bandit_v2,fake_merchant_collusion|0.98|0.86|0.05|0.48|0.54|0.74|0.56,fake_merchant_collusion,-0.18621105533711102,0.9800581859847948,True,0.0,1.0,0.9066793281280842,12,False,0.0,0.0,-0.16,-0.03,0.0,0.0,-0.19,20260812,V2,full,20261721,20261589,72,20,6,72,72,0,72,864,0.0,1.0,0.9266197950393793,0.8369252678537769,0.915603155013002,0.9988445429175783,33,6,-0.17605776105748205
1.0,48,fresh_bandit_v2,adaptive_card_testing|1.2|0.61|0.06|0.05|0.63|0.47|0.68,adaptive_card_testing,-0.18978046315433988,0.9988445429175783,True,0.0,1.0,0.8921708819207573,12,False,0.0,0.0,-0.16,-0.03,0.0,0.0,-0.19,20260812,V2,full,20261721,20261589,72,20,6,72,72,0,72,864,0.0,1.0,0.9266197950393793,0.8369252678537769,0.915603155013002,0.9988445429175783,33,6,-0.17605776105748205
1.0,49,fresh_bandit_v2,deepfake_account_takeover|0.55|1.04|0.38|0.2|0.51|0.73|0.84,deepfake_account_takeover,-0.16746052802744563,0.8813712001444507,True,0.0,1.0,0.9268960997316219,12,False,0.0,0.0,-0.16,-0.03,0.0,0.0,-0.19,20260812,V2,full,20261721,20261589,72,20,6,72,72,0,72,864,0.0,1.0,0.9266197950393793,0.8369252678537769,0.915603155013002,0.9988445429175783,33,6,-0.17605776105748205
1.0,50,fresh_bandit_v2,ai_app_scam_mule|1.28|0.71|0.45|0.6|0.73|0.56|0.58,ai_app_scam_mule,-0.17097565280737137,0.899871856880902,True,0.0,1.0,0.9415249728197174,12,False,0.0,0.0,-0.16,-0.03,0.0,0.0,-0.19,20260812,V2,full,20261721,20261589,72,20,6,72,72,0,72,864,0.0,1.0,0.9266197950393793,0.8369252678537769,0.915603155013002,0.9988445429175783,33,6,-0.17605776105748205
1.0,51,fresh_bandit_v2,adaptive_card_testing|0.94|0.76|0.92|0.05|0.1|0.43|0.54,adaptive_card_testing,-0.17920429795636944,0.9431805155598392,True,0.0,1.0,0.9217758802535659,12,False,0.0,0.0,-0.16,-0.03,0.0,0.0,-0.19,20260812,V2,full,20261721,20261589,72,20,6,72,72,0,72,864,0.0,1.0,0.9266197950393793,0.8369252678537769,0.915603155013002,0.9988445429175783,33,6,-0.17605776105748205
1.0,52,fresh_bandit_v2,deepfake_account_takeover|0.88|0.79|0.54|0.98|0.58|0.5|0.79,deepfake_account_takeover,-0.16869123691878632,0.8878486153620332,True,0.0,1.0,0.943393899969884,12,False,0.0,0.0,-0.16,-0.03,0.0,0.0,-0.19,20260812,V2,full,20261721,20261589,72,20,6,72,72,0,72,864,0.0,1.0,0.9266197950393793,0.8369252678537769,0.915603155013002,0.9988445429175783,33,6,-0.17605776105748205
1.0,53,fresh_bandit_v2,deepfake_account_takeover|1.97|1.55|0.55|0.18|0.65|0.98|0.49,deepfake_account_takeover,-0.16927021859571004,0.8908958873458424,True,0.0,1.0,0.9394884963186084,12,False,0.0,0.0,-0.16,-0.03,0.0,0.0,-0.19,20260812,V2,full,20261721,20261589,72,20,6,72,72,0,72,864,0.0,1.0,0.9266197950393793,0.8369252678537769,0.915603155013002,0.9988445429175783,33,6,-0.17605776105748205
1.0,54,fresh_bandit_v2,fake_merchant_collusion|1.39|0.99|0.53|0.11|0.94|0.7|0.98,fake_merchant_collusion,-0.18959674692614872,0.9978776154007827,True,0.0,1.0,0.9309176511454669,12,False,0.0,0.0,-0.16,-0.03,0.0,0.0,-0.19,20260812,V2,full,20261721,20261589,72,20,6,72,72,0,72,864,0.0,1.0,0.9266197950393793,0.8369252678537769,0.915603155013002,0.9988445429175783,33,6,-0.17605776105748205
1.0,55,fresh_bandit_v2,agentic_intent_hijack|1.58|0.71|0.53|0.05|0.53|0.98|0.73,agentic_intent_hijack,-0.17045437621215026,0.8971282958534224,True,0.0,1.0,0.9310338905776977,12,False,0.0,0.0,-0.16,-0.03,0.0,0.0,-0.19,20260812,V2,full,20261721,20261589,72,20,6,72,72,0,72,864,0.0,1.0,0.9266197950393793,0.8369252678537769,0.915603155013002,0.9988445429175783,33,6,-0.17605776105748205
1.0,56,fresh_bandit_v2,ai_app_scam_mule|1.92|1.75|0.18|0.98|0.3|0.63|0.75,ai_app_scam_mule,-0.16807856,0.8846239999999999,True,0.0,1.0,0.9390185809573758,12,False,0.0,0.0,-0.16,-0.03,0.0,0.0,-0.19,20260812,V2,full,20261721,20261589,72,20,6,72,72,0,72,864,0.0,1.0,0.9266197950393793,0.8369252678537769,0.915603155013002,0.9988445429175783,33,6,-0.17605776105748205
1.0,57,fresh_bandit_v2,synthetic_identity_bustout|0.77|2.1|0.63|0.12|0.71|0.66|0.7,synthetic_identity_bustout,-0.1830722297924431,0.9635380515391742,True,0.0,1.0,0.9192131329131428,12,False,0.0,0.0,-0.16,-0.03,0.0,0.0,-0.19,20260812,V2,full,20261721,20261589,72,20,6,72,72,0,72,864,0.0,1.0,0.9266197950393793,0.8369252678537769,0.915603155013002,0.9988445429175783,33,6,-0.17605776105748205
1.0,58,fresh_bandit_v2,agentic_intent_hijack|0.47|1.58|0.34|0.05|0.8|0.7|0.56,agentic_intent_hijack,-0.1735687133851207,0.9135195441322141,True,0.0,1.0,0.9154652797238607,12,False,0.0,0.0,-0.16,-0.03,0.0,0.0,-0.19,20260812,V2,full,20261721,20261589,72,20,6,72,72,0,72,864,0.0,1.0,0.9266197950393793,0.8369252678537769,0.915603155013002,0.9988445429175783,33,6,-0.17605776105748205
1.0,59,fresh_bandit_v2,adaptive_card_testing|0.78|1.85|0.16|0.05|0.66|0.98|0.61,adaptive_card_testing,-0.18384140722485384,0.9675863538150202,True,0.0,1.0,0.8734892533788363,12,False,0.0,0.0,-0.16,-0.03,0.0,0.0,-0.19,20260812,V2,full,20261721,20261589,72,20,6,72,72,0,72,864,0.0,1.0,0.9266197950393793,0.8369252678537769,0.915603155013002,0.9988445429175783,33,6,-0.17605776105748205
1.0,60,fresh_bandit_v2,ai_app_scam_mule|1.09|2.1|0.16|0.45|0.21|0.87|0.72,ai_app_scam_mule,-0.1675658008922176,0.8819252678537768,True,0.0,1.0,0.9243811917288028,12,False,0.0,0.0,-0.16,-0.03,0.0,0.0,-0.19,20260812,V2,full,20261721,20261589,72,20,6,72,72,0,72,864,0.0,1.0,0.9266197950393793,0.8369252678537769,0.915603155013002,0.9988445429175783,33,6,-0.17605776105748205
1.0,61,fresh_bandit_v2,ai_app_scam_mule|0.61|0.71|0.11|0.92|0.77|0.56|0.44,ai_app_scam_mule,-0.17256191830634934,0.9082206226649965,True,0.0,1.0,0.9496150633035331,12,False,0.0,0.0,-0.16,-0.03,0.0,0.0,-0.19,20260812,V2,full,20261721,20261589,72,20,6,72,72,0,72,864,0.0,1.0,0.9266197950393793,0.8369252678537769,0.915603155013002,0.9988445429175783,33,6,-0.17605776105748205
1.0,62,fresh_bandit_v2,deepfake_account_takeover|0.55|1.04|0.38|0.2|0.51|0.73|0.84,deepfake_account_takeover,-0.17126052802744562,0.9013712001444507,True,0.0,1.0,0.930304456675271,12,False,0.0,0.0,-0.16,-0.03,0.0,0.0,-0.19,20260812,V2,full,20261721,20261589,72,20,6,72,72,0,72,864,0.0,1.0,0.9266197950393793,0.8369252678537769,0.915603155013002,0.9988445429175783,33,6,-0.17605776105748205
1.0,63,fresh_bandit_v2,synthetic_identity_bustout|1.77|2.02|0.05|0.24|0.75|0.48|0.77,synthetic_identity_bustout,-0.1847189144377588,0.9722048128303095,True,0.0,1.0,0.89551277835612,12,False,0.0,0.0,-0.16,-0.03,0.0,0.0,-0.19,20260812,V2,full,20261721,20261589,72,20,6,72,72,0,72,864,0.0,1.0,0.9266197950393793,0.8369252678537769,0.915603155013002,0.9988445429175783,33,6,-0.17605776105748205
1.0,64,fresh_bandit_v2,synthetic_identity_bustout|0.73|0.67|0.05|0.05|0.65|0.89|0.67,synthetic_identity_bustout,-0.1874426,0.98654,True,0.0,1.0,0.9036950771164616,12,False,0.0,0.0,-0.16,-0.03,0.0,0.0,-0.19,20260812,V2,full,20261721,20261589,72,20,6,72,72,0,72,864,0.0,1.0,0.9266197950393793,0.8369252678537769,0.915603155013002,0.9988445429175783,33,6,-0.17605776105748205
1.0,65,fresh_bandit_v2,adaptive_card_testing|1.2|0.61|0.06|0.05|0.63|0.47|0.68,adaptive_card_testing,-0.18835546315433987,0.9913445429175783,True,0.0,1.0,0.8899071518157659,12,False,0.0,0.0,-0.16,-0.03,0.0,0.0,-0.19,20260812,V2,full,20261721,20261589,72,20,6,72,72,0,72,864,0.0,1.0,0.9266197950393793,0.8369252678537769,0.915603155013002,0.9988445429175783,33,6,-0.17605776105748205
1.0,66,fresh_bandit_v2,adaptive_card_testing|0.94|0.76|0.92|0.05|0.1|0.43|0.54,adaptive_card_testing,-0.17682929795636948,0.9306805155598393,True,0.0,1.0,0.9120746301427615,12,False,0.0,0.0,-0.16,-0.03,0.0,0.0,-0.19,20260812,V2,full,20261721,20261589,72,20,6,72,72,0,72,864,0.0,1.0,0.9266197950393793,0.8369252678537769,0.915603155013002,0.9988445429175783,33,6,-0.17605776105748205
1.0,67,fresh_bandit_v2,fake_merchant_collusion|0.98|0.86|0.05|0.48|0.54|0.74|0.56,fake_merchant_collusion,-0.184311055337111,0.9700581859847948,True,0.0,1.0,0.9079769808193133,12,False,0.0,0.0,-0.16,-0.03,0.0,0.0,-0.19,20260812,V2,full,20261721,20261589,72,20,6,72,72,0,72,864,0.0,1.0,0.9266197950393793,0.8369252678537769,0.915603155013002,0.9988445429175783,33,6,-0.17605776105748205
1.0,68,fresh_bandit_v2,deepfake_account_takeover|1.97|1.55|0.55|0.18|0.65|0.98|0.49,deepfake_account_takeover,-0.17259521859571006,0.9083958873458424,True,0.0,1.0,0.9420403330568458,12,False,0.0,0.0,-0.16,-0.03,0.0,0.0,-0.19,20260812,V2,full,20261721,20261589,72,20,6,72,72,0,72,864,0.0,1.0,0.9266197950393793,0.8369252678537769,0.915603155013002,0.9988445429175783,33,6,-0.17605776105748205
1.0,69,fresh_bandit_v2,deepfake_account_takeover|0.88|0.79|0.54|0.98|0.58|0.5|0.79,deepfake_account_takeover,-0.16903376308121368,0.8896513846379667,True,0.0,1.0,0.9455270300058816,12,False,0.0,0.0,-0.16,-0.03,0.0,0.0,-0.19,20260812,V2,full,20261721,20261589,72,20,6,72,72,0,72,864,0.0,1.0,0.9266197950393793,0.8369252678537769,0.915603155013002,0.9988445429175783,33,6,-0.17605776105748205
1.0,70,fresh_bandit_v2,ai_app_scam_mule|1.28|0.71|0.45|0.6|0.73|0.56|0.58,ai_app_scam_mule,-0.16765065280737138,0.8823718568809019,True,0.0,1.0,0.9447759429139483,12,False,0.0,0.0,-0.16,-0.03,0.0,0.0,-0.19,20260812,V2,full,20261721,20261589,72,20,6,72,72,0,72,864,0.0,1.0,0.9266197950393793,0.8369252678537769,0.915603155013002,0.9988445429175783,33,6,-0.17605776105748205
1.0,71,fresh_bandit_v2,agentic_intent_hijack|0.83|1.34|0.37|0.22|0.96|0.98|0.92,agentic_intent_hijack,-0.16828941827493973,0.8857337803944196,True,0.0,1.0,0.9382222544496375,12,False,0.0,0.0,-0.16,-0.03,0.0,0.0,-0.19,20260812,V2,full,20261721,20261589,72,20,6,72,72,0,72,864,0.0,1.0,0.9266197950393793,0.8369252678537769,0.915603155013002,0.9988445429175783,33,6,-0.17605776105748205
1.0,0,fresh_bandit_v2,deepfake_account_takeover|2.12|1.05|0.62|0.88|0.94|0.98|0.69,deepfake_account_takeover,-0.16518126964639726,0.8693751034020908,True,0.0,1.0,0.9463765287395978,12,False,0.0,0.0,-0.16,-0.03,0.0,0.0,-0.19,20260813,V2,full,20261722,20261590,72,20,6,72,72,0,72,864,0.0,1.0,0.917786875243582,0.8376111057844756,0.9036487052503351,0.9997644314224183,32,6,-0.17437950629628057
1.0,1,fresh_bandit_v2,ai_app_scam_mule|0.45|2.04|0.05|0.73|0.31|0.5|0.56,ai_app_scam_mule,-0.16627111009905038,0.8751111057844756,True,0.0,1.0,0.9303858148815426,12,False,0.0,0.0,-0.16,-0.03,0.0,0.0,-0.19,20260813,V2,full,20261722,20261590,72,20,6,72,72,0,72,864,0.0,1.0,0.917786875243582,0.8376111057844756,0.9036487052503351,0.9997644314224183,32,6,-0.17437950629628057
1.0,2,fresh_bandit_v2,synthetic_identity_bustout|0.77|0.52|0.05|0.05|0.37|0.96|0.82,synthetic_identity_bustout,-0.1864926,0.9815400000000001,True,0.0,1.0,0.9013524825107301,12,False,0.0,0.0,-0.16,-0.03,0.0,0.0,-0.19,20260813,V2,full,20261722,20261590,72,20,6,72,72,0,72,864,0.0,1.0,0.917786875243582,0.8376111057844756,0.9036487052503351,0.9997644314224183,32,6,-0.17437950629628057
1.0,3,fresh_bandit_v2,agentic_intent_hijack|1.23|2.1|0.19|0.11|0.83|0.98|0.92,agentic_intent_hijack,-0.172492961328103,0.907857691200542,True,0.0,1.0,0.9153012171224879,12,False,0.0,0.0,-0.16,-0.03,0.0,0.0,-0.19,20260813,V2,full,20261722,20261590,72,20,6,72,72,0,72,864,0.0,1.0,0.917786875243582,0.8376111057844756,0.9036487052503351,0.9997644314224183,32,6,-0.17437950629628057
1.0,4,fresh_bandit_v2,fake_merchant_collusion|0.48|0.76|0.42|0.33|0.98|0.83|0.66,fake_merchant_collusion,-0.1878829766549567,0.9888577718681931,True,0.0,1.0,0.9163985473739377,12,False,0.0,0.0,-0.16,-0.03,0.0,0.0,-0.19,20260813,V2,full,20261722,20261590,72,20,6,72,72,0,72,864,0.0,1.0,0.917786875243582,0.8376111057844756,0.9036487052503351,0.9997644314224183,32,6,-0.17437950629628057
1.0,5,fresh_bandit_v2,adaptive_card_testing|0.94|1.46|0.48|0.05|0.05|0.73|0.85,adaptive_card_testing,-0.1776361455265901,0.9349270817188953,True,0.0,1.0,0.8937897471992259,12,False,0.0,0.0,-0.16,-0.03,0.0,0.0,-0.19,20260813,V2,full,20261722,20261590,72,20,6,72,72,0,72,864,0.0,1.0,0.917786875243582,0.8376111057844756,0.9036487052503351,0.9997644314224183,32,6,-0.17437950629628057
1.0,6,fresh_bandit_v2,agentic_intent_hijack|2.2|0.65|0.17|0.1|0.57|0.53|0.63,agentic_intent_hijack,-0.1689883519848066,0.8894123788674032,True,0.0,1.0,0.9378087540933423,12,False,0.0,0.0,-0.16,-0.03,0.0,0.0,-0.19,20260813,V2,full,20261722,20261590,72,20,6,72,72,0,72,864,0.0,1.0,0.917786875243582,0.8376111057844756,0.9036487052503351,0.9997644314224183,32,6,-0.17437950629628057
1.0,7,fresh_bandit_v2,deepfake_account_takeover|0.6|0.75|0.9|0.59|0.32|0.75|0.59,deepfake_account_takeover,-0.17469372060818228,0.9194406347799067,True,0.0,1.0,0.9415308312164307,12,False,0.0,0.0,-0.16,-0.03,0.0,0.0,-0.19,20260813,V2,full,20261722,20261590,72,20,6,72,72,0,72,864,0.0,1.0,0.917786875243582,0.8376111057844756,0.9036487052503351,0.9997644314224183,32,6,-0.17437950629628057
1.0,8,fresh_bandit_v2,ai_app_scam_mule|1.27|0.81|0.13|0.93|0.62|0.94|0.7,ai_app_scam_mule,-0.16395854420134187,0.862939706322852,True,0.0,1.0,0.946092032892251,12,False,0.0,0.0,-0.16,-0.03,0.0,0.0,-0.19,20260813,V2,full,20261722,20261590,72,20,6,72,72,0,72,864,0.0,1.0,0.917786875243582,0.8376111057844756,0.9036487052503351,0.9997644314224183,32,6,-0.17437950629628057
1.0,9,fresh_bandit_v2,fake_merchant_collusion|1.48|1.71|0.22|0.05|0.5|0.98|0.89,fake_merchant_collusion,-0.18360184282305708,0.9663254885424057,True,0.0,1.0,0.8838321284795051,12,False,0.0,0.0,-0.16,-0.03,0.0,0.0,-0.19,20260813,V2,full,20261722,20261590,72,20,6,72,72,0,72,864,0.0,1.0,0.917786875243582,0.8376111057844756,0.9036487052503351,0.9997644314224183,32,6,-0.17437950629628057
1.0,10,fresh_bandit_v2,deepfake_account_takeover|2.12|1.05|0.62|0.88|0.94|0.98|0.69,deepfake_account_takeover,-0.16518126964639726,0.8693751034020908,True,0.0,1.0,0.9509229788606456,12,False,0.0,0.0,-0.16,-0.03,0.0,0.0,-0.19,20260813,V2,full,20261722,20261590,72,20,6,72,72,0,72,864,0.0,1.0,0.917786875243582,0.8376111057844756,0.9036487052503351,0.9997644314224183,32,6,-0.17437950629628057
1.0,11,fresh_bandit_v2,adaptive_card_testing|1.3|0.46|0.17|0.06|0.53|0.7|0.76,adaptive_card_testing,-0.18131838766994765,0.9543073035260403,True,0.0,1.0,0.8995580057637129,12,False,0.0,0.0,-0.16,-0.03,0.0,0.0,-0.19,20260813,V2,full,20261722,20261590,72,20,6,72,72,0,72,864,0.0,1.0,0.917786875243582,0.8376111057844756,0.9036487052503351,0.9997644314224183,32,6,-0.17437950629628057
1.0,12,fresh_bandit_v2,agentic_intent_hijack|0.55|1.54|0.05|0.42|0.32|0.54|0.94,agentic_intent_hijack,-0.17079589207816873,0.8989257477798354,True,0.0,1.0,0.9089094446741983,12,False,0.0,0.0,-0.16,-0.03,0.0,0.0,-0.19,20260813,V2,full,20261722,20261590,72,20,6,72,72,0,72,864,0.0,1.0,0.917786875243582,0.8376111057844756,0.9036487052503351,0.9997644314224183,32,6,-0.17437950629628057
1.0,13,fresh_bandit_v2,ai_app_scam_mule|1.22|1.1|0.23|0.97|0.26|0.33|0.8,ai_app_scam_mule,-0.16624744752927764,0.8749865659435665,True,0.0,1.0,0.9398785578156378,12,False,0.0,0.0,-0.16,-0.03,0.0,0.0,-0.19,20260813,V2,full,20261722,20261590,72,20,6,72,72,0,72,864,0.0,1.0,0.917786875243582,0.8376111057844756,0.9036487052503351,0.9997644314224183,32,6,-0.17437950629628057
1.0,14,fresh_bandit_v2,synthetic_identity_bustout|0.93|1.46|0.1|0.25|0.65|0.67|0.8,synthetic_identity_bustout,-0.18892332844385087,0.9943333075992151,True,0.0,1.0,0.9037815822836284,12,False,0.0,0.0,-0.16,-0.03,0.0,0.0,-0.19,20260813,V2,full,20261722,20261590,72,20,6,72,72,0,72,864,0.0,1.0,0.917786875243582,0.8376111057844756,0.9036487052503351,0.9997644314224183,32,6,-0.17437950629628057
1.0,15,fresh_bandit_v2,adaptive_card_testing|1.07|1.59|0.05|0.05|0.55|0.98|0.5,adaptive_card_testing,-0.1864926,0.9815400000000001,True,0.0,1.0,0.8359368026709545,12,False,0.0,0.0,-0.16,-0.03,0.0,0.0,-0.19,20260813,V2,full,20261722,20261590,72,20,6,72,72,0,72,864,0.0,1.0,0.917786875243582,0.8376111057844756,0.9036487052503351,0.9997644314224183,32,6,-0.17437950629628057
1.0,16,fresh_bandit_v2,fake_merchant_collusion|1.6|1.4|0.19|0.22|0.98|0.53|0.5,fake_merchant_collusion,-0.18223895445489427,0.9591523918678646,True,0.0,1.0,0.915763410938872,12,False,0.0,0.0,-0.16,-0.03,0.0,0.0,-0.19,20260813,V2,full,20261722,20261590,72,20,6,72,72,0,72,864,0.0,1.0,0.917786875243582,0.8376111057844756,0.9036487052503351,0.9997644314224183,32,6,-0.17437950629628057
1.0,17,fresh_bandit_v2,agentic_intent_hijack|1.22|1.06|0.68|0.19|0.98|0.75|0.85,agentic_intent_hijack,-0.16897398498608576,0.8893367630846619,True,0.0,1.0,0.9425215456904027,12,False,0.0,0.0,-0.16,-0.03,0.0,0.0,-0.19,20260813,V2,full,20261722,20261590,72,20,6,72,72,0,72,864,0.0,1.0,0.917786875243582,0.8376111057844756,0.9036487052503351,0.9997644314224183,32,6,-0.17437950629628057
1.0,18,fresh_bandit_v2,deepfake_account_takeover|0.55|1.25|0.62|0.37|0.05|0.63|0.68,deepfake_account_takeover,-0.1713165606538536,0.9016661087044926,True,0.0,1.0,0.9297071736738521,12,False,0.0,0.0,-0.16,-0.03,0.0,0.0,-0.19,20260813,V2,full,20261722,20261590,72,20,6,72,72,0,72,864,0.0,1.0,0.917786875243582,0.8376111057844756,0.9036487052503351,0.9997644314224183,32,6,-0.17437950629628057
1.0,19,fresh_bandit_v2,ai_app_scam_mule|0.62|0.93|0.2|0.47|0.08|0.98|0.74,ai_app_scam_mule,-0.1654421626192409,0.8707482243117943,True,0.0,1.0,0.922653129324352,12,False,0.0,0.0,-0.16,-0.03,0.0,0.0,-0.19,20260813,V2,full,20261722,20261590,72,20,6,72,72,0,72,864,0.0,1.0,0.917786875243582,0.8376111057844756,0.9036487052503351,0.9997644314224183,32,6,-0.17437950629628057
1.0,20,fresh_bandit_v2,adaptive_card_testing|0.45|1.29|0.41|0.38|0.56|0.57|0.57,adaptive_card_testing,-0.18995524197025948,0.9997644314224183,True,0.0,1.0,0.8856024183364811,12,False,0.0,0.0,-0.16,-0.03,0.0,0.0,-0.19,20260813,V2,full,20261722,20261590,72,20,6,72,72,0,72,864,0.0,1.0,0.917786875243582,0.8376111057844756,0.9036487052503351,0.9997644314224183,32,6,-0.17437950629628057
1.0,21,fresh_bandit_v2,synthetic_identity_bustout|1.34|0.77|0.48|0.24|0.36|0.83|0.66,synthetic_identity_bustout,-0.1824133318029336,0.960070167383861,True,0.0,1.0,0.9081893711288269,12,False,0.0,0.0,-0.16,-0.03,0.0,0.0,-0.19,20260813,V2,full,20261722,20261590,72,20,6,72,72,0,72,864,0.0,1.0,0.917786875243582,0.8376111057844756,0.9036487052503351,0.9997644314224183,32,6,-0.17437950629628057
1.0,22,fresh_bandit_v2,agentic_intent_hijack|2.2|0.65|0.17|0.1|0.57|0.53|0.63,agentic_intent_hijack,-0.1708883519848066,0.8994123788674031,True,0.0,1.0,0.9320266017602746,12,False,0.0,0.0,-0.16,-0.03,0.0,0.0,-0.19,20260813,V2,full,20261722,20261590,72,20,6,72,72,0,72,864,0.0,1.0,0.917786875243582,0.8376111057844756,0.9036487052503351,0.9997644314224183,32,6,-0.17437950629628057
1.0,23,fresh_bandit_v2,deepfake_account_takeover|2.12|1.05|0.62|0.88|0.94|0.98|0.69,deepfake_account_takeover,-0.15995626964639725,0.8418751034020908,True,0.0,1.0,0.9461296771956431,12,False,0.0,0.0,-0.16,-0.03,0.0,0.0,-0.19,20260813,V2,full,20261722,20261590,72,20,6,72,72,0,72,864,0.0,1.0,0.917786875243582,0.8376111057844756,0.9036487052503351,0.9997644314224183,32,6,-0.17437950629628057
1.0,24,fresh_bandit_v2,ai_app_scam_mule|1.22|1.1|0.23|0.97|0.26|0.33|0.8,ai_app_scam_mule,-0.16814744752927763,0.8849865659435665,True,0.0,1.0,0.9407111401978892,12,False,0.0,0.0,-0.16,-0.03,0.0,0.0,-0.19,20260813,V2,full,20261722,20261590,72,20,6,72,72,0,72,864,0.0,1.0,0.917786875243582,0.8376111057844756,0.9036487052503351,0.9997644314224183,32,6,-0.17437950629628057
1.0,25,fresh_bandit_v2,fake_merchant_collusion|0.48|0.76|0.42|0.33|0.98|0.83|0.66,fake_merchant_collusion,-0.1864579766549567,0.9813577718681932,True,0.0,1.0,0.9175660847599554,12,False,0.0,0.0,-0.16,-0.03,0.0,0.0,-0.19,20260813,V2,full,20261722,20261590,72,20,6,72,72,0,72,864,0.0,1.0,0.917786875243582,0.8376111057844756,0.9036487052503351,0.9997644314224183,32,6,-0.17437950629628057
1.0,26,fresh_bandit_v2,adaptive_card_testing|1.3|0.46|0.17|0.06|0.53|0.7|0.76,adaptive_card_testing,-0.18606838766994765,0.9793073035260402,True,0.0,1.0,0.9017691082760426,12,False,0.0,0.0,-0.16,-0.03,0.0,0.0,-0.19,20260813,V2,full,20261722,20261590,72,20,6,72,72,0,72,864,0.0,1.0,0.917786875243582,0.8376111057844756,0.9036487052503351,0.9997644314224183,32,6,-0.17437950629628057
1.0,27,fresh_bandit_v2,deepfake_account_takeover|1.45|0.95|0.74|0.34|0.13|0.68|0.63,deepfake_account_takeover,-0.16135732262654476,0.8492490664554987,True,0.0,1.0,0.9335697575629327,12,False,0.0,0.0,-0.16,-0.03,0.0,0.0,-0.19,20260813,V2,full,20261722,20261590,72,20,6,72,72,0,72,864,0.0,1.0,0.917786875243582,0.8376111057844756,0.9036487052503351,0.9997644314224183,32,6,-0.17437950629628057
1.0,28,fresh_bandit_v2,agentic_intent_hijack|0.55|1.54|0.05|0.42|0.32|0.54|0.94,agentic_intent_hijack,-0.17079589207816873,0.8989257477798354,True,0.0,1.0,0.9106138264078583,12,False,0.0,0.0,-0.16,-0.03,0.0,0.0,-0.19,20260813,V2,full,20261722,20261590,72,20,6,72,72,0,72,864,0.0,1.0,0.917786875243582,0.8376111057844756,0.9036487052503351,0.9997644314224183,32,6,-0.17437950629628057
1.0,29,fresh_bandit_v2,fake_merchant_collusion|1.48|1.71|0.22|0.05|0.5|0.98|0.89,fake_merchant_collusion,-0.18312684282305708,0.9638254885424057,True,0.0,1.0,0.9030921131430284,12,False,0.0,0.0,-0.16,-0.03,0.0,0.0,-0.19,20260813,V2,full,20261722,20261590,72,20,6,72,72,0,72,864,0.0,1.0,0.917786875243582,0.8376111057844756,0.9036487052503351,0.9997644314224183,32,6,-0.17437950629628057
1.0,30,fresh_bandit_v2,agentic_intent_hijack|1.64|0.78|0.5|0.21|0.62|0.98|0.66,agentic_intent_hijack,-0.17133022860330968,0.9017380452805772,True,0.0,1.0,0.9254106839555133,12,False,0.0,0.0,-0.16,-0.03,0.0,0.0,-0.19,20260813,V2,full,20261722,20261590,72,20,6,72,72,0,72,864,0.0,1.0,0.917786875243582,0.8376111057844756,0.9036487052503351,0.9997644314224183,32,6,-0.17437950629628057
1.0,31,fresh_bandit_v2,synthetic_identity_bustout|1.0|0.67|0.19|0.05|0.94|0.87|0.89,synthetic_identity_bustout,-0.18822120105261553,0.9906379002769238,True,0.0,1.0,0.9313216142282069,12,False,0.0,0.0,-0.16,-0.03,0.0,0.0,-0.19,20260813,V2,full,20261722,20261590,72,20,6,72,72,0,72,864,0.0,1.0,0.917786875243582,0.8376111057844756,0.9036487052503351,0.9997644314224183,32,6,-0.17437950629628057
1.0,32,fresh_bandit_v2,adaptive_card_testing|0.93|0.64|0.41|0.42|0.33|0.46|0.42,adaptive_card_testing,-0.1826991302744039,0.9615743698652837,True,0.0,1.0,0.9170814425086401,12,False,0.0,0.0,-0.16,-0.03,0.0,0.0,-0.19,20260813,V2,full,20261722,20261590,72,20,6,72,72,0,72,864,0.0,1.0,0.917786875243582,0.8376111057844756,0.9036487052503351,0.9997644314224183,32,6,-0.17437950629628057
1.0,33,fresh_bandit_v2,ai_app_scam_mule|1.22|1.1|0.23|0.97|0.26|0.33|0.8,ai_app_scam_mule,-0.16529744752927764,0.8699865659435665,True,0.0,1.0,0.9397951811574624,12,False,0.0,0.0,-0.16,-0.03,0.0,0.0,-0.19,20260813,V2,full,20261722,20261590,72,20,6,72,72,0,72,864,0.0,1.0,0.917786875243582,0.8376111057844756,0.9036487052503351,0.9997644314224183,32,6,-0.17437950629628057
1.0,34,fresh_bandit_v2,deepfake_account_takeover|1.12|0.61|0.37|0.21|0.45|0.84|0.65,deepfake_account_takeover,-0.16619730751251613,0.8747226711185059,True,0.0,1.0,0.938338692752014,12,False,0.0,0.0,-0.16,-0.03,0.0,0.0,-0.19,20260813,V2,full,20261722,20261590,72,20,6,72,72,0,72,864,0.0,1.0,0.917786875243582,0.8376111057844756,0.9036487052503351,0.9997644314224183,32,6,-0.17437950629628057
1.0,35,fresh_bandit_v2,adaptive_card_testing|1.07|1.59|0.05|0.05|0.55|0.98|0.5,adaptive_card_testing,-0.1817426,0.9565400000000001,True,0.0,1.0,0.8574009878252086,12,False,0.0,0.0,-0.16,-0.03,0.0,0.0,-0.19,20260813,V2,full,20261722,20261590,72,20,6,72,72,0,72,864,0.0,1.0,0.917786875243582,0.8376111057844756,0.9036487052503351,0.9997644314224183,32,6,-0.17437950629628057
1.0,36,fresh_bandit_v2,deepfake_account_takeover|2.12|1.05|0.62|0.88|0.94|0.98|0.69,deepfake_account_takeover,-0.16090626964639723,0.8468751034020907,True,0.0,1.0,0.9463632243758707,12,False,0.0,0.0,-0.16,-0.03,0.0,0.0,-0.19,20260813,V2,full,20261722,20261590,72,20,6,72,72,0,72,864,0.0,1.0,0.917786875243582,0.8376111057844756,0.9036487052503351,0.9997644314224183,32,6,-0.17437950629628057
1.0,37,fresh_bandit_v2,ai_app_scam_mule|0.62|0.93|0.2|0.47|0.08|0.98|0.74,ai_app_scam_mule,-0.1663921626192409,0.8757482243117942,True,0.0,1.0,0.9325242458453387,12,False,0.0,0.0,-0.16,-0.03,0.0,0.0,-0.19,20260813,V2,full,20261722,20261590,72,20,6,72,72,0,72,864,0.0,1.0,0.917786875243582,0.8376111057844756,0.9036487052503351,0.9997644314224183,32,6,-0.17437950629628057
1.0,38,fresh_bandit_v2,fake_merchant_collusion|0.92|2.0|0.55|0.05|0.5|0.62|0.81,fake_merchant_collusion,-0.18348360883995893,0.9657032044208365,True,0.0,1.0,0.8903567767336394,12,False,0.0,0.0,-0.16,-0.03,0.0,0.0,-0.19,20260813,V2,full,20261722,20261590,72,20,6,72,72,0,72,864,0.0,1.0,0.917786875243582,0.8376111057844756,0.9036487052503351,0.9997644314224183,32,6,-0.17437950629628057
1.0,39,fresh_bandit_v2,synthetic_identity_bustout|0.66|1.45|0.19|0.44|0.16|0.72|0.75,synthetic_identity_bustout,-0.18289412367056226,0.9626006508976961,True,0.0,1.0,0.909594448663769,12,False,0.0,0.0,-0.16,-0.03,0.0,0.0,-0.19,20260813,V2,full,20261722,20261590,72,20,6,72,72,0,72,864,0.0,1.0,0.917786875243582,0.8376111057844756,0.9036487052503351,0.9997644314224183,32,6,-0.17437950629628057
1.0,40,fresh_bandit_v2,agentic_intent_hijack|1.64|0.78|0.5|0.21|0.62|0.98|0.66,agentic_intent_hijack,-0.17085522860330968,0.8992380452805773,True,0.0,1.0,0.9328526262499269,12,False,0.0,0.0,-0.16,-0.03,0.0,0.0,-0.19,20260813,V2,full,20261722,20261590,72,20,6,72,72,0,72,864,0.0,1.0,0.917786875243582,0.8376111057844756,0.9036487052503351,0.9997644314224183,32,6,-0.17437950629628057
1.0,41,fresh_bandit_v2,agentic_intent_hijack|0.73|1.3|0.12|0.15|0.98|0.66|0.58,agentic_intent_hijack,-0.1708739139452867,0.8993363891857195,True,0.0,1.0,0.9358800830655379,12,False,0.0,0.0,-0.16,-0.03,0.0,0.0,-0.19,20260813,V2,full,20261722,20261590,72,20,6,72,72,0,72,864,0.0,1.0,0.917786875243582,0.8376111057844756,0.9036487052503351,0.9997644314224183,32,6,-0.17437950629628057
1.0,42,fresh_bandit_v2,fake_merchant_collusion|1.01|0.9|0.2|0.56|0.72|0.97|0.69,fake_merchant_collusion,-0.18727045485886207,0.9856339729413792,True,0.0,1.0,0.9181254620478748,12,False,0.0,0.0,-0.16,-0.03,0.0,0.0,-0.19,20260813,V2,full,20261722,20261590,72,20,6,72,72,0,72,864,0.0,1.0,0.917786875243582,0.8376111057844756,0.9036487052503351,0.9997644314224183,32,6,-0.17437950629628057
1.0,43,fresh_bandit_v2,agentic_intent_hijack|0.55|1.54|0.05|0.42|0.32|0.54|0.94,agentic_intent_hijack,-0.16414589207816874,0.8639257477798354,True,0.0,1.0,0.9145466465638435,12,False,0.0,0.0,-0.16,-0.03,0.0,0.0,-0.19,20260813,V2,full,20261722,20261590,72,20,6,72,72,0,72,864,0.0,1.0,0.917786875243582,0.8376111057844756,0.9036487052503351,0.9997644314224183,32,6,-0.17437950629628057
1.0,44,fresh_bandit_v2,deepfake_account_takeover|0.85|0.86|0.39|0.21|0.45|0.66|0.83,deepfake_account_takeover,-0.1654844859875558,0.8709709788818726,True,0.0,1.0,0.9380320723517211,12,False,0.0,0.0,-0.16,-0.03,0.0,0.0,-0.19,20260813,V2,full,20261722,20261590,72,20,6,72,72,0,72,864,0.0,1.0,0.917786875243582,0.8376111057844756,0.9036487052503351,0.9997644314224183,32,6,-0.17437950629628057
1.0,45,fresh_bandit_v2,deepfake_account_takeover|0.6|0.75|0.9|0.59|0.32|0.75|0.59,deepfake_account_takeover,-0.1675687206081823,0.8819406347799067,True,0.0,1.0,0.9403233914796302,12,False,0.0,0.0,-0.16,-0.03,0.0,0.0,-0.19,20260813,V2,full,20261722,20261590,72,20,6,72,72,0,72,864,0.0,1.0,0.917786875243582,0.8376111057844756,0.9036487052503351,0.9997644314224183,32,6,-0.17437950629628057
1.0,46,fresh_bandit_v2,adaptive_card_testing|0.94|1.46|0.48|0.05|0.05|0.73|0.85,adaptive_card_testing,-0.1752611455265901,0.9224270817188953,True,0.0,1.0,0.8213000382911767,12,False,0.0,0.0,-0.16,-0.03,0.0,0.0,-0.19,20260813,V2,full,20261722,20261590,72,20,6,72,72,0,72,864,0.0,1.0,0.917786875243582,0.8376111057844756,0.9036487052503351,0.9997644314224183,32,6,-0.17437950629628057
1.0,47,fresh_bandit_v2,ai_app_scam_mule|0.45|2.04|0.05|0.73|0.31|0.5|0.56,ai_app_scam_mule,-0.16437111009905037,0.8651111057844756,True,0.0,1.0,0.9134380879254178,12,False,0.0,0.0,-0.16,-0.03,0.0,0.0,-0.19,20260813,V2,full,20261722,20261590,72,20,6,72,72,0,72,864,0.0,1.0,0.917786875243582,0.8376111057844756,0.9036487052503351,0.9997644314224183,32,6,-0.17437950629628057
1.0,48,fresh_bandit_v2,deepfake_account_takeover|2.12|1.05|0.62|0.88|0.94|0.98|0.69,deepfake_account_takeover,-0.16233126964639724,0.8543751034020908,True,0.0,1.0,0.9471636652477131,12,False,0.0,0.0,-0.16,-0.03,0.0,0.0,-0.19,20260813,V2,full,20261722,20261590,72,20,6,72,72,0,72,864,0.0,1.0,0.917786875243582,0.8376111057844756,0.9036487052503351,0.9997644314224183,32,6,-0.17437950629628057
1.0,49,fresh_bandit_v2,synthetic_identity_bustout|0.77|0.52|0.05|0.05|0.37|0.96|0.82,synthetic_identity_bustout,-0.1817426,0.95654,True,0.0,1.0,0.8952143482862626,12,False,0.0,0.0,-0.16,-0.03,0.0,0.0,-0.19,20260813,V2,full,20261722,20261590,72,20,6,72,72,0,72,864,0.0,1.0,0.917786875243582,0.8376111057844756,0.9036487052503351,0.9997644314224183,32,6,-0.17437950629628057
1.0,50,fresh_bandit_v2,agentic_intent_hijack|2.2|0.65|0.17|0.1|0.57|0.53|0.63,agentic_intent_hijack,-0.1647133519848066,0.8669123788674031,True,0.0,1.0,0.9322379297719968,12,False,0.0,0.0,-0.16,-0.03,0.0,0.0,-0.19,20260813,V2,full,20261722,20261590,72,20,6,72,72,0,72,864,0.0,1.0,0.917786875243582,0.8376111057844756,0.9036487052503351,0.9997644314224183,32,6,-0.17437950629628057
1.0,51,fresh_bandit_v2,adaptive_card_testing|0.93|0.64|0.41|0.42|0.33|0.46|0.42,adaptive_card_testing,-0.1850741302744039,0.9740743698652836,True,0.0,1.0,0.9033459388448907,12,False,0.0,0.0,-0.16,-0.03,0.0,0.0,-0.19,20260813,V2,full,20261722,20261590,72,20,6,72,72,0,72,864,0.0,1.0,0.917786875243582,0.8376111057844756,0.9036487052503351,0.9997644314224183,32,6,-0.17437950629628057
1.0,52,fresh_bandit_v2,agentic_intent_hijack|1.22|1.06|0.68|0.19|0.98|0.75|0.85,agentic_intent_hijack,-0.17419898498608577,0.9168367630846619,True,0.0,1.0,0.9342478048351683,12,False,0.0,0.0,-0.16,-0.03,0.0,0.0,-0.19,20260813,V2,full,20261722,20261590,72,20,6,72,72,0,72,864,0.0,1.0,0.917786875243582,0.8376111057844756,0.9036487052503351,0.9997644314224183,32,6,-0.17437950629628057
1.0,53,fresh_bandit_v2,fake_merchant_collusion|1.6|1.4|0.19|0.22|0.98|0.53|0.5,fake_merchant_collusion,-0.1898389544548943,0.9991523918678646,True,0.0,1.0,0.9249374079901301,12,False,0.0,0.0,-0.16,-0.03,0.0,0.0,-0.19,20260813,V2,full,20261722,20261590,72,20,6,72,72,0,72,864,0.0,1.0,0.917786875243582,0.8376111057844756,0.9036487052503351,0.9997644314224183,32,6,-0.17437950629628057
1.0,54,fresh_bandit_v2,deepfake_account_takeover|1.23|0.83|0.69|0.19|0.28|0.98|0.53,deepfake_account_takeover,-0.16571567288151073,0.8721877520079513,True,0.0,1.0,0.9382147563917403,12,False,0.0,0.0,-0.16,-0.03,0.0,0.0,-0.19,20260813,V2,full,20261722,20261590,72,20,6,72,72,0,72,864,0.0,1.0,0.917786875243582,0.8376111057844756,0.9036487052503351,0.9997644314224183,32,6,-0.17437950629628057
1.0,55,fresh_bandit_v2,agentic_intent_hijack|0.55|1.54|0.05|0.42|0.32|0.54|0.94,agentic_intent_hijack,-0.16699589207816873,0.8789257477798353,True,0.0,1.0,0.9026205862789562,12,False,0.0,0.0,-0.16,-0.03,0.0,0.0,-0.19,20260813,V2,full,20261722,20261590,72,20,6,72,72,0,72,864,0.0,1.0,0.917786875243582,0.8376111057844756,0.9036487052503351,0.9997644314224183,32,6,-0.17437950629628057
1.0,56,fresh_bandit_v2,deepfake_account_takeover|2.12|1.05|0.62|0.88|0.94|0.98|0.69,deepfake_account_takeover,-0.16518126964639726,0.8693751034020908,True,0.0,1.0,0.9460303975342984,12,False,0.0,0.0,-0.16,-0.03,0.0,0.0,-0.19,20260813,V2,full,20261722,20261590,72,20,6,72,72,0,72,864,0.0,1.0,0.917786875243582,0.8376111057844756,0.9036487052503351,0.9997644314224183,32,6,-0.17437950629628057
1.0,57,fresh_bandit_v2,adaptive_card_testing|1.3|0.46|0.17|0.06|0.53|0.7|0.76,adaptive_card_testing,-0.18511838766994768,0.9743073035260403,True,0.0,1.0,0.9032225457731506,12,False,0.0,0.0,-0.16,-0.03,0.0,0.0,-0.19,20260813,V2,full,20261722,20261590,72,20,6,72,72,0,72,864,0.0,1.0,0.917786875243582,0.8376111057844756,0.9036487052503351,0.9997644314224183,32,6,-0.17437950629628057
1.0,58,fresh_bandit_v2,adaptive_card_testing|1.07|1.59|0.05|0.05|0.55|0.98|0.5,adaptive_card_testing,-0.1836426,0.96654,True,0.0,1.0,0.8783711314775301,12,False,0.0,0.0,-0.16,-0.03,0.0,0.0,-0.19,20260813,V2,full,20261722,20261590,72,20,6,72,72,0,72,864,0.0,1.0,0.917786875243582,0.8376111057844756,0.9036487052503351,0.9997644314224183,32,6,-0.17437950629628057
1.0,59,fresh_bandit_v2,fake_merchant_collusion|0.48|0.76|0.42|0.33|0.98|0.83|0.66,fake_merchant_collusion,-0.18689202334504332,0.9836422281318069,True,0.0,1.0,0.9103476447860724,12,False,0.0,0.0,-0.16,-0.03,0.0,0.0,-0.19,20260813,V2,full,20261722,20261590,72,20,6,72,72,0,72,864,0.0,1.0,0.917786875243582,0.8376111057844756,0.9036487052503351,0.9997644314224183,32,6,-0.17437950629628057
1.0,60,fresh_bandit_v2,ai_app_scam_mule|1.27|0.81|0.13|0.93|0.62|0.94|0.7,ai_app_scam_mule,-0.17345854420134188,0.9129397063228519,True,0.0,1.0,0.9343584017483745,12,False,0.0,0.0,-0.16,-0.03,0.0,0.0,-0.19,20260813,V2,full,20261722,20261590,72,20,6,72,72,0,72,864,0.0,1.0,0.917786875243582,0.8376111057844756,0.9036487052503351,0.9997644314224183,32,6,-0.17437950629628057
1.0,61,fresh_bandit_v2,deepfake_account_takeover|0.85|0.86|0.39|0.21|0.45|0.66|0.83,deepfake_account_takeover,-0.1673844859875558,0.8809709788818725,True,0.0,1.0,0.9356796933091703,12,False,0.0,0.0,-0.16,-0.03,0.0,0.0,-0.19,20260813,V2,full,20261722,20261590,72,20,6,72,72,0,72,864,0.0,1.0,0.917786875243582,0.8376111057844756,0.9036487052503351,0.9997644314224183,32,6,-0.17437950629628057
1.0,62,fresh_bandit_v2,deepfake_account_takeover|0.6|0.75|0.9|0.59|0.32|0.75|0.59,deepfake_account_takeover,-0.1720562793918177,0.9055593652200931,True,0.0,1.0,0.9340280238786924,12,False,0.0,0.0,-0.16,-0.03,0.0,0.0,-0.19,20260813,V2,full,20261722,20261590,72,20,6,72,72,0,72,864,0.0,1.0,0.917786875243582,0.8376111057844756,0.9036487052503351,0.9997644314224183,32,6,-0.17437950629628057
1.0,63,fresh_bandit_v2,agentic_intent_hijack|2.2|0.65|0.17|0.1|0.57|0.53|0.63,agentic_intent_hijack,-0.16993835198480656,0.894412378867403,True,0.0,1.0,0.9310846419036486,12,False,0.0,0.0,-0.16,-0.03,0.0,0.0,-0.19,20260813,V2,full,20261722,20261590,72,20,6,72,72,0,72,864,0.0,1.0,0.917786875243582,0.8376111057844756,0.9036487052503351,0.9997644314224183,32,6,-0.17437950629628057
1.0,64,fresh_bandit_v2,synthetic_identity_bustout|1.0|0.67|0.19|0.05|0.94|0.87|0.89,synthetic_identity_bustout,-0.1853712010526155,0.9756379002769238,True,0.0,1.0,0.9102349436081827,12,False,0.0,0.0,-0.16,-0.03,0.0,0.0,-0.19,20260813,V2,full,20261722,20261590,72,20,6,72,72,0,72,864,0.0,1.0,0.917786875243582,0.8376111057844756,0.9036487052503351,0.9997644314224183,32,6,-0.17437950629628057
1.0,65,fresh_bandit_v2,adaptive_card_testing|0.93|0.64|0.41|0.42|0.33|0.46|0.42,adaptive_card_testing,-0.17889913027440393,0.9415743698652839,True,0.0,1.0,0.914948308155921,12,False,0.0,0.0,-0.16,-0.03,0.0,0.0,-0.19,20260813,V2,full,20261722,20261590,72,20,6,72,72,0,72,864,0.0,1.0,0.917786875243582,0.8376111057844756,0.9036487052503351,0.9997644314224183,32,6,-0.17437950629628057
1.0,66,fresh_bandit_v2,ai_app_scam_mule|0.45|2.04|0.05|0.73|0.31|0.5|0.56,ai_app_scam_mule,-0.15914611009905036,0.8376111057844756,True,0.0,1.0,0.938761128909388,12,False,0.0,0.0,-0.16,-0.03,0.0,0.0,-0.19,20260813,V2,full,20261722,20261590,72,20,6,72,72,0,72,864,0.0,1.0,0.917786875243582,0.8376111057844756,0.9036487052503351,0.9997644314224183,32,6,-0.17437950629628057
1.0,67,fresh_bandit_v2,agentic_intent_hijack|0.55|1.54|0.05|0.42|0.32|0.54|0.94,agentic_intent_hijack,-0.16367089207816873,0.8614257477798354,True,0.0,1.0,0.9166158185507741,12,False,0.0,0.0,-0.16,-0.03,0.0,0.0,-0.19,20260813,V2,full,20261722,20261590,72,20,6,72,72,0,72,864,0.0,1.0,0.917786875243582,0.8376111057844756,0.9036487052503351,0.9997644314224183,32,6,-0.17437950629628057
1.0,68,fresh_bandit_v2,agentic_intent_hijack|1.22|1.06|0.68|0.19|0.98|0.75|0.85,agentic_intent_hijack,-0.17229898498608576,0.9068367630846619,True,0.0,1.0,0.936163447867428,12,False,0.0,0.0,-0.16,-0.03,0.0,0.0,-0.19,20260813,V2,full,20261722,20261590,72,20,6,72,72,0,72,864,0.0,1.0,0.917786875243582,0.8376111057844756,0.9036487052503351,0.9997644314224183,32,6,-0.17437950629628057
1.0,69,fresh_bandit_v2,synthetic_identity_bustout|0.66|1.45|0.19|0.44|0.16|0.72|0.75,synthetic_identity_bustout,-0.18146912367056225,0.9551006508976961,True,0.0,1.0,0.9011597715397204,12,False,0.0,0.0,-0.16,-0.03,0.0,0.0,-0.19,20260813,V2,full,20261722,20261590,72,20,6,72,72,0,72,864,0.0,1.0,0.917786875243582,0.8376111057844756,0.9036487052503351,0.9997644314224183,32,6,-0.17437950629628057
1.0,70,fresh_bandit_v2,ai_app_scam_mule|0.62|0.93|0.2|0.47|0.08|0.98|0.74,ai_app_scam_mule,-0.1663921626192409,0.8757482243117942,True,0.0,1.0,0.9259047605984351,12,False,0.0,0.0,-0.16,-0.03,0.0,0.0,-0.19,20260813,V2,full,20261722,20261590,72,20,6,72,72,0,72,864,0.0,1.0,0.917786875243582,0.8376111057844756,0.9036487052503351,0.9997644314224183,32,6,-0.17437950629628057
1.0,71,fresh_bandit_v2,fake_merchant_collusion|1.48|1.71|0.22|0.05|0.5|0.98|0.89,fake_merchant_collusion,-0.1855018428230571,0.9763254885424058,True,0.0,1.0,0.8956653240836095,12,False,0.0,0.0,-0.16,-0.03,0.0,0.0,-0.19,20260813,V2,full,20261722,20261590,72,20,6,72,72,0,72,864,0.0,1.0,0.917786875243582,0.8376111057844756,0.9036487052503351,0.9997644314224183,32,6,-0.17437950629628057
1.0,0,fresh_bandit_v2,agentic_intent_hijack|1.65|1.59|0.43|0.05|0.97|0.98|0.93,agentic_intent_hijack,-0.17412646165331497,0.9164550613332367,True,0.0,1.0,0.9405025409624539,12,False,0.0,0.0,-0.16,-0.03,0.0,0.0,-0.19,20260814,V2,full,20261723,20261591,72,20,6,72,72,0,72,864,0.0,1.0,0.9192973111682462,0.8238488857464461,0.9086932905712124,0.9984102487354092,37,6,-0.17466648912196678
1.0,1,fresh_bandit_v2,deepfake_account_takeover|0.73|0.51|0.85|0.31|0.3|0.97|0.66,deepfake_account_takeover,-0.16536561358230736,0.870345334643723,True,0.0,1.0,0.9395978766839753,12,False,0.0,0.0,-0.16,-0.03,0.0,0.0,-0.19,20260814,V2,full,20261723,20261591,72,20,6,72,72,0,72,864,0.0,1.0,0.9192973111682462,0.8238488857464461,0.9086932905712124,0.9984102487354092,37,6,-0.17466648912196678
1.0,2,fresh_bandit_v2,ai_app_scam_mule|0.86|1.74|0.19|0.88|0.33|0.69|0.9,ai_app_scam_mule,-0.16543645199551774,0.8707181683974617,True,0.0,1.0,0.9327182333934468,12,False,0.0,0.0,-0.16,-0.03,0.0,0.0,-0.19,20260814,V2,full,20261723,20261591,72,20,6,72,72,0,72,864,0.0,1.0,0.9192973111682462,0.8238488857464461,0.9086932905712124,0.9984102487354092,37,6,-0.17466648912196678
1.0,3,fresh_bandit_v2,fake_merchant_collusion|0.46|0.98|0.21|0.05|0.98|0.91|0.63,fake_merchant_collusion,-0.18840205274027225,0.9915897512645908,True,0.0,1.0,0.9015418227798414,12,False,0.0,0.0,-0.16,-0.03,0.0,0.0,-0.19,20260814,V2,full,20261723,20261591,72,20,6,72,72,0,72,864,0.0,1.0,0.9192973111682462,0.8238488857464461,0.9086932905712124,0.9984102487354092,37,6,-0.17466648912196678
1.0,4,fresh_bandit_v2,fake_merchant_collusion|1.92|0.76|0.47|0.17|0.8|0.72|0.79,fake_merchant_collusion,-0.1879039449249074,0.9889681311837231,True,0.0,1.0,0.9239866703361647,12,False,0.0,0.0,-0.16,-0.03,0.0,0.0,-0.19,20260814,V2,full,20261723,20261591,72,20,6,72,72,0,72,864,0.0,1.0,0.9192973111682462,0.8238488857464461,0.9086932905712124,0.9984102487354092,37,6,-0.17466648912196678
1.0,5,fresh_bandit_v2,synthetic_identity_bustout|0.71|0.5|0.05|0.37|0.29|0.86|0.88,synthetic_identity_bustout,-0.1846282034349665,0.9717273864998237,True,0.0,1.0,0.9040636065134758,12,False,0.0,0.0,-0.16,-0.03,0.0,0.0,-0.19,20260814,V2,full,20261723,20261591,72,20,6,72,72,0,72,864,0.0,1.0,0.9192973111682462,0.8238488857464461,0.9086932905712124,0.9984102487354092,37,6,-0.17466648912196678
1.0,6,fresh_bandit_v2,deepfake_account_takeover|0.63|2.1|0.43|0.47|0.35|0.98|0.89,deepfake_account_takeover,-0.17018964799209096,0.8957349894320576,True,0.0,1.0,0.9328108783602399,12,False,0.0,0.0,-0.16,-0.03,0.0,0.0,-0.19,20260814,V2,full,20261723,20261591,72,20,6,72,72,0,72,864,0.0,1.0,0.9192973111682462,0.8238488857464461,0.9086932905712124,0.9984102487354092,37,6,-0.17466648912196678
1.0,7,fresh_bandit_v2,adaptive_card_testing|0.59|0.72|0.3|0.09|0.54|0.36|0.62,adaptive_card_testing,-0.18361251690879918,0.9663816679410483,True,0.0,1.0,0.8936276194383113,12,False,0.0,0.0,-0.16,-0.03,0.0,0.0,-0.19,20260814,V2,full,20261723,20261591,72,20,6,72,72,0,72,864,0.0,1.0,0.9192973111682462,0.8238488857464461,0.9086932905712124,0.9984102487354092,37,6,-0.17466648912196678
1.0,8,fresh_bandit_v2,agentic_intent_hijack|0.47|0.46|0.22|0.31|0.69|0.88|0.76,agentic_intent_hijack,-0.1711703134921382,0.9008963868007274,True,0.0,1.0,0.9343663811426327,12,False,0.0,0.0,-0.16,-0.03,0.0,0.0,-0.19,20260814,V2,full,20261723,20261591,72,20,6,72,72,0,72,864,0.0,1.0,0.9192973111682462,0.8238488857464461,0.9086932905712124,0.9984102487354092,37,6,-0.17466648912196678
1.0,9,fresh_bandit_v2,synthetic_identity_bustout|1.08|1.29|0.62|0.2|0.62|0.98|0.63,synthetic_identity_bustout,-0.18746199991831966,0.9866421048332614,True,0.0,1.0,0.9193133522306179,12,False,0.0,0.0,-0.16,-0.03,0.0,0.0,-0.19,20260814,V2,full,20261723,20261591,72,20,6,72,72,0,72,864,0.0,1.0,0.9192973111682462,0.8238488857464461,0.9086932905712124,0.9984102487354092,37,6,-0.17466648912196678
1.0,10,fresh_bandit_v2,adaptive_card_testing|1.01|1.32|0.11|0.28|0.66|0.98|0.41,adaptive_card_testing,-0.1885487379138862,0.9923617784941379,True,0.0,1.0,0.8953176741521182,12,False,0.0,0.0,-0.16,-0.03,0.0,0.0,-0.19,20260814,V2,full,20261723,20261591,72,20,6,72,72,0,72,864,0.0,1.0,0.9192973111682462,0.8238488857464461,0.9086932905712124,0.9984102487354092,37,6,-0.17466648912196678
1.0,11,fresh_bandit_v2,ai_app_scam_mule|1.36|0.83|0.07|0.96|0.15|0.74|0.76,ai_app_scam_mule,-0.16548298197805747,0.8709630630424077,True,0.0,1.0,0.9379560178087468,12,False,0.0,0.0,-0.16,-0.03,0.0,0.0,-0.19,20260814,V2,full,20261723,20261591,72,20,6,72,72,0,72,864,0.0,1.0,0.9192973111682462,0.8238488857464461,0.9086932905712124,0.9984102487354092,37,6,-0.17466648912196678
1.0,12,fresh_bandit_v2,agentic_intent_hijack|1.65|1.59|0.43|0.05|0.97|0.98|0.93,agentic_intent_hijack,-0.172148538346685,0.9060449386667632,True,0.0,1.0,0.9401156817708024,12,False,0.0,0.0,-0.16,-0.03,0.0,0.0,-0.19,20260814,V2,full,20261723,20261591,72,20,6,72,72,0,72,864,0.0,1.0,0.9192973111682462,0.8238488857464461,0.9086932905712124,0.9984102487354092,37,6,-0.17466648912196678
1.0,13,fresh_bandit_v2,deepfake_account_takeover|1.29|0.8|0.73|0.83|0.24|0.59|0.71,deepfake_account_takeover,-0.15653128829182475,0.8238488857464461,True,0.0,1.0,0.9402444014602706,12,False,0.0,0.0,-0.16,-0.03,0.0,0.0,-0.19,20260814,V2,full,20261723,20261591,72,20,6,72,72,0,72,864,0.0,1.0,0.9192973111682462,0.8238488857464461,0.9086932905712124,0.9984102487354092,37,6,-0.17466648912196678
1.0,14,fresh_bandit_v2,synthetic_identity_bustout|0.78|1.38|0.17|0.38|0.05|0.98|0.54,synthetic_identity_bustout,-0.1845385196245387,0.9712553664449406,True,0.0,1.0,0.9080245143510993,12,False,0.0,0.0,-0.16,-0.03,0.0,0.0,-0.19,20260814,V2,full,20261723,20261591,72,20,6,72,72,0,72,864,0.0,1.0,0.9192973111682462,0.8238488857464461,0.9086932905712124,0.9984102487354092,37,6,-0.17466648912196678
1.0,15,fresh_bandit_v2,ai_app_scam_mule|1.27|0.73|0.05|0.28|0.22|0.72|0.75,ai_app_scam_mule,-0.1667338009613512,0.8775463208492169,True,0.0,1.0,0.931865437597255,12,False,0.0,0.0,-0.16,-0.03,0.0,0.0,-0.19,20260814,V2,full,20261723,20261591,72,20,6,72,72,0,72,864,0.0,1.0,0.9192973111682462,0.8238488857464461,0.9086932905712124,0.9984102487354092,37,6,-0.17466648912196678
1.0,16,fresh_bandit_v2,deepfake_account_takeover|1.48|1.1|0.72|0.23|0.05|0.8|0.79,deepfake_account_takeover,-0.16733191297912473,0.8806942788374985,True,0.0,1.0,0.93393551062608,12,False,0.0,0.0,-0.16,-0.03,0.0,0.0,-0.19,20260814,V2,full,20261723,20261591,72,20,6,72,72,0,72,864,0.0,1.0,0.9192973111682462,0.8238488857464461,0.9086932905712124,0.9984102487354092,37,6,-0.17466648912196678
1.0,17,fresh_bandit_v2,ai_app_scam_mule|0.65|0.97|0.63|0.67|0.45|0.57|0.77,ai_app_scam_mule,-0.17360973870888552,0.9137354668888711,True,0.0,1.0,0.9343555296282378,12,False,0.0,0.0,-0.16,-0.03,0.0,0.0,-0.19,20260814,V2,full,20261723,20261591,72,20,6,72,72,0,72,864,0.0,1.0,0.9192973111682462,0.8238488857464461,0.9086932905712124,0.9984102487354092,37,6,-0.17466648912196678
1.0,18,fresh_bandit_v2,agentic_intent_hijack|0.87|1.05|0.05|0.16|0.96|0.44|0.85,agentic_intent_hijack,-0.17393954990913674,0.9154713153112459,True,0.0,1.0,0.9223189719501302,12,False,0.0,0.0,-0.16,-0.03,0.0,0.0,-0.19,20260814,V2,full,20261723,20261591,72,20,6,72,72,0,72,864,0.0,1.0,0.9192973111682462,0.8238488857464461,0.9086932905712124,0.9984102487354092,37,6,-0.17466648912196678
1.0,19,fresh_bandit_v2,adaptive_card_testing|1.33|0.67|0.07|0.49|0.68|0.55|0.6,adaptive_card_testing,-0.18804265963262304,0.9896982085927528,True,0.0,1.0,0.9199190898165996,12,False,0.0,0.0,-0.16,-0.03,0.0,0.0,-0.19,20260814,V2,full,20261723,20261591,72,20,6,72,72,0,72,864,0.0,1.0,0.9192973111682462,0.8238488857464461,0.9086932905712124,0.9984102487354092,37,6,-0.17466648912196678
1.0,20,fresh_bandit_v2,fake_merchant_collusion|1.74|1.59|0.5|0.05|0.69|0.7|0.67,fake_merchant_collusion,-0.18410061630976143,0.9689506121566391,True,0.0,1.0,0.909810654076133,12,False,0.0,0.0,-0.16,-0.03,0.0,0.0,-0.19,20260814,V2,full,20261723,20261591,72,20,6,72,72,0,72,864,0.0,1.0,0.9192973111682462,0.8238488857464461,0.9086932905712124,0.9984102487354092,37,6,-0.17466648912196678
1.0,21,fresh_bandit_v2,deepfake_account_takeover|0.87|0.99|0.94|0.51|0.74|0.61|0.8,deepfake_account_takeover,-0.17065972186712125,0.8982090624585329,True,0.0,1.0,0.9440980328639622,12,False,0.0,0.0,-0.16,-0.03,0.0,0.0,-0.19,20260814,V2,full,20261723,20261591,72,20,6,72,72,0,72,864,0.0,1.0,0.9192973111682462,0.8238488857464461,0.9086932905712124,0.9984102487354092,37,6,-0.17466648912196678
1.0,22,fresh_bandit_v2,adaptive_card_testing|0.46|1.03|0.5|0.05|0.47|0.89|0.61,adaptive_card_testing,-0.18319775082361195,0.9641986885453261,True,0.0,1.0,0.8845264949332572,12,False,0.0,0.0,-0.16,-0.03,0.0,0.0,-0.19,20260814,V2,full,20261723,20261591,72,20,6,72,72,0,72,864,0.0,1.0,0.9192973111682462,0.8238488857464461,0.9086932905712124,0.9984102487354092,37,6,-0.17466648912196678
1.0,23,fresh_bandit_v2,synthetic_identity_bustout|0.74|0.87|0.2|0.05|0.84|0.96|0.53,synthetic_identity_bustout,-0.1838031482029064,0.9673849905416128,True,0.0,1.0,0.9206983188560778,12,False,0.0,0.0,-0.16,-0.03,0.0,0.0,-0.19,20260814,V2,full,20261723,20261591,72,20,6,72,72,0,72,864,0.0,1.0,0.9192973111682462,0.8238488857464461,0.9086932905712124,0.9984102487354092,37,6,-0.17466648912196678
1.0,24,fresh_bandit_v2,deepfake_account_takeover|0.63|2.1|0.43|0.47|0.35|0.98|0.89,deepfake_account_takeover,-0.17018964799209096,0.8957349894320576,True,0.0,1.0,0.9238935658181403,12,False,0.0,0.0,-0.16,-0.03,0.0,0.0,-0.19,20260814,V2,full,20261723,20261591,72,20,6,72,72,0,72,864,0.0,1.0,0.9192973111682462,0.8238488857464461,0.9086932905712124,0.9984102487354092,37,6,-0.17466648912196678
1.0,25,fresh_bandit_v2,agentic_intent_hijack|1.0|0.67|0.05|0.24|0.26|0.6|0.65,agentic_intent_hijack,-0.16722928743238316,0.880154144380964,True,0.0,1.0,0.9203217941818517,12,False,0.0,0.0,-0.16,-0.03,0.0,0.0,-0.19,20260814,V2,full,20261723,20261591,72,20,6,72,72,0,72,864,0.0,1.0,0.9192973111682462,0.8238488857464461,0.9086932905712124,0.9984102487354092,37,6,-0.17466648912196678
1.0,26,fresh_bandit_v2,agentic_intent_hijack|1.65|1.59|0.43|0.05|0.97|0.98|0.93,agentic_intent_hijack,-0.17127646165331495,0.9014550613332366,True,0.0,1.0,0.9323253635749865,12,False,0.0,0.0,-0.16,-0.03,0.0,0.0,-0.19,20260814,V2,full,20261723,20261591,72,20,6,72,72,0,72,864,0.0,1.0,0.9192973111682462,0.8238488857464461,0.9086932905712124,0.9984102487354092,37,6,-0.17466648912196678
1.0,27,fresh_bandit_v2,fake_merchant_collusion|1.38|0.68|0.67|0.47|0.78|0.9|0.81,fake_merchant_collusion,-0.1869388299257041,0.9838885785563374,True,0.0,1.0,0.9150806709317624,12,False,0.0,0.0,-0.16,-0.03,0.0,0.0,-0.19,20260814,V2,full,20261723,20261591,72,20,6,72,72,0,72,864,0.0,1.0,0.9192973111682462,0.8238488857464461,0.9086932905712124,0.9984102487354092,37,6,-0.17466648912196678
1.0,28,fresh_bandit_v2,ai_app_scam_mule|0.89|0.78|0.1|0.98|0.42|0.98|0.67,ai_app_scam_mule,-0.1718853663258623,0.9046598227676963,True,0.0,1.0,0.9391621474186054,12,False,0.0,0.0,-0.16,-0.03,0.0,0.0,-0.19,20260814,V2,full,20261723,20261591,72,20,6,72,72,0,72,864,0.0,1.0,0.9192973111682462,0.8238488857464461,0.9086932905712124,0.9984102487354092,37,6,-0.17466648912196678
1.0,29,fresh_bandit_v2,synthetic_identity_bustout|1.28|1.09|0.22|0.31|0.39|0.42|0.47,synthetic_identity_bustout,-0.17972163532811217,0.9459033438321692,True,0.0,1.0,0.9114090219576377,12,False,0.0,0.0,-0.16,-0.03,0.0,0.0,-0.19,20260814,V2,full,20261723,20261591,72,20,6,72,72,0,72,864,0.0,1.0,0.9192973111682462,0.8238488857464461,0.9086932905712124,0.9984102487354092,37,6,-0.17466648912196678
1.0,30,fresh_bandit_v2,fake_merchant_collusion|0.46|0.98|0.21|0.05|0.98|0.91|0.63,fake_merchant_collusion,-0.18969794725972774,0.9984102487354092,True,0.0,1.0,0.9108901900307481,12,False,0.0,0.0,-0.16,-0.03,0.0,0.0,-0.19,20260814,V2,full,20261723,20261591,72,20,6,72,72,0,72,864,0.0,1.0,0.9192973111682462,0.8238488857464461,0.9086932905712124,0.9984102487354092,37,6,-0.17466648912196678
1.0,31,fresh_bandit_v2,agentic_intent_hijack|1.17|1.57|0.62|0.17|0.7|0.71|0.7,agentic_intent_hijack,-0.17041455007451506,0.8969186846027108,True,0.0,1.0,0.9201246285403317,12,False,0.0,0.0,-0.16,-0.03,0.0,0.0,-0.19,20260814,V2,full,20261723,20261591,72,20,6,72,72,0,72,864,0.0,1.0,0.9192973111682462,0.8238488857464461,0.9086932905712124,0.9984102487354092,37,6,-0.17466648912196678
1.0,32,fresh_bandit_v2,deepfake_account_takeover|0.73|0.51|0.85|0.31|0.3|0.97|0.66,deepfake_account_takeover,-0.16346561358230738,0.8603453346437231,True,0.0,1.0,0.9403947372690653,12,False,0.0,0.0,-0.16,-0.03,0.0,0.0,-0.19,20260814,V2,full,20261723,20261591,72,20,6,72,72,0,72,864,0.0,1.0,0.9192973111682462,0.8238488857464461,0.9086932905712124,0.9984102487354092,37,6,-0.17466648912196678
1.0,33,fresh_bandit_v2,adaptive_card_testing|0.52|1.0|0.59|0.14|0.5|0.74|0.76,adaptive_card_testing,-0.18587160390902768,0.9782715995211984,True,0.0,1.0,0.8919268925675414,12,False,0.0,0.0,-0.16,-0.03,0.0,0.0,-0.19,20260814,V2,full,20261723,20261591,72,20,6,72,72,0,72,864,0.0,1.0,0.9192973111682462,0.8238488857464461,0.9086932905712124,0.9984102487354092,37,6,-0.17466648912196678
1.0,34,fresh_bandit_v2,agentic_intent_hijack|0.47|0.46|0.22|0.31|0.69|0.88|0.76,agentic_intent_hijack,-0.1711703134921382,0.9008963868007274,True,0.0,1.0,0.9340536266736961,12,False,0.0,0.0,-0.16,-0.03,0.0,0.0,-0.19,20260814,V2,full,20261723,20261591,72,20,6,72,72,0,72,864,0.0,1.0,0.9192973111682462,0.8238488857464461,0.9086932905712124,0.9984102487354092,37,6,-0.17466648912196678
1.0,35,fresh_bandit_v2,deepfake_account_takeover|0.85|1.27|0.88|0.66|0.36|0.73|0.52,deepfake_account_takeover,-0.17278811963065885,0.909411155950836,True,0.0,1.0,0.9395514586068178,12,False,0.0,0.0,-0.16,-0.03,0.0,0.0,-0.19,20260814,V2,full,20261723,20261591,72,20,6,72,72,0,72,864,0.0,1.0,0.9192973111682462,0.8238488857464461,0.9086932905712124,0.9984102487354092,37,6,-0.17466648912196678
1.0,36,fresh_bandit_v2,ai_app_scam_mule|1.27|0.73|0.05|0.28|0.22|0.72|0.75,ai_app_scam_mule,-0.15818380096135123,0.832546320849217,True,0.0,1.0,0.9343481178867133,12,False,0.0,0.0,-0.16,-0.03,0.0,0.0,-0.19,20260814,V2,full,20261723,20261591,72,20,6,72,72,0,72,864,0.0,1.0,0.9192973111682462,0.8238488857464461,0.9086932905712124,0.9984102487354092,37,6,-0.17466648912196678
1.0,37,fresh_bandit_v2,deepfake_account_takeover|1.48|1.1|0.72|0.23|0.05|0.8|0.79,deepfake_account_takeover,-0.16210691297912475,0.8531942788374987,True,0.0,1.0,0.936479905921148,12,False,0.0,0.0,-0.16,-0.03,0.0,0.0,-0.19,20260814,V2,full,20261723,20261591,72,20,6,72,72,0,72,864,0.0,1.0,0.9192973111682462,0.8238488857464461,0.9086932905712124,0.9984102487354092,37,6,-0.17466648912196678
1.0,38,fresh_bandit_v2,synthetic_identity_bustout|0.7|0.84|0.39|0.21|0.35|0.85|0.98,synthetic_identity_bustout,-0.17972779038021414,0.9459357388432323,True,0.0,1.0,0.8916744188790532,12,False,0.0,0.0,-0.16,-0.03,0.0,0.0,-0.19,20260814,V2,full,20261723,20261591,72,20,6,72,72,0,72,864,0.0,1.0,0.9192973111682462,0.8238488857464461,0.9086932905712124,0.9984102487354092,37,6,-0.17466648912196678
1.0,39,fresh_bandit_v2,agentic_intent_hijack|1.65|1.59|0.43|0.05|0.97|0.98|0.93,agentic_intent_hijack,-0.17222646165331498,0.9064550613332367,True,0.0,1.0,0.9295020329900243,12,False,0.0,0.0,-0.16,-0.03,0.0,0.0,-0.19,20260814,V2,full,20261723,20261591,72,20,6,72,72,0,72,864,0.0,1.0,0.9192973111682462,0.8238488857464461,0.9086932905712124,0.9984102487354092,37,6,-0.17466648912196678
1.0,40,fresh_bandit_v2,deepfake_account_takeover|0.63|2.1|0.43|0.47|0.35|0.98|0.89,deepfake_account_takeover,-0.17113964799209094,0.9007349894320575,True,0.0,1.0,0.93578366133866,12,False,0.0,0.0,-0.16,-0.03,0.0,0.0,-0.19,20260814,V2,full,20261723,20261591,72,20,6,72,72,0,72,864,0.0,1.0,0.9192973111682462,0.8238488857464461,0.9086932905712124,0.9984102487354092,37,6,-0.17466648912196678
1.0,41,fresh_bandit_v2,adaptive_card_testing|1.33|0.67|0.07|0.49|0.68|0.55|0.6,adaptive_card_testing,-0.18471765963262304,0.9721982085927529,True,0.0,1.0,0.9174460158259542,12,False,0.0,0.0,-0.16,-0.03,0.0,0.0,-0.19,20260814,V2,full,20261723,20261591,72,20,6,72,72,0,72,864,0.0,1.0,0.9192973111682462,0.8238488857464461,0.9086932905712124,0.9984102487354092,37,6,-0.17466648912196678
1.0,42,fresh_bandit_v2,agentic_intent_hijack|1.0|0.67|0.05|0.24|0.26|0.6|0.65,agentic_intent_hijack,-0.16627928743238318,0.8751541443809641,True,0.0,1.0,0.9249542285577069,12,False,0.0,0.0,-0.16,-0.03,0.0,0.0,-0.19,20260814,V2,full,20261723,20261591,72,20,6,72,72,0,72,864,0.0,1.0,0.9192973111682462,0.8238488857464461,0.9086932905712124,0.9984102487354092,37,6,-0.17466648912196678
1.0,43,fresh_bandit_v2,ai_app_scam_mule|0.65|0.97|0.63|0.67|0.45|0.57|0.77,ai_app_scam_mule,-0.17265973870888554,0.9087354668888712,True,0.0,1.0,0.9322234019254735,12,False,0.0,0.0,-0.16,-0.03,0.0,0.0,-0.19,20260814,V2,full,20261723,20261591,72,20,6,72,72,0,72,864,0.0,1.0,0.9192973111682462,0.8238488857464461,0.9086932905712124,0.9984102487354092,37,6,-0.17466648912196678
1.0,44,fresh_bandit_v2,fake_merchant_collusion|0.69|1.56|0.23|0.05|0.98|0.61|0.72,fake_merchant_collusion,-0.18912021609717128,0.9953695584061646,True,0.0,1.0,0.9147038033652994,12,False,0.0,0.0,-0.16,-0.03,0.0,0.0,-0.19,20260814,V2,full,20261723,20261591,72,20,6,72,72,0,72,864,0.0,1.0,0.9192973111682462,0.8238488857464461,0.9086932905712124,0.9984102487354092,37,6,-0.17466648912196678
1.0,45,fresh_bandit_v2,fake_merchant_collusion|1.38|0.68|0.67|0.47|0.78|0.9|0.81,fake_merchant_collusion,-0.1845111700742959,0.9711114214436627,True,0.0,1.0,0.9170377252153378,12,False,0.0,0.0,-0.16,-0.03,0.0,0.0,-0.19,20260814,V2,full,20261723,20261591,72,20,6,72,72,0,72,864,0.0,1.0,0.9192973111682462,0.8238488857464461,0.9086932905712124,0.9984102487354092,37,6,-0.17466648912196678
1.0,46,fresh_bandit_v2,deepfake_account_takeover|0.87|0.99|0.94|0.51|0.74|0.61|0.8,deepfake_account_takeover,-0.17350972186712127,0.913209062458533,True,0.0,1.0,0.9346791154032207,12,False,0.0,0.0,-0.16,-0.03,0.0,0.0,-0.19,20260814,V2,full,20261723,20261591,72,20,6,72,72,0,72,864,0.0,1.0,0.9192973111682462,0.8238488857464461,0.9086932905712124,0.9984102487354092,37,6,-0.17466648912196678
1.0,47,fresh_bandit_v2,synthetic_identity_bustout|0.78|1.38|0.17|0.38|0.05|0.98|0.54,synthetic_identity_bustout,-0.1793135196245387,0.9437553664449405,True,0.0,1.0,0.8959239134606524,12,False,0.0,0.0,-0.16,-0.03,0.0,0.0,-0.19,20260814,V2,full,20261723,20261591,72,20,6,72,72,0,72,864,0.0,1.0,0.9192973111682462,0.8238488857464461,0.9086932905712124,0.9984102487354092,37,6,-0.17466648912196678
1.0,48,fresh_bandit_v2,deepfake_account_takeover|0.73|0.51|0.85|0.31|0.3|0.97|0.66,deepfake_account_takeover,-0.16869061358230736,0.887845334643723,True,0.0,1.0,0.9386617496742361,12,False,0.0,0.0,-0.16,-0.03,0.0,0.0,-0.19,20260814,V2,full,20261723,20261591,72,20,6,72,72,0,72,864,0.0,1.0,0.9192973111682462,0.8238488857464461,0.9086932905712124,0.9984102487354092,37,6,-0.17466648912196678
1.0,49,fresh_bandit_v2,ai_app_scam_mule|1.24|1.09|0.33|0.98|0.34|0.98|0.98,ai_app_scam_mule,-0.17187855999999999,0.9046239999999999,True,0.0,1.0,0.9417038530718577,12,False,0.0,0.0,-0.16,-0.03,0.0,0.0,-0.19,20260814,V2,full,20261723,20261591,72,20,6,72,72,0,72,864,0.0,1.0,0.9192973111682462,0.8238488857464461,0.9086932905712124,0.9984102487354092,37,6,-0.17466648912196678
1.0,50,fresh_bandit_v2,adaptive_card_testing|1.01|1.32|0.11|0.28|0.66|0.98|0.41,adaptive_card_testing,-0.1871762620861138,0.985138221505862,True,0.0,1.0,0.8801054927302552,12,False,0.0,0.0,-0.16,-0.03,0.0,0.0,-0.19,20260814,V2,full,20261723,20261591,72,20,6,72,72,0,72,864,0.0,1.0,0.9192973111682462,0.8238488857464461,0.9086932905712124,0.9984102487354092,37,6,-0.17466648912196678
1.0,51,fresh_bandit_v2,agentic_intent_hijack|0.47|0.46|0.22|0.31|0.69|0.88|0.76,agentic_intent_hijack,-0.1711703134921382,0.9008963868007274,True,0.0,1.0,0.9377482322444372,12,False,0.0,0.0,-0.16,-0.03,0.0,0.0,-0.19,20260814,V2,full,20261723,20261591,72,20,6,72,72,0,72,864,0.0,1.0,0.9192973111682462,0.8238488857464461,0.9086932905712124,0.9984102487354092,37,6,-0.17466648912196678
1.0,52,fresh_bandit_v2,ai_app_scam_mule|1.27|0.73|0.05|0.28|0.22|0.72|0.75,ai_app_scam_mule,-0.16483380096135122,0.8675463208492169,True,0.0,1.0,0.9318002398199817,12,False,0.0,0.0,-0.16,-0.03,0.0,0.0,-0.19,20260814,V2,full,20261723,20261591,72,20,6,72,72,0,72,864,0.0,1.0,0.9192973111682462,0.8238488857464461,0.9086932905712124,0.9984102487354092,37,6,-0.17466648912196678
1.0,53,fresh_bandit_v2,agentic_intent_hijack|1.65|1.59|0.43|0.05|0.97|0.98|0.93,agentic_intent_hijack,-0.17357353834668499,0.9135449386667631,True,0.0,1.0,0.9391773464662272,12,False,0.0,0.0,-0.16,-0.03,0.0,0.0,-0.19,20260814,V2,full,20261723,20261591,72,20,6,72,72,0,72,864,0.0,1.0,0.9192973111682462,0.8238488857464461,0.9086932905712124,0.9984102487354092,37,6,-0.17466648912196678
1.0,54,fresh_bandit_v2,adaptive_card_testing|0.76|1.11|0.26|0.42|0.41|0.32|0.74,adaptive_card_testing,-0.18405907326495832,0.9687319645524122,True,0.0,1.0,0.8769958539511551,12,False,0.0,0.0,-0.16,-0.03,0.0,0.0,-0.19,20260814,V2,full,20261723,20261591,72,20,6,72,72,0,72,864,0.0,1.0,0.9192973111682462,0.8238488857464461,0.9086932905712124,0.9984102487354092,37,6,-0.17466648912196678
1.0,55,fresh_bandit_v2,deepfake_account_takeover|1.29|0.8|0.73|0.83|0.24|0.59|0.71,deepfake_account_takeover,-0.16935628829182475,0.8913488857464461,True,0.0,1.0,0.9394839506356564,12,False,0.0,0.0,-0.16,-0.03,0.0,0.0,-0.19,20260814,V2,full,20261723,20261591,72,20,6,72,72,0,72,864,0.0,1.0,0.9192973111682462,0.8238488857464461,0.9086932905712124,0.9984102487354092,37,6,-0.17466648912196678
1.0,56,fresh_bandit_v2,synthetic_identity_bustout|1.28|1.09|0.22|0.31|0.39|0.42|0.47,synthetic_identity_bustout,-0.17829663532811216,0.9384033438321693,True,0.0,1.0,0.9024849741325353,12,False,0.0,0.0,-0.16,-0.03,0.0,0.0,-0.19,20260814,V2,full,20261723,20261591,72,20,6,72,72,0,72,864,0.0,1.0,0.9192973111682462,0.8238488857464461,0.9086932905712124,0.9984102487354092,37,6,-0.17466648912196678
1.0,57,fresh_bandit_v2,deepfake_account_takeover|1.48|1.1|0.72|0.23|0.05|0.8|0.79,deepfake_account_takeover,-0.1611569129791247,0.8481942788374985,True,0.0,1.0,0.9317585857294072,12,False,0.0,0.0,-0.16,-0.03,0.0,0.0,-0.19,20260814,V2,full,20261723,20261591,72,20,6,72,72,0,72,864,0.0,1.0,0.9192973111682462,0.8238488857464461,0.9086932905712124,0.9984102487354092,37,6,-0.17466648912196678
1.0,58,fresh_bandit_v2,ai_app_scam_mule|0.71|1.18|0.22|0.98|0.24|0.82|0.58,ai_app_scam_mule,-0.16380356,0.8621239999999999,True,0.0,1.0,0.9410414929361687,12,False,0.0,0.0,-0.16,-0.03,0.0,0.0,-0.19,20260814,V2,full,20261723,20261591,72,20,6,72,72,0,72,864,0.0,1.0,0.9192973111682462,0.8238488857464461,0.9086932905712124,0.9984102487354092,37,6,-0.17466648912196678
1.0,59,fresh_bandit_v2,agentic_intent_hijack|1.17|1.57|0.62|0.17|0.7|0.71|0.7,agentic_intent_hijack,-0.17183955007451504,0.9044186846027108,True,0.0,1.0,0.9258890756826296,12,False,0.0,0.0,-0.16,-0.03,0.0,0.0,-0.19,20260814,V2,full,20261723,20261591,72,20,6,72,72,0,72,864,0.0,1.0,0.9192973111682462,0.8238488857464461,0.9086932905712124,0.9984102487354092,37,6,-0.17466648912196678
1.0,60,fresh_bandit_v2,deepfake_account_takeover|0.63|2.1|0.43|0.47|0.35|0.98|0.89,deepfake_account_takeover,-0.16733964799209097,0.8807349894320577,True,0.0,1.0,0.929543904076808,12,False,0.0,0.0,-0.16,-0.03,0.0,0.0,-0.19,20260814,V2,full,20261723,20261591,72,20,6,72,72,0,72,864,0.0,1.0,0.9192973111682462,0.8238488857464461,0.9086932905712124,0.9984102487354092,37,6,-0.17466648912196678
1.0,61,fresh_bandit_v2,adaptive_card_testing|1.15|0.65|0.27|0.2|0.18|0.69|0.76,adaptive_card_testing,-0.18157209113056402,0.9556425848977054,True,0.0,1.0,0.8940624594359584,12,False,0.0,0.0,-0.16,-0.03,0.0,0.0,-0.19,20260814,V2,full,20261723,20261591,72,20,6,72,72,0,72,864,0.0,1.0,0.9192973111682462,0.8238488857464461,0.9086932905712124,0.9984102487354092,37,6,-0.17466648912196678
1.0,62,fresh_bandit_v2,ai_app_scam_mule|0.64|0.99|0.64|0.69|0.28|0.72|0.86,ai_app_scam_mule,-0.16856867861906896,0.8872035716793103,True,0.0,1.0,0.9334860419836665,12,False,0.0,0.0,-0.16,-0.03,0.0,0.0,-0.19,20260814,V2,full,20261723,20261591,72,20,6,72,72,0,72,864,0.0,1.0,0.9192973111682462,0.8238488857464461,0.9086932905712124,0.9984102487354092,37,6,-0.17466648912196678
1.0,63,fresh_bandit_v2,fake_merchant_collusion|1.38|0.68|0.67|0.47|0.78|0.9|0.81,fake_merchant_collusion,-0.1830861700742959,0.9636114214436626,True,0.0,1.0,0.9215072336858655,12,False,0.0,0.0,-0.16,-0.03,0.0,0.0,-0.19,20260814,V2,full,20261723,20261591,72,20,6,72,72,0,72,864,0.0,1.0,0.9192973111682462,0.8238488857464461,0.9086932905712124,0.9984102487354092,37,6,-0.17466648912196678
1.0,64,fresh_bandit_v2,agentic_intent_hijack|0.87|1.05|0.05|0.16|0.96|0.44|0.85,agentic_intent_hijack,-0.17376045009086324,0.9145286846887539,True,0.0,1.0,0.9258877707136941,12,False,0.0,0.0,-0.16,-0.03,0.0,0.0,-0.19,20260814,V2,full,20261723,20261591,72,20,6,72,72,0,72,864,0.0,1.0,0.9192973111682462,0.8238488857464461,0.9086932905712124,0.9984102487354092,37,6,-0.17466648912196678
1.0,65,fresh_bandit_v2,synthetic_identity_bustout|0.71|0.5|0.05|0.37|0.29|0.86|0.88,synthetic_identity_bustout,-0.1803532034349665,0.9492273864998236,True,0.0,1.0,0.9184192639064089,12,False,0.0,0.0,-0.16,-0.03,0.0,0.0,-0.19,20260814,V2,full,20261723,20261591,72,20,6,72,72,0,72,864,0.0,1.0,0.9192973111682462,0.8238488857464461,0.9086932905712124,0.9984102487354092,37,6,-0.17466648912196678
1.0,66,fresh_bandit_v2,deepfake_account_takeover|1.48|1.1|0.72|0.23|0.05|0.8|0.79,deepfake_account_takeover,-0.16353191297912475,0.8606942788374987,True,0.0,1.0,0.9345588350505026,12,False,0.0,0.0,-0.16,-0.03,0.0,0.0,-0.19,20260814,V2,full,20261723,20261591,72,20,6,72,72,0,72,864,0.0,1.0,0.9192973111682462,0.8238488857464461,0.9086932905712124,0.9984102487354092,37,6,-0.17466648912196678
1.0,67,fresh_bandit_v2,agentic_intent_hijack|1.0|0.67|0.05|0.24|0.26|0.6|0.65,agentic_intent_hijack,-0.16247928743238316,0.855154144380964,True,0.0,1.0,0.9212469580914092,12,False,0.0,0.0,-0.16,-0.03,0.0,0.0,-0.19,20260814,V2,full,20261723,20261591,72,20,6,72,72,0,72,864,0.0,1.0,0.9192973111682462,0.8238488857464461,0.9086932905712124,0.9984102487354092,37,6,-0.17466648912196678
1.0,68,fresh_bandit_v2,deepfake_account_takeover|1.29|0.8|0.73|0.83|0.24|0.59|0.71,deepfake_account_takeover,-0.17264371170817522,0.9086511142535537,True,0.0,1.0,0.9374933310608262,12,False,0.0,0.0,-0.16,-0.03,0.0,0.0,-0.19,20260814,V2,full,20261723,20261591,72,20,6,72,72,0,72,864,0.0,1.0,0.9192973111682462,0.8238488857464461,0.9086932905712124,0.9984102487354092,37,6,-0.17466648912196678
1.0,69,fresh_bandit_v2,ai_app_scam_mule|1.27|0.73|0.05|0.28|0.22|0.72|0.75,ai_app_scam_mule,-0.16435880096135122,0.865046320849217,True,0.0,1.0,0.9342206017398453,12,False,0.0,0.0,-0.16,-0.03,0.0,0.0,-0.19,20260814,V2,full,20261723,20261591,72,20,6,72,72,0,72,864,0.0,1.0,0.9192973111682462,0.8238488857464461,0.9086932905712124,0.9984102487354092,37,6,-0.17466648912196678
1.0,70,fresh_bandit_v2,agentic_intent_hijack|1.65|1.59|0.43|0.05|0.97|0.98|0.93,agentic_intent_hijack,-0.17317646165331496,0.9114550613332366,True,0.0,1.0,0.9272862260085267,12,False,0.0,0.0,-0.16,-0.03,0.0,0.0,-0.19,20260814,V2,full,20261723,20261591,72,20,6,72,72,0,72,864,0.0,1.0,0.9192973111682462,0.8238488857464461,0.9086932905712124,0.9984102487354092,37,6,-0.17466648912196678
1.0,71,fresh_bandit_v2,fake_merchant_collusion|0.69|1.56|0.23|0.05|0.98|0.61|0.72,fake_merchant_collusion,-0.1881702160971713,0.9903695584061647,True,0.0,1.0,0.8946721323193584,12,False,0.0,0.0,-0.16,-0.03,0.0,0.0,-0.19,20260814,V2,full,20261723,20261591,72,20,6,72,72,0,72,864,0.0,1.0,0.9192973111682462,0.8238488857464461,0.9086932905712124,0.9984102487354092,37,6,-0.17466648912196678
1.0,0,fresh_bandit_v2,fake_merchant_collusion|0.45|1.94|0.34|0.05|0.98|0.63|0.96,fake_merchant_collusion,-0.1883068032207535,0.9910884380039657,True,0.0,1.0,0.8922092690948693,12,False,0.0,0.0,-0.16,-0.03,0.0,0.0,-0.19,20260815,V2,full,20261724,20261592,72,20,6,72,72,0,72,864,0.0,1.0,0.9268688362652375,0.837124,0.9174287704561002,0.99654,31,6,-0.17610507889039514
1.0,1,fresh_bandit_v2,ai_app_scam_mule|2.2|0.58|0.05|0.95|0.58|0.57|0.57,ai_app_scam_mule,-0.16752718918833573,0.8817220483596617,True,0.0,1.0,0.9451926769926099,12,False,0.0,0.0,-0.16,-0.03,0.0,0.0,-0.19,20260815,V2,full,20261724,20261592,72,20,6,72,72,0,72,864,0.0,1.0,0.9268688362652375,0.837124,0.9174287704561002,0.99654,31,6,-0.17610507889039514
1.0,2,fresh_bandit_v2,agentic_intent_hijack|0.45|0.59|0.56|0.2|0.98|0.88|0.66,agentic_intent_hijack,-0.17377750922324098,0.9146184695960051,True,0.0,1.0,0.9299938477590476,12,False,0.0,0.0,-0.16,-0.03,0.0,0.0,-0.19,20260815,V2,full,20261724,20261592,72,20,6,72,72,0,72,864,0.0,1.0,0.9268688362652375,0.837124,0.9174287704561002,0.99654,31,6,-0.17610507889039514
1.0,3,fresh_bandit_v2,deepfake_account_takeover|0.96|2.08|0.58|0.75|0.3|0.98|0.53,deepfake_account_takeover,-0.17079979151174562,0.8989462711144507,True,0.0,1.0,0.9362895320332548,12,False,0.0,0.0,-0.16,-0.03,0.0,0.0,-0.19,20260815,V2,full,20261724,20261592,72,20,6,72,72,0,72,864,0.0,1.0,0.9268688362652375,0.837124,0.9174287704561002,0.99654,31,6,-0.17610507889039514
1.0,4,fresh_bandit_v2,synthetic_identity_bustout|1.71|1.28|0.14|0.05|0.6|0.52|0.9,synthetic_identity_bustout,-0.17826515860235143,0.9382376768544811,True,0.0,1.0,0.915941667303576,12,False,0.0,0.0,-0.16,-0.03,0.0,0.0,-0.19,20260815,V2,full,20261724,20261592,72,20,6,72,72,0,72,864,0.0,1.0,0.9268688362652375,0.837124,0.9174287704561002,0.99654,31,6,-0.17610507889039514
1.0,5,fresh_bandit_v2,deepfake_account_takeover|1.51|0.46|0.86|0.42|0.38|0.79|0.66,deepfake_account_takeover,-0.16327685362509037,0.8593518611846862,True,0.0,1.0,0.9398499385985537,12,False,0.0,0.0,-0.16,-0.03,0.0,0.0,-0.19,20260815,V2,full,20261724,20261592,72,20,6,72,72,0,72,864,0.0,1.0,0.9268688362652375,0.837124,0.9174287704561002,0.99654,31,6,-0.17610507889039514
1.0,6,fresh_bandit_v2,adaptive_card_testing|1.3|0.73|0.05|0.05|0.17|0.93|0.49,adaptive_card_testing,-0.18079260000000003,0.95154,True,0.0,1.0,0.8872910287596022,12,False,0.0,0.0,-0.16,-0.03,0.0,0.0,-0.19,20260815,V2,full,20261724,20261592,72,20,6,72,72,0,72,864,0.0,1.0,0.9268688362652375,0.837124,0.9174287704561002,0.99654,31,6,-0.17610507889039514
1.0,7,fresh_bandit_v2,ai_app_scam_mule|0.46|1.07|0.13|0.98|0.51|0.69|0.7,ai_app_scam_mule,-0.1671654980730635,0.8798184109108604,True,0.0,1.0,0.9391177339876188,12,False,0.0,0.0,-0.16,-0.03,0.0,0.0,-0.19,20260815,V2,full,20261724,20261592,72,20,6,72,72,0,72,864,0.0,1.0,0.9268688362652375,0.837124,0.9174287704561002,0.99654,31,6,-0.17610507889039514
1.0,8,fresh_bandit_v2,agentic_intent_hijack|1.35|1.91|0.29|0.05|0.98|0.9|0.82,agentic_intent_hijack,-0.17349434692330623,0.9131281417016117,True,0.0,1.0,0.9331549036394194,12,False,0.0,0.0,-0.16,-0.03,0.0,0.0,-0.19,20260815,V2,full,20261724,20261592,72,20,6,72,72,0,72,864,0.0,1.0,0.9268688362652375,0.837124,0.9174287704561002,0.99654,31,6,-0.17610507889039514
1.0,9,fresh_bandit_v2,adaptive_card_testing|1.86|1.34|0.54|0.28|0.88|0.6|0.55,adaptive_card_testing,-0.18731538009002532,0.985870421526449,True,0.0,1.0,0.9082492961552445,12,False,0.0,0.0,-0.16,-0.03,0.0,0.0,-0.19,20260815,V2,full,20261724,20261592,72,20,6,72,72,0,72,864,0.0,1.0,0.9268688362652375,0.837124,0.9174287704561002,0.99654,31,6,-0.17610507889039514
1.0,10,fresh_bandit_v2,fake_merchant_collusion|1.13|0.59|0.14|0.33|0.98|0.92|0.67,fake_merchant_collusion,-0.18911179686761304,0.9953252466716476,True,0.0,1.0,0.9101270402599987,12,False,0.0,0.0,-0.16,-0.03,0.0,0.0,-0.19,20260815,V2,full,20261724,20261592,72,20,6,72,72,0,72,864,0.0,1.0,0.9268688362652375,0.837124,0.9174287704561002,0.99654,31,6,-0.17610507889039514
1.0,11,fresh_bandit_v2,ai_app_scam_mule|2.2|1.31|0.05|0.69|0.05|0.55|0.76,ai_app_scam_mule,-0.16094910738030227,0.8471005651594856,True,0.0,1.0,0.9315365255224872,12,False,0.0,0.0,-0.16,-0.03,0.0,0.0,-0.19,20260815,V2,full,20261724,20261592,72,20,6,72,72,0,72,864,0.0,1.0,0.9268688362652375,0.837124,0.9174287704561002,0.99654,31,6,-0.17610507889039514
1.0,12,fresh_bandit_v2,adaptive_card_testing|0.94|0.81|0.83|0.41|0.19|0.6|0.59,adaptive_card_testing,-0.18308547254064342,0.9636077502139127,True,0.0,1.0,0.9089563522680514,12,False,0.0,0.0,-0.16,-0.03,0.0,0.0,-0.19,20260815,V2,full,20261724,20261592,72,20,6,72,72,0,72,864,0.0,1.0,0.9268688362652375,0.837124,0.9174287704561002,0.99654,31,6,-0.17610507889039514
1.0,13,fresh_bandit_v2,synthetic_identity_bustout|0.54|1.39|0.38|0.43|0.48|0.91|0.98,synthetic_identity_bustout,-0.18344903458814765,0.9655212346744613,True,0.0,1.0,0.8903626934252489,12,False,0.0,0.0,-0.16,-0.03,0.0,0.0,-0.19,20260815,V2,full,20261724,20261592,72,20,6,72,72,0,72,864,0.0,1.0,0.9268688362652375,0.837124,0.9174287704561002,0.99654,31,6,-0.17610507889039514
1.0,14,fresh_bandit_v2,deepfake_account_takeover|1.24|1.59|0.98|0.12|0.33|0.74|0.85,deepfake_account_takeover,-0.15905356,0.837124,True,0.0,1.0,0.9393526097257664,12,False,0.0,0.0,-0.16,-0.03,0.0,0.0,-0.19,20260815,V2,full,20261724,20261592,72,20,6,72,72,0,72,864,0.0,1.0,0.9268688362652375,0.837124,0.9174287704561002,0.99654,31,6,-0.17610507889039514
1.0,15,fresh_bandit_v2,synthetic_identity_bustout|0.79|0.79|0.05|0.05|0.8|0.32|0.71,synthetic_identity_bustout,-0.1893426,0.99654,True,0.0,1.0,0.905077593597797,12,False,0.0,0.0,-0.16,-0.03,0.0,0.0,-0.19,20260815,V2,full,20261724,20261592,72,20,6,72,72,0,72,864,0.0,1.0,0.9268688362652375,0.837124,0.9174287704561002,0.99654,31,6,-0.17610507889039514
1.0,16,fresh_bandit_v2,fake_merchant_collusion|0.45|1.94|0.34|0.05|0.98|0.63|0.96,fake_merchant_collusion,-0.1878931967792465,0.9889115619960342,True,0.0,1.0,0.8995962780344743,12,False,0.0,0.0,-0.16,-0.03,0.0,0.0,-0.19,20260815,V2,full,20261724,20261592,72,20,6,72,72,0,72,864,0.0,1.0,0.9268688362652375,0.837124,0.9174287704561002,0.99654,31,6,-0.17610507889039514
1.0,17,fresh_bandit_v2,agentic_intent_hijack|1.11|1.18|0.24|0.17|0.53|0.41|0.9,agentic_intent_hijack,-0.16626377138045192,0.875072480949747,True,0.0,1.0,0.9203193791609784,12,False,0.0,0.0,-0.16,-0.03,0.0,0.0,-0.19,20260815,V2,full,20261724,20261592,72,20,6,72,72,0,72,864,0.0,1.0,0.9268688362652375,0.837124,0.9174287704561002,0.99654,31,6,-0.17610507889039514
1.0,18,fresh_bandit_v2,fake_merchant_collusion|1.63|0.98|0.38|0.66|0.9|0.55|0.83,fake_merchant_collusion,-0.18110476757580746,0.9531829872410919,True,0.0,1.0,0.9267056003438562,12,False,0.0,0.0,-0.16,-0.03,0.0,0.0,-0.19,20260815,V2,full,20261724,20261592,72,20,6,72,72,0,72,864,0.0,1.0,0.9268688362652375,0.837124,0.9174287704561002,0.99654,31,6,-0.17610507889039514
1.0,19,fresh_bandit_v2,synthetic_identity_bustout|1.57|0.6|0.11|0.19|0.1|0.68|0.47,synthetic_identity_bustout,-0.17676012966166724,0.9303164719035117,True,0.0,1.0,0.9032921627635916,12,False,0.0,0.0,-0.16,-0.03,0.0,0.0,-0.19,20260815,V2,full,20261724,20261592,72,20,6,72,72,0,72,864,0.0,1.0,0.9268688362652375,0.837124,0.9174287704561002,0.99654,31,6,-0.17610507889039514
1.0,20,fresh_bandit_v2,ai_app_scam_mule|0.84|1.22|0.14|0.21|0.54|0.83|0.89,ai_app_scam_mule,-0.1671120779122147,0.8795372521695509,True,0.0,1.0,0.9350466820534717,12,False,0.0,0.0,-0.16,-0.03,0.0,0.0,-0.19,20260815,V2,full,20261724,20261592,72,20,6,72,72,0,72,864,0.0,1.0,0.9268688362652375,0.837124,0.9174287704561002,0.99654,31,6,-0.17610507889039514
1.0,21,fresh_bandit_v2,synthetic_identity_bustout|1.66|1.02|0.72|0.13|0.53|0.69|0.66,synthetic_identity_bustout,-0.1749325045184389,0.92069739220231,True,0.0,1.0,0.9137038900740139,12,False,0.0,0.0,-0.16,-0.03,0.0,0.0,-0.19,20260815,V2,full,20261724,20261592,72,20,6,72,72,0,72,864,0.0,1.0,0.9268688362652375,0.837124,0.9174287704561002,0.99654,31,6,-0.17610507889039514
1.0,22,fresh_bandit_v2,deepfake_account_takeover|0.96|2.08|0.58|0.75|0.3|0.98|0.53,deepfake_account_takeover,-0.17459979151174565,0.9189462711144507,True,0.0,1.0,0.9243532493986781,12,False,0.0,0.0,-0.16,-0.03,0.0,0.0,-0.19,20260815,V2,full,20261724,20261592,72,20,6,72,72,0,72,864,0.0,1.0,0.9268688362652375,0.837124,0.9174287704561002,0.99654,31,6,-0.17610507889039514
1.0,23,fresh_bandit_v2,agentic_intent_hijack|0.45|0.59|0.56|0.2|0.98|0.88|0.66,agentic_intent_hijack,-0.17092750922324096,0.899618469596005,True,0.0,1.0,0.9318080335624309,12,False,0.0,0.0,-0.16,-0.03,0.0,0.0,-0.19,20260815,V2,full,20261724,20261592,72,20,6,72,72,0,72,864,0.0,1.0,0.9268688362652375,0.837124,0.9174287704561002,0.99654,31,6,-0.17610507889039514
1.0,24,fresh_bandit_v2,adaptive_card_testing|1.86|1.34|0.54|0.28|0.88|0.6|0.55,adaptive_card_testing,-0.1887403800900253,0.9933704215264489,True,0.0,1.0,0.8879166551904999,12,False,0.0,0.0,-0.16,-0.03,0.0,0.0,-0.19,20260815,V2,full,20261724,20261592,72,20,6,72,72,0,72,864,0.0,1.0,0.9268688362652375,0.837124,0.9174287704561002,0.99654,31,6,-0.17610507889039514
1.0,25,fresh_bandit_v2,deepfake_account_takeover|1.51|0.46|0.86|0.42|0.38|0.79|0.66,deepfake_account_takeover,-0.16945185362509038,0.8918518611846862,True,0.0,1.0,0.9398887543630062,12,False,0.0,0.0,-0.16,-0.03,0.0,0.0,-0.19,20260815,V2,full,20261724,20261592,72,20,6,72,72,0,72,864,0.0,1.0,0.9268688362652375,0.837124,0.9174287704561002,0.99654,31,6,-0.17610507889039514
1.0,26,fresh_bandit_v2,ai_app_scam_mule|0.46|1.07|0.13|0.98|0.51|0.69|0.7,ai_app_scam_mule,-0.1709654980730635,0.8998184109108605,True,0.0,1.0,0.9368260353126665,12,False,0.0,0.0,-0.16,-0.03,0.0,0.0,-0.19,20260815,V2,full,20261724,20261592,72,20,6,72,72,0,72,864,0.0,1.0,0.9268688362652375,0.837124,0.9174287704561002,0.99654,31,6,-0.17610507889039514
1.0,27,fresh_bandit_v2,adaptive_card_testing|1.3|0.73|0.05|0.05|0.17|0.93|0.49,adaptive_card_testing,-0.1817426,0.95654,True,0.0,1.0,0.8839873953835401,12,False,0.0,0.0,-0.16,-0.03,0.0,0.0,-0.19,20260815,V2,full,20261724,20261592,72,20,6,72,72,0,72,864,0.0,1.0,0.9268688362652375,0.837124,0.9174287704561002,0.99654,31,6,-0.17610507889039514
1.0,28,fresh_bandit_v2,adaptive_card_testing|0.94|0.81|0.83|0.41|0.19|0.6|0.59,adaptive_card_testing,-0.18308547254064342,0.9636077502139127,True,0.0,1.0,0.9023181972020154,12,False,0.0,0.0,-0.16,-0.03,0.0,0.0,-0.19,20260815,V2,full,20261724,20261592,72,20,6,72,72,0,72,864,0.0,1.0,0.9268688362652375,0.837124,0.9174287704561002,0.99654,31,6,-0.17610507889039514
1.0,29,fresh_bandit_v2,ai_app_scam_mule|2.2|0.58|0.05|0.95|0.58|0.57|0.57,ai_app_scam_mule,-0.16942718918833574,0.8917220483596617,True,0.0,1.0,0.9452825593019378,12,False,0.0,0.0,-0.16,-0.03,0.0,0.0,-0.19,20260815,V2,full,20261724,20261592,72,20,6,72,72,0,72,864,0.0,1.0,0.9268688362652375,0.837124,0.9174287704561002,0.99654,31,6,-0.17610507889039514
1.0,30,fresh_bandit_v2,synthetic_identity_bustout|1.0|0.75|0.05|0.07|0.98|0.7|0.98,synthetic_identity_bustout,-0.18420287555610895,0.9694888187163629,True,0.0,1.0,0.903126485939108,12,False,0.0,0.0,-0.16,-0.03,0.0,0.0,-0.19,20260815,V2,full,20261724,20261592,72,20,6,72,72,0,72,864,0.0,1.0,0.9268688362652375,0.837124,0.9174287704561002,0.99654,31,6,-0.17610507889039514
1.0,31,fresh_bandit_v2,fake_merchant_collusion|0.8|0.65|0.27|0.09|0.76|0.98|0.59,fake_merchant_collusion,-0.1867788019063391,0.9830463258228375,True,0.0,1.0,0.9053260205392699,12,False,0.0,0.0,-0.16,-0.03,0.0,0.0,-0.19,20260815,V2,full,20261724,20261592,72,20,6,72,72,0,72,864,0.0,1.0,0.9268688362652375,0.837124,0.9174287704561002,0.99654,31,6,-0.17610507889039514
1.0,32,fresh_bandit_v2,agentic_intent_hijack|1.11|1.18|0.24|0.17|0.53|0.41|0.9,agentic_intent_hijack,-0.17006377138045192,0.895072480949747,True,0.0,1.0,0.9256720152686252,12,False,0.0,0.0,-0.16,-0.03,0.0,0.0,-0.19,20260815,V2,full,20261724,20261592,72,20,6,72,72,0,72,864,0.0,1.0,0.9268688362652375,0.837124,0.9174287704561002,0.99654,31,6,-0.17610507889039514
1.0,33,fresh_bandit_v2,deepfake_account_takeover|0.7|0.95|0.43|0.21|0.62|0.58|0.71,deepfake_account_takeover,-0.17441727969662432,0.9179856826138122,True,0.0,1.0,0.9282422762157774,12,False,0.0,0.0,-0.16,-0.03,0.0,0.0,-0.19,20260815,V2,full,20261724,20261592,72,20,6,72,72,0,72,864,0.0,1.0,0.9268688362652375,0.837124,0.9174287704561002,0.99654,31,6,-0.17610507889039514
1.0,34,fresh_bandit_v2,deepfake_account_takeover|0.96|2.08|0.58|0.75|0.3|0.98|0.53,deepfake_account_takeover,-0.1717497915117456,0.9039462711144506,True,0.0,1.0,0.9281868152556902,12,False,0.0,0.0,-0.16,-0.03,0.0,0.0,-0.19,20260815,V2,full,20261724,20261592,72,20,6,72,72,0,72,864,0.0,1.0,0.9268688362652375,0.837124,0.9174287704561002,0.99654,31,6,-0.17610507889039514
1.0,35,fresh_bandit_v2,ai_app_scam_mule|0.85|1.1|0.27|0.86|0.05|0.71|0.47,ai_app_scam_mule,-0.165690368782738,0.8720545725407263,True,0.0,1.0,0.9329762503414322,12,False,0.0,0.0,-0.16,-0.03,0.0,0.0,-0.19,20260815,V2,full,20261724,20261592,72,20,6,72,72,0,72,864,0.0,1.0,0.9268688362652375,0.837124,0.9174287704561002,0.99654,31,6,-0.17610507889039514
1.0,36,fresh_bandit_v2,fake_merchant_collusion|1.63|0.98|0.38|0.66|0.9|0.55|0.83,fake_merchant_collusion,-0.18702023242419255,0.9843170127589081,True,0.0,1.0,0.9265996117196736,12,False,0.0,0.0,-0.16,-0.03,0.0,0.0,-0.19,20260815,V2,full,20261724,20261592,72,20,6,72,72,0,72,864,0.0,1.0,0.9268688362652375,0.837124,0.9174287704561002,0.99654,31,6,-0.17610507889039514
1.0,37,fresh_bandit_v2,agentic_intent_hijack|1.35|1.91|0.29|0.05|0.98|0.9|0.82,agentic_intent_hijack,-0.17325565307669377,0.9118718582983882,True,0.0,1.0,0.9278851148491434,12,False,0.0,0.0,-0.16,-0.03,0.0,0.0,-0.19,20260815,V2,full,20261724,20261592,72,20,6,72,72,0,72,864,0.0,1.0,0.9268688362652375,0.837124,0.9174287704561002,0.99654,31,6,-0.17610507889039514
1.0,38,fresh_bandit_v2,adaptive_card_testing|0.46|1.19|0.35|0.05|0.7|0.71|0.55,adaptive_card_testing,-0.18682381249137972,0.9832832236388407,True,0.0,1.0,0.897476287246281,12,False,0.0,0.0,-0.16,-0.03,0.0,0.0,-0.19,20260815,V2,full,20261724,20261592,72,20,6,72,72,0,72,864,0.0,1.0,0.9268688362652375,0.837124,0.9174287704561002,0.99654,31,6,-0.17610507889039514
1.0,39,fresh_bandit_v2,synthetic_identity_bustout|1.66|1.02|0.72|0.13|0.53|0.69|0.66,synthetic_identity_bustout,-0.18606749548156112,0.9793026077976901,True,0.0,1.0,0.9180255089514991,12,False,0.0,0.0,-0.16,-0.03,0.0,0.0,-0.19,20260815,V2,full,20261724,20261592,72,20,6,72,72,0,72,864,0.0,1.0,0.9268688362652375,0.837124,0.9174287704561002,0.99654,31,6,-0.17610507889039514
1.0,40,fresh_bandit_v2,agentic_intent_hijack|0.45|0.59|0.56|0.2|0.98|0.88|0.66,agentic_intent_hijack,-0.17297249077675902,0.9103815304039948,True,0.0,1.0,0.9413702668751815,12,False,0.0,0.0,-0.16,-0.03,0.0,0.0,-0.19,20260815,V2,full,20261724,20261592,72,20,6,72,72,0,72,864,0.0,1.0,0.9268688362652375,0.837124,0.9174287704561002,0.99654,31,6,-0.17610507889039514
1.0,41,fresh_bandit_v2,ai_app_scam_mule|2.2|0.58|0.05|0.95|0.58|0.57|0.57,ai_app_scam_mule,-0.16705218918833573,0.8792220483596617,True,0.0,1.0,0.9473666512085894,12,False,0.0,0.0,-0.16,-0.03,0.0,0.0,-0.19,20260815,V2,full,20261724,20261592,72,20,6,72,72,0,72,864,0.0,1.0,0.9268688362652375,0.837124,0.9174287704561002,0.99654,31,6,-0.17610507889039514
1.0,42,fresh_bandit_v2,deepfake_account_takeover|1.51|0.46|0.86|0.42|0.38|0.79|0.66,deepfake_account_takeover,-0.16992685362509038,0.8943518611846862,True,0.0,1.0,0.9397328309453598,12,False,0.0,0.0,-0.16,-0.03,0.0,0.0,-0.19,20260815,V2,full,20261724,20261592,72,20,6,72,72,0,72,864,0.0,1.0,0.9268688362652375,0.837124,0.9174287704561002,0.99654,31,6,-0.17610507889039514
1.0,43,fresh_bandit_v2,deepfake_account_takeover|2.2|1.35|0.57|0.36|0.79|0.98|0.67,deepfake_account_takeover,-0.17060211391133417,0.8979058626912325,True,0.0,1.0,0.939061931067071,12,False,0.0,0.0,-0.16,-0.03,0.0,0.0,-0.19,20260815,V2,full,20261724,20261592,72,20,6,72,72,0,72,864,0.0,1.0,0.9268688362652375,0.837124,0.9174287704561002,0.99654,31,6,-0.17610507889039514
1.0,44,fresh_bandit_v2,synthetic_identity_bustout|1.57|0.6|0.11|0.19|0.1|0.68|0.47,synthetic_identity_bustout,-0.18056012966166726,0.9503164719035119,True,0.0,1.0,0.9116306837599094,12,False,0.0,0.0,-0.16,-0.03,0.0,0.0,-0.19,20260815,V2,full,20261724,20261592,72,20,6,72,72,0,72,864,0.0,1.0,0.9268688362652375,0.837124,0.9174287704561002,0.99654,31,6,-0.17610507889039514
1.0,45,fresh_bandit_v2,synthetic_identity_bustout|0.54|1.39|0.38|0.43|0.48|0.91|0.98,synthetic_identity_bustout,-0.18420096541185235,0.9694787653255387,True,0.0,1.0,0.9032858344496578,12,False,0.0,0.0,-0.16,-0.03,0.0,0.0,-0.19,20260815,V2,full,20261724,20261592,72,20,6,72,72,0,72,864,0.0,1.0,0.9268688362652375,0.837124,0.9174287704561002,0.99654,31,6,-0.17610507889039514
1.0,46,fresh_bandit_v2,ai_app_scam_mule|0.84|1.22|0.14|0.21|0.54|0.83|0.89,ai_app_scam_mule,-0.1732870779122147,0.912037252169551,True,0.0,1.0,0.9342023400812783,12,False,0.0,0.0,-0.16,-0.03,0.0,0.0,-0.19,20260815,V2,full,20261724,20261592,72,20,6,72,72,0,72,864,0.0,1.0,0.9268688362652375,0.837124,0.9174287704561002,0.99654,31,6,-0.17610507889039514
1.0,47,fresh_bandit_v2,deepfake_account_takeover|0.91|1.27|0.73|0.84|0.06|0.98|0.64,deepfake_account_takeover,-0.17304099365782807,0.9107420718833057,True,0.0,1.0,0.9354146475889317,12,False,0.0,0.0,-0.16,-0.03,0.0,0.0,-0.19,20260815,V2,full,20261724,20261592,72,20,6,72,72,0,72,864,0.0,1.0,0.9268688362652375,0.837124,0.9174287704561002,0.99654,31,6,-0.17610507889039514
1.0,48,fresh_bandit_v2,adaptive_card_testing|1.3|0.73|0.05|0.05|0.17|0.93|0.49,adaptive_card_testing,-0.1826926,0.9615400000000001,True,0.0,1.0,0.8908634582929107,12,False,0.0,0.0,-0.16,-0.03,0.0,0.0,-0.19,20260815,V2,full,20261724,20261592,72,20,6,72,72,0,72,864,0.0,1.0,0.9268688362652375,0.837124,0.9174287704561002,0.99654,31,6,-0.17610507889039514
1.0,49,fresh_bandit_v2,fake_merchant_collusion|0.45|1.94|0.34|0.05|0.98|0.63|0.96,fake_merchant_collusion,-0.1878931967792465,0.9889115619960342,True,0.0,1.0,0.8796873894480975,12,False,0.0,0.0,-0.16,-0.03,0.0,0.0,-0.19,20260815,V2,full,20261724,20261592,72,20,6,72,72,0,72,864,0.0,1.0,0.9268688362652375,0.837124,0.9174287704561002,0.99654,31,6,-0.17610507889039514
1.0,50,fresh_bandit_v2,agentic_intent_hijack|1.11|1.18|0.24|0.17|0.53|0.41|0.9,agentic_intent_hijack,-0.17006377138045192,0.895072480949747,True,0.0,1.0,0.9151279358174126,12,False,0.0,0.0,-0.16,-0.03,0.0,0.0,-0.19,20260815,V2,full,20261724,20261592,72,20,6,72,72,0,72,864,0.0,1.0,0.9268688362652375,0.837124,0.9174287704561002,0.99654,31,6,-0.17610507889039514
1.0,51,fresh_bandit_v2,ai_app_scam_mule|0.91|0.59|0.44|0.88|0.32|0.53|0.76,ai_app_scam_mule,-0.172078682536084,0.9056772765057053,True,0.0,1.0,0.9406693643617791,12,False,0.0,0.0,-0.16,-0.03,0.0,0.0,-0.19,20260815,V2,full,20261724,20261592,72,20,6,72,72,0,72,864,0.0,1.0,0.9268688362652375,0.837124,0.9174287704561002,0.99654,31,6,-0.17610507889039514
1.0,52,fresh_bandit_v2,synthetic_identity_bustout|0.79|0.79|0.05|0.05|0.8|0.32|0.71,synthetic_identity_bustout,-0.18554260000000003,0.9765400000000001,True,0.0,1.0,0.9024965178687913,12,False,0.0,0.0,-0.16,-0.03,0.0,0.0,-0.19,20260815,V2,full,20261724,20261592,72,20,6,72,72,0,72,864,0.0,1.0,0.9268688362652375,0.837124,0.9174287704561002,0.99654,31,6,-0.17610507889039514
1.0,53,fresh_bandit_v2,agentic_intent_hijack|0.45|0.59|0.56|0.2|0.98|0.88|0.66,agentic_intent_hijack,-0.17187750922324097,0.9046184695960051,True,0.0,1.0,0.928806393974809,12,False,0.0,0.0,-0.16,-0.03,0.0,0.0,-0.19,20260815,V2,full,20261724,20261592,72,20,6,72,72,0,72,864,0.0,1.0,0.9268688362652375,0.837124,0.9174287704561002,0.99654,31,6,-0.17610507889039514
1.0,54,fresh_bandit_v2,deepfake_account_takeover|0.96|2.08|0.58|0.75|0.3|0.98|0.53,deepfake_account_takeover,-0.16937479151174561,0.8914462711144506,True,0.0,1.0,0.9373892738210117,12,False,0.0,0.0,-0.16,-0.03,0.0,0.0,-0.19,20260815,V2,full,20261724,20261592,72,20,6,72,72,0,72,864,0.0,1.0,0.9268688362652375,0.837124,0.9174287704561002,0.99654,31,6,-0.17610507889039514
1.0,55,fresh_bandit_v2,adaptive_card_testing|1.86|1.34|0.54|0.28|0.88|0.6|0.55,adaptive_card_testing,-0.18650961990997467,0.9816295784735509,True,0.0,1.0,0.9024191527921867,12,False,0.0,0.0,-0.16,-0.03,0.0,0.0,-0.19,20260815,V2,full,20261724,20261592,72,20,6,72,72,0,72,864,0.0,1.0,0.9268688362652375,0.837124,0.9174287704561002,0.99654,31,6,-0.17610507889039514
1.0,56,fresh_bandit_v2,deepfake_account_takeover|1.24|1.59|0.98|0.12|0.33|0.74|0.85,deepfake_account_takeover,-0.16190355999999997,0.8521239999999999,True,0.0,1.0,0.9363289875473001,12,False,0.0,0.0,-0.16,-0.03,0.0,0.0,-0.19,20260815,V2,full,20261724,20261592,72,20,6,72,72,0,72,864,0.0,1.0,0.9268688362652375,0.837124,0.9174287704561002,0.99654,31,6,-0.17610507889039514
1.0,57,fresh_bandit_v2,ai_app_scam_mule|0.85|1.1|0.27|0.86|0.05|0.71|0.47,ai_app_scam_mule,-0.159990368782738,0.8420545725407264,True,0.0,1.0,0.9339515547390637,12,False,0.0,0.0,-0.16,-0.03,0.0,0.0,-0.19,20260815,V2,full,20261724,20261592,72,20,6,72,72,0,72,864,0.0,1.0,0.9268688362652375,0.837124,0.9174287704561002,0.99654,31,6,-0.17610507889039514
1.0,58,fresh_bandit_v2,adaptive_card_testing|0.94|0.81|0.83|0.41|0.19|0.6|0.59,adaptive_card_testing,-0.1792854725406434,0.9436077502139126,True,0.0,1.0,0.9056925182288076,12,False,0.0,0.0,-0.16,-0.03,0.0,0.0,-0.19,20260815,V2,full,20261724,20261592,72,20,6,72,72,0,72,864,0.0,1.0,0.9268688362652375,0.837124,0.9174287704561002,0.99654,31,6,-0.17610507889039514
1.0,59,fresh_bandit_v2,fake_merchant_collusion|1.63|0.98|0.38|0.66|0.9|0.55|0.83,fake_merchant_collusion,-0.18252976757580747,0.9606829872410919,True,0.0,1.0,0.9299812506169035,12,False,0.0,0.0,-0.16,-0.03,0.0,0.0,-0.19,20260815,V2,full,20261724,20261592,72,20,6,72,72,0,72,864,0.0,1.0,0.9268688362652375,0.837124,0.9174287704561002,0.99654,31,6,-0.17610507889039514
1.0,60,fresh_bandit_v2,deepfake_account_takeover|1.51|0.46|0.86|0.42|0.38|0.79|0.66,deepfake_account_takeover,-0.16897685362509038,0.8893518611846862,True,0.0,1.0,0.9434459029250969,12,False,0.0,0.0,-0.16,-0.03,0.0,0.0,-0.19,20260815,V2,full,20261724,20261592,72,20,6,72,72,0,72,864,0.0,1.0,0.9268688362652375,0.837124,0.9174287704561002,0.99654,31,6,-0.17610507889039514
1.0,61,fresh_bandit_v2,synthetic_identity_bustout|0.54|1.39|0.38|0.43|0.48|0.91|0.98,synthetic_identity_bustout,-0.18582403458814767,0.9780212346744613,True,0.0,1.0,0.9109731929608079,12,False,0.0,0.0,-0.16,-0.03,0.0,0.0,-0.19,20260815,V2,full,20261724,20261592,72,20,6,72,72,0,72,864,0.0,1.0,0.9268688362652375,0.837124,0.9174287704561002,0.99654,31,6,-0.17610507889039514
1.0,62,fresh_bandit_v2,fake_merchant_collusion|0.8|0.65|0.27|0.09|0.76|0.98|0.59,fake_merchant_collusion,-0.18867880190633912,0.9930463258228375,True,0.0,1.0,0.8930193341275176,12,False,0.0,0.0,-0.16,-0.03,0.0,0.0,-0.19,20260815,V2,full,20261724,20261592,72,20,6,72,72,0,72,864,0.0,1.0,0.9268688362652375,0.837124,0.9174287704561002,0.99654,31,6,-0.17610507889039514
1.0,63,fresh_bandit_v2,synthetic_identity_bustout|1.66|1.02|0.72|0.13|0.53|0.69|0.66,synthetic_identity_bustout,-0.17730750451843888,0.9331973922023099,True,0.0,1.0,0.9204816064365691,12,False,0.0,0.0,-0.16,-0.03,0.0,0.0,-0.19,20260815,V2,full,20261724,20261592,72,20,6,72,72,0,72,864,0.0,1.0,0.9268688362652375,0.837124,0.9174287704561002,0.99654,31,6,-0.17610507889039514
1.0,64,fresh_bandit_v2,ai_app_scam_mule|2.2|0.58|0.05|0.95|0.58|0.57|0.57,ai_app_scam_mule,-0.16657718918833572,0.8767220483596617,True,0.0,1.0,0.9444806041445832,12,False,0.0,0.0,-0.16,-0.03,0.0,0.0,-0.19,20260815,V2,full,20261724,20261592,72,20,6,72,72,0,72,864,0.0,1.0,0.9268688362652375,0.837124,0.9174287704561002,0.99654,31,6,-0.17610507889039514
1.0,65,fresh_bandit_v2,ai_app_scam_mule|0.84|1.22|0.14|0.21|0.54|0.83|0.89,ai_app_scam_mule,-0.16473707791221467,0.867037252169551,True,0.0,1.0,0.9339315524482741,12,False,0.0,0.0,-0.16,-0.03,0.0,0.0,-0.19,20260815,V2,full,20261724,20261592,72,20,6,72,72,0,72,864,0.0,1.0,0.9268688362652375,0.837124,0.9174287704561002,0.99654,31,6,-0.17610507889039514
1.0,66,fresh_bandit_v2,agentic_intent_hijack|1.35|1.91|0.29|0.05|0.98|0.9|0.82,agentic_intent_hijack,-0.17420565307669375,0.9168718582983881,True,0.0,1.0,0.9285435510388672,12,False,0.0,0.0,-0.16,-0.03,0.0,0.0,-0.19,20260815,V2,full,20261724,20261592,72,20,6,72,72,0,72,864,0.0,1.0,0.9268688362652375,0.837124,0.9174287704561002,0.99654,31,6,-0.17610507889039514
1.0,67,fresh_bandit_v2,deepfake_account_takeover|0.7|0.95|0.43|0.21|0.62|0.58|0.71,deepfake_account_takeover,-0.17299227969662434,0.9104856826138122,True,0.0,1.0,0.9387723884875374,12,False,0.0,0.0,-0.16,-0.03,0.0,0.0,-0.19,20260815,V2,full,20261724,20261592,72,20,6,72,72,0,72,864,0.0,1.0,0.9268688362652375,0.837124,0.9174287704561002,0.99654,31,6,-0.17610507889039514
1.0,68,fresh_bandit_v2,agentic_intent_hijack|0.45|0.59|0.56|0.2|0.98|0.88|0.66,agentic_intent_hijack,-0.17472750922324096,0.919618469596005,True,0.0,1.0,0.9312533971463802,12,False,0.0,0.0,-0.16,-0.03,0.0,0.0,-0.19,20260815,V2,full,20261724,20261592,72,20,6,72,72,0,72,864,0.0,1.0,0.9268688362652375,0.837124,0.9174287704561002,0.99654,31,6,-0.17610507889039514
1.0,69,fresh_bandit_v2,ai_app_scam_mule|0.46|1.07|0.13|0.98|0.51|0.69|0.7,ai_app_scam_mule,-0.1647904980730635,0.8673184109108605,True,0.0,1.0,0.9465629455154373,12,False,0.0,0.0,-0.16,-0.03,0.0,0.0,-0.19,20260815,V2,full,20261724,20261592,72,20,6,72,72,0,72,864,0.0,1.0,0.9268688362652375,0.837124,0.9174287704561002,0.99654,31,6,-0.17610507889039514
1.0,70,fresh_bandit_v2,adaptive_card_testing|0.96|0.56|0.16|0.1|0.72|0.73|0.75,adaptive_card_testing,-0.18808320088625832,0.9899115836118859,True,0.0,1.0,0.9103541306465842,12,False,0.0,0.0,-0.16,-0.03,0.0,0.0,-0.19,20260815,V2,full,20261724,20261592,72,20,6,72,72,0,72,864,0.0,1.0,0.9268688362652375,0.837124,0.9174287704561002,0.99654,31,6,-0.17610507889039514
1.0,71,fresh_bandit_v2,fake_merchant_collusion|0.52|1.16|0.3|0.16|0.56|0.59|0.63,fake_merchant_collusion,-0.1864907968065618,0.9815305095082201,True,0.0,1.0,0.8975869938112294,12,False,0.0,0.0,-0.16,-0.03,0.0,0.0,-0.19,20260815,V2,full,20261724,20261592,72,20,6,72,72,0,72,864,0.0,1.0,0.9268688362652375,0.837124,0.9174287704561002,0.99654,31,6,-0.17610507889039514
1.0,0,fresh_bandit_v2,fake_merchant_collusion|0.93|2.1|0.05|0.33|0.98|0.86|0.98,fake_merchant_collusion,-0.18991591568278296,0.9995574509620155,True,0.0,1.0,0.8924923449097603,12,False,0.0,0.0,-0.16,-0.03,0.0,0.0,-0.19,20260816,V2,full,20261725,20261593,72,20,6,72,72,0,72,864,0.0,1.0,0.9244475785445991,0.8307068791598036,0.9080653364009263,0.9995574509620155,37,6,-0.17564503992347383
1.0,1,fresh_bandit_v2,deepfake_account_takeover|1.13|0.52|0.94|0.63|0.5|0.51|0.67,deepfake_account_takeover,-0.172489830160322,0.9078412113701158,True,0.0,1.0,0.9398639458737926,12,False,0.0,0.0,-0.16,-0.03,0.0,0.0,-0.19,20260816,V2,full,20261725,20261593,72,20,6,72,72,0,72,864,0.0,1.0,0.9244475785445991,0.8307068791598036,0.9080653364009263,0.9995574509620155,37,6,-0.17564503992347383
1.0,2,fresh_bandit_v2,adaptive_card_testing|0.45|1.71|0.1|0.05|0.51|0.55|0.71,adaptive_card_testing,-0.1797169972968638,0.9458789331413884,True,0.0,1.0,0.8665510492701332,12,False,0.0,0.0,-0.16,-0.03,0.0,0.0,-0.19,20260816,V2,full,20261725,20261593,72,20,6,72,72,0,72,864,0.0,1.0,0.9244475785445991,0.8307068791598036,0.9080653364009263,0.9995574509620155,37,6,-0.17564503992347383
1.0,3,fresh_bandit_v2,ai_app_scam_mule|1.72|1.7|0.3|0.91|0.29|0.75|0.6,ai_app_scam_mule,-0.17083203339127484,0.899115965217236,True,0.0,1.0,0.9375853837681624,12,False,0.0,0.0,-0.16,-0.03,0.0,0.0,-0.19,20260816,V2,full,20261725,20261593,72,20,6,72,72,0,72,864,0.0,1.0,0.9244475785445991,0.8307068791598036,0.9080653364009263,0.9995574509620155,37,6,-0.17564503992347383
1.0,4,fresh_bandit_v2,agentic_intent_hijack|1.46|0.55|0.16|0.05|0.75|0.75|0.69,agentic_intent_hijack,-0.17189481456181965,0.9047095503253666,True,0.0,1.0,0.929325138283002,12,False,0.0,0.0,-0.16,-0.03,0.0,0.0,-0.19,20260816,V2,full,20261725,20261593,72,20,6,72,72,0,72,864,0.0,1.0,0.9244475785445991,0.8307068791598036,0.9080653364009263,0.9995574509620155,37,6,-0.17564503992347383
1.0,5,fresh_bandit_v2,ai_app_scam_mule|0.77|0.49|0.13|0.98|0.25|0.48|0.5,ai_app_scam_mule,-0.16095355999999997,0.8471239999999999,True,0.0,1.0,0.9425378463413944,12,False,0.0,0.0,-0.16,-0.03,0.0,0.0,-0.19,20260816,V2,full,20261725,20261593,72,20,6,72,72,0,72,864,0.0,1.0,0.9244475785445991,0.8307068791598036,0.9080653364009263,0.9995574509620155,37,6,-0.17564503992347383
1.0,6,fresh_bandit_v2,synthetic_identity_bustout|0.59|2.1|0.3|0.05|0.42|0.85|0.67,synthetic_identity_bustout,-0.18218256722253032,0.9588556169606859,True,0.0,1.0,0.8818964084309903,12,False,0.0,0.0,-0.16,-0.03,0.0,0.0,-0.19,20260816,V2,full,20261725,20261593,72,20,6,72,72,0,72,864,0.0,1.0,0.9244475785445991,0.8307068791598036,0.9080653364009263,0.9995574509620155,37,6,-0.17564503992347383
1.0,7,fresh_bandit_v2,adaptive_card_testing|1.21|0.81|0.63|0.05|0.05|0.57|0.64,adaptive_card_testing,-0.17876797484280832,0.9408840781200438,True,0.0,1.0,0.8839780509687903,12,False,0.0,0.0,-0.16,-0.03,0.0,0.0,-0.19,20260816,V2,full,20261725,20261593,72,20,6,72,72,0,72,864,0.0,1.0,0.9244475785445991,0.8307068791598036,0.9080653364009263,0.9995574509620155,37,6,-0.17564503992347383
1.0,8,fresh_bandit_v2,fake_merchant_collusion|1.63|0.49|0.35|0.32|0.98|0.87|0.69,fake_merchant_collusion,-0.18935608612475308,0.9966109796039635,True,0.0,1.0,0.9325185835835552,12,False,0.0,0.0,-0.16,-0.03,0.0,0.0,-0.19,20260816,V2,full,20261725,20261593,72,20,6,72,72,0,72,864,0.0,1.0,0.9244475785445991,0.8307068791598036,0.9080653364009263,0.9995574509620155,37,6,-0.17564503992347383
1.0,9,fresh_bandit_v2,synthetic_identity_bustout|1.74|0.73|0.05|0.34|0.52|0.62|0.86,synthetic_identity_bustout,-0.1774309518514166,0.9338471150074558,True,0.0,1.0,0.910018653565365,12,False,0.0,0.0,-0.16,-0.03,0.0,0.0,-0.19,20260816,V2,full,20261725,20261593,72,20,6,72,72,0,72,864,0.0,1.0,0.9244475785445991,0.8307068791598036,0.9080653364009263,0.9995574509620155,37,6,-0.17564503992347383
1.0,10,fresh_bandit_v2,deepfake_account_takeover|0.94|1.07|0.16|0.43|0.39|0.98|0.72,deepfake_account_takeover,-0.17113430704036267,0.9007068791598035,True,0.0,1.0,0.9398907600021137,12,False,0.0,0.0,-0.16,-0.03,0.0,0.0,-0.19,20260816,V2,full,20261725,20261593,72,20,6,72,72,0,72,864,0.0,1.0,0.9244475785445991,0.8307068791598036,0.9080653364009263,0.9995574509620155,37,6,-0.17564503992347383
1.0,11,fresh_bandit_v2,agentic_intent_hijack|0.81|1.48|0.57|0.05|0.72|0.59|0.89,agentic_intent_hijack,-0.16862049163685278,0.8874762717729093,True,0.0,1.0,0.9312237009627076,12,False,0.0,0.0,-0.16,-0.03,0.0,0.0,-0.19,20260816,V2,full,20261725,20261593,72,20,6,72,72,0,72,864,0.0,1.0,0.9244475785445991,0.8307068791598036,0.9080653364009263,0.9995574509620155,37,6,-0.17564503992347383
1.0,12,fresh_bandit_v2,fake_merchant_collusion|0.45|0.92|0.21|0.37|0.69|0.98|0.83,fake_merchant_collusion,-0.18844926058618133,0.9918382136114807,True,0.0,1.0,0.8791795644356514,12,False,0.0,0.0,-0.16,-0.03,0.0,0.0,-0.19,20260816,V2,full,20261725,20261593,72,20,6,72,72,0,72,864,0.0,1.0,0.9244475785445991,0.8307068791598036,0.9080653364009263,0.9995574509620155,37,6,-0.17564503992347383
1.0,13,fresh_bandit_v2,adaptive_card_testing|0.71|1.05|0.66|0.05|0.77|0.63|0.47,adaptive_card_testing,-0.18317725853261813,0.9640908343822007,True,0.0,1.0,0.9168501213230273,12,False,0.0,0.0,-0.16,-0.03,0.0,0.0,-0.19,20260816,V2,full,20261725,20261593,72,20,6,72,72,0,72,864,0.0,1.0,0.9244475785445991,0.8307068791598036,0.9080653364009263,0.9995574509620155,37,6,-0.17564503992347383
1.0,14,fresh_bandit_v2,deepfake_account_takeover|1.27|1.21|0.82|0.7|0.34|0.98|0.51,deepfake_account_takeover,-0.16639046143130773,0.8757392706910933,True,0.0,1.0,0.9428561516605088,12,False,0.0,0.0,-0.16,-0.03,0.0,0.0,-0.19,20260816,V2,full,20261725,20261593,72,20,6,72,72,0,72,864,0.0,1.0,0.9244475785445991,0.8307068791598036,0.9080653364009263,0.9995574509620155,37,6,-0.17564503992347383
1.0,15,fresh_bandit_v2,ai_app_scam_mule|0.7|0.94|0.63|0.86|0.61|0.91|0.59,ai_app_scam_mule,-0.17250552079198936,0.9079237936420492,True,0.0,1.0,0.9459142138648371,12,False,0.0,0.0,-0.16,-0.03,0.0,0.0,-0.19,20260816,V2,full,20261725,20261593,72,20,6,72,72,0,72,864,0.0,1.0,0.9244475785445991,0.8307068791598036,0.9080653364009263,0.9995574509620155,37,6,-0.17564503992347383
1.0,16,fresh_bandit_v2,agentic_intent_hijack|2.2|1.39|0.3|0.08|0.56|0.7|0.88,agentic_intent_hijack,-0.17403011121377446,0.9159479537567077,True,0.0,1.0,0.9181723894563851,12,False,0.0,0.0,-0.16,-0.03,0.0,0.0,-0.19,20260816,V2,full,20261725,20261593,72,20,6,72,72,0,72,864,0.0,1.0,0.9244475785445991,0.8307068791598036,0.9080653364009263,0.9995574509620155,37,6,-0.17564503992347383
1.0,17,fresh_bandit_v2,adaptive_card_testing|1.59|0.64|0.28|0.48|0.49|0.44|0.47,adaptive_card_testing,-0.1857682733501547,0.9777277544744984,True,0.0,1.0,0.9132311692019747,12,False,0.0,0.0,-0.16,-0.03,0.0,0.0,-0.19,20260816,V2,full,20261725,20261593,72,20,6,72,72,0,72,864,0.0,1.0,0.9244475785445991,0.8307068791598036,0.9080653364009263,0.9995574509620155,37,6,-0.17564503992347383
1.0,18,fresh_bandit_v2,fake_merchant_collusion|0.93|2.1|0.05|0.33|0.98|0.86|0.98,fake_merchant_collusion,-0.18913408431721704,0.9954425490379843,True,0.0,1.0,0.8950408100079691,12,False,0.0,0.0,-0.16,-0.03,0.0,0.0,-0.19,20260816,V2,full,20261725,20261593,72,20,6,72,72,0,72,864,0.0,1.0,0.9244475785445991,0.8307068791598036,0.9080653364009263,0.9995574509620155,37,6,-0.17564503992347383
1.0,19,fresh_bandit_v2,synthetic_identity_bustout|0.6|0.93|0.05|0.05|0.89|0.82|0.72,synthetic_identity_bustout,-0.18839260000000002,0.9915400000000001,True,0.0,1.0,0.9089904261051932,12,False,0.0,0.0,-0.16,-0.03,0.0,0.0,-0.19,20260816,V2,full,20261725,20261593,72,20,6,72,72,0,72,864,0.0,1.0,0.9244475785445991,0.8307068791598036,0.9080653364009263,0.9995574509620155,37,6,-0.17564503992347383
1.0,20,fresh_bandit_v2,fake_merchant_collusion|0.6|0.98|0.42|0.05|0.98|0.5|0.68,fake_merchant_collusion,-0.188801015658438,0.993689556097042,True,0.0,1.0,0.9063724094667952,12,False,0.0,0.0,-0.16,-0.03,0.0,0.0,-0.19,20260816,V2,full,20261725,20261593,72,20,6,72,72,0,72,864,0.0,1.0,0.9244475785445991,0.8307068791598036,0.9080653364009263,0.9995574509620155,37,6,-0.17564503992347383
1.0,21,fresh_bandit_v2,deepfake_account_takeover|1.13|0.52|0.94|0.63|0.5|0.51|0.67,deepfake_account_takeover,-0.168560169839678,0.8871587886298842,True,0.0,1.0,0.9426530984402063,12,False,0.0,0.0,-0.16,-0.03,0.0,0.0,-0.19,20260816,V2,full,20261725,20261593,72,20,6,72,72,0,72,864,0.0,1.0,0.9244475785445991,0.8307068791598036,0.9080653364009263,0.9995574509620155,37,6,-0.17564503992347383
1.0,22,fresh_bandit_v2,ai_app_scam_mule|0.77|0.49|0.13|0.98|0.25|0.48|0.5,ai_app_scam_mule,-0.16427855999999996,0.8646239999999998,True,0.0,1.0,0.9433537016110521,12,False,0.0,0.0,-0.16,-0.03,0.0,0.0,-0.19,20260816,V2,full,20261725,20261593,72,20,6,72,72,0,72,864,0.0,1.0,0.9244475785445991,0.8307068791598036,0.9080653364009263,0.9995574509620155,37,6,-0.17564503992347383
1.0,23,fresh_bandit_v2,adaptive_card_testing|1.21|0.81|0.63|0.05|0.05|0.57|0.64,adaptive_card_testing,-0.17781797484280834,0.9358840781200439,True,0.0,1.0,0.9079764225332164,12,False,0.0,0.0,-0.16,-0.03,0.0,0.0,-0.19,20260816,V2,full,20261725,20261593,72,20,6,72,72,0,72,864,0.0,1.0,0.9244475785445991,0.8307068791598036,0.9080653364009263,0.9995574509620155,37,6,-0.17564503992347383
1.0,24,fresh_bandit_v2,fake_merchant_collusion|1.63|0.49|0.35|0.32|0.98|0.87|0.69,fake_merchant_collusion,-0.18541891387524692,0.9758890203960364,True,0.0,1.0,0.9277906061838745,12,False,0.0,0.0,-0.16,-0.03,0.0,0.0,-0.19,20260816,V2,full,20261725,20261593,72,20,6,72,72,0,72,864,0.0,1.0,0.9244475785445991,0.8307068791598036,0.9080653364009263,0.9995574509620155,37,6,-0.17564503992347383
1.0,25,fresh_bandit_v2,agentic_intent_hijack|1.41|0.71|0.48|0.07|0.39|0.84|0.51,agentic_intent_hijack,-0.16672505374913862,0.8775002828902032,True,0.0,1.0,0.9340647305942591,12,False,0.0,0.0,-0.16,-0.03,0.0,0.0,-0.19,20260816,V2,full,20261725,20261593,72,20,6,72,72,0,72,864,0.0,1.0,0.9244475785445991,0.8307068791598036,0.9080653364009263,0.9995574509620155,37,6,-0.17564503992347383
1.0,26,fresh_bandit_v2,ai_app_scam_mule|1.72|1.7|0.3|0.91|0.29|0.75|0.6,ai_app_scam_mule,-0.16323203339127487,0.8591159652172361,True,0.0,1.0,0.9429178142763152,12,False,0.0,0.0,-0.16,-0.03,0.0,0.0,-0.19,20260816,V2,full,20261725,20261593,72,20,6,72,72,0,72,864,0.0,1.0,0.9244475785445991,0.8307068791598036,0.9080653364009263,0.9995574509620155,37,6,-0.17564503992347383
1.0,27,fresh_bandit_v2,agentic_intent_hijack|1.23|0.89|0.13|0.05|0.51|0.32|0.9,agentic_intent_hijack,-0.1703772247032918,0.8967222352804831,True,0.0,1.0,0.9252075794375157,12,False,0.0,0.0,-0.16,-0.03,0.0,0.0,-0.19,20260816,V2,full,20261725,20261593,72,20,6,72,72,0,72,864,0.0,1.0,0.9244475785445991,0.8307068791598036,0.9080653364009263,0.9995574509620155,37,6,-0.17564503992347383
1.0,28,fresh_bandit_v2,synthetic_identity_bustout|1.3|0.78|0.1|0.05|0.42|0.37|0.6,synthetic_identity_bustout,-0.17881822349937668,0.9411485447335615,True,0.0,1.0,0.9062227298837736,12,False,0.0,0.0,-0.16,-0.03,0.0,0.0,-0.19,20260816,V2,full,20261725,20261593,72,20,6,72,72,0,72,864,0.0,1.0,0.9244475785445991,0.8307068791598036,0.9080653364009263,0.9995574509620155,37,6,-0.17564503992347383
1.0,29,fresh_bandit_v2,adaptive_card_testing|1.59|0.64|0.28|0.48|0.49|0.44|0.47,adaptive_card_testing,-0.18900672664984527,0.9947722455255015,True,0.0,1.0,0.928316142199351,12,False,0.0,0.0,-0.16,-0.03,0.0,0.0,-0.19,20260816,V2,full,20261725,20261593,72,20,6,72,72,0,72,864,0.0,1.0,0.9244475785445991,0.8307068791598036,0.9080653364009263,0.9995574509620155,37,6,-0.17564503992347383
1.0,30,fresh_bandit_v2,ai_app_scam_mule|0.82|2.1|0.34|0.36|0.49|0.83|0.63,ai_app_scam_mule,-0.1685867782830567,0.8872988330687195,True,0.0,1.0,0.9196332229315813,12,False,0.0,0.0,-0.16,-0.03,0.0,0.0,-0.19,20260816,V2,full,20261725,20261593,72,20,6,72,72,0,72,864,0.0,1.0,0.9244475785445991,0.8307068791598036,0.9080653364009263,0.9995574509620155,37,6,-0.17564503992347383
1.0,31,fresh_bandit_v2,deepfake_account_takeover|0.94|1.07|0.16|0.43|0.39|0.98|0.72,deepfake_account_takeover,-0.1578343070403627,0.8307068791598036,True,0.0,1.0,0.93700338499026,12,False,0.0,0.0,-0.16,-0.03,0.0,0.0,-0.19,20260816,V2,full,20261725,20261593,72,20,6,72,72,0,72,864,0.0,1.0,0.9244475785445991,0.8307068791598036,0.9080653364009263,0.9995574509620155,37,6,-0.17564503992347383
1.0,32,fresh_bandit_v2,deepfake_account_takeover|0.87|0.98|0.98|0.41|0.57|0.55|0.51,deepfake_account_takeover,-0.16760355999999998,0.8821239999999999,True,0.0,1.0,0.9415827139577373,12,False,0.0,0.0,-0.16,-0.03,0.0,0.0,-0.19,20260816,V2,full,20261725,20261593,72,20,6,72,72,0,72,864,0.0,1.0,0.9244475785445991,0.8307068791598036,0.9080653364009263,0.9995574509620155,37,6,-0.17564503992347383
1.0,33,fresh_bandit_v2,fake_merchant_collusion|1.26|1.22|0.23|0.57|0.98|0.82|0.57,fake_merchant_collusion,-0.18623416853851055,0.9801798344132133,True,0.0,1.0,0.8950230321142256,12,False,0.0,0.0,-0.16,-0.03,0.0,0.0,-0.19,20260816,V2,full,20261725,20261593,72,20,6,72,72,0,72,864,0.0,1.0,0.9244475785445991,0.8307068791598036,0.9080653364009263,0.9995574509620155,37,6,-0.17564503992347383
1.0,34,fresh_bandit_v2,ai_app_scam_mule|0.73|1.48|0.26|0.6|0.29|0.44|0.8,ai_app_scam_mule,-0.1658636970376895,0.8729668265141552,True,0.0,1.0,0.9302279591356015,12,False,0.0,0.0,-0.16,-0.03,0.0,0.0,-0.19,20260816,V2,full,20261725,20261593,72,20,6,72,72,0,72,864,0.0,1.0,0.9244475785445991,0.8307068791598036,0.9080653364009263,0.9995574509620155,37,6,-0.17564503992347383
1.0,35,fresh_bandit_v2,adaptive_card_testing|0.45|1.71|0.1|0.05|0.51|0.55|0.71,adaptive_card_testing,-0.1839919972968638,0.9683789331413885,True,0.0,1.0,0.8722382722500308,12,False,0.0,0.0,-0.16,-0.03,0.0,0.0,-0.19,20260816,V2,full,20261725,20261593,72,20,6,72,72,0,72,864,0.0,1.0,0.9244475785445991,0.8307068791598036,0.9080653364009263,0.9995574509620155,37,6,-0.17564503992347383
1.0,36,fresh_bandit_v2,adaptive_card_testing|1.21|0.81|0.63|0.05|0.05|0.57|0.64,adaptive_card_testing,-0.18161797484280834,0.955884078120044,True,0.0,1.0,0.8887705239799685,12,False,0.0,0.0,-0.16,-0.03,0.0,0.0,-0.19,20260816,V2,full,20261725,20261593,72,20,6,72,72,0,72,864,0.0,1.0,0.9244475785445991,0.8307068791598036,0.9080653364009263,0.9995574509620155,37,6,-0.17564503992347383
1.0,37,fresh_bandit_v2,ai_app_scam_mule|0.77|0.49|0.13|0.98|0.25|0.48|0.5,ai_app_scam_mule,-0.16855356,0.8871239999999999,True,0.0,1.0,0.9452748221090137,12,False,0.0,0.0,-0.16,-0.03,0.0,0.0,-0.19,20260816,V2,full,20261725,20261593,72,20,6,72,72,0,72,864,0.0,1.0,0.9244475785445991,0.8307068791598036,0.9080653364009263,0.9995574509620155,37,6,-0.17564503992347383
1.0,38,fresh_bandit_v2,fake_merchant_collusion|0.45|0.92|0.21|0.37|0.69|0.98|0.83,fake_merchant_collusion,-0.18537573941381866,0.9756617863885193,True,0.0,1.0,0.9093088592423317,12,False,0.0,0.0,-0.16,-0.03,0.0,0.0,-0.19,20260816,V2,full,20261725,20261593,72,20,6,72,72,0,72,864,0.0,1.0,0.9244475785445991,0.8307068791598036,0.9080653364009263,0.9995574509620155,37,6,-0.17564503992347383
1.0,39,fresh_bandit_v2,agentic_intent_hijack|0.99|1.87|0.33|0.21|0.92|0.84|0.81,agentic_intent_hijack,-0.17111596922176006,0.9006103643250529,True,0.0,1.0,0.91632666716993,12,False,0.0,0.0,-0.16,-0.03,0.0,0.0,-0.19,20260816,V2,full,20261725,20261593,72,20,6,72,72,0,72,864,0.0,1.0,0.9244475785445991,0.8307068791598036,0.9080653364009263,0.9995574509620155,37,6,-0.17564503992347383
1.0,40,fresh_bandit_v2,deepfake_account_takeover|0.6|0.61|0.8|0.29|0.56|0.96|0.56,deepfake_account_takeover,-0.1691914331199543,0.8904812269471278,True,0.0,1.0,0.942517757914818,12,False,0.0,0.0,-0.16,-0.03,0.0,0.0,-0.19,20260816,V2,full,20261725,20261593,72,20,6,72,72,0,72,864,0.0,1.0,0.9244475785445991,0.8307068791598036,0.9080653364009263,0.9995574509620155,37,6,-0.17564503992347383
1.0,41,fresh_bandit_v2,synthetic_identity_bustout|0.59|2.1|0.3|0.05|0.42|0.85|0.67,synthetic_identity_bustout,-0.1807575672225303,0.9513556169606858,True,0.0,1.0,0.8811576952054453,12,False,0.0,0.0,-0.16,-0.03,0.0,0.0,-0.19,20260816,V2,full,20261725,20261593,72,20,6,72,72,0,72,864,0.0,1.0,0.9244475785445991,0.8307068791598036,0.9080653364009263,0.9995574509620155,37,6,-0.17564503992347383
1.0,42,fresh_bandit_v2,fake_merchant_collusion|0.6|0.98|0.42|0.05|0.98|0.5|0.68,fake_merchant_collusion,-0.18785101565843795,0.9886895560970419,True,0.0,1.0,0.9125777111176223,12,False,0.0,0.0,-0.16,-0.03,0.0,0.0,-0.19,20260816,V2,full,20261725,20261593,72,20,6,72,72,0,72,864,0.0,1.0,0.9244475785445991,0.8307068791598036,0.9080653364009263,0.9995574509620155,37,6,-0.17564503992347383
1.0,43,fresh_bandit_v2,deepfake_account_takeover|1.13|0.52|0.94|0.63|0.5|0.51|0.67,deepfake_account_takeover,-0.17153983016032198,0.9028412113701156,True,0.0,1.0,0.9419571245561124,12,False,0.0,0.0,-0.16,-0.03,0.0,0.0,-0.19,20260816,V2,full,20261725,20261593,72,20,6,72,72,0,72,864,0.0,1.0,0.9244475785445991,0.8307068791598036,0.9080653364009263,0.9995574509620155,37,6,-0.17564503992347383
1.0,44,fresh_bandit_v2,ai_app_scam_mule|0.77|0.49|0.13|0.98|0.25|0.48|0.5,ai_app_scam_mule,-0.16617855999999998,0.8746239999999998,True,0.0,1.0,0.9387094257076524,12,False,0.0,0.0,-0.16,-0.03,0.0,0.0,-0.19,20260816,V2,full,20261725,20261593,72,20,6,72,72,0,72,864,0.0,1.0,0.9244475785445991,0.8307068791598036,0.9080653364009263,0.9995574509620155,37,6,-0.17564503992347383
1.0,45,fresh_bandit_v2,adaptive_card_testing|1.21|0.81|0.63|0.05|0.05|0.57|0.64,adaptive_card_testing,-0.18161797484280834,0.955884078120044,True,0.0,1.0,0.898123973021177,12,False,0.0,0.0,-0.16,-0.03,0.0,0.0,-0.19,20260816,V2,full,20261725,20261593,72,20,6,72,72,0,72,864,0.0,1.0,0.9244475785445991,0.8307068791598036,0.9080653364009263,0.9995574509620155,37,6,-0.17564503992347383
1.0,46,fresh_bandit_v2,agentic_intent_hijack|1.23|0.89|0.13|0.05|0.51|0.32|0.9,agentic_intent_hijack,-0.1722772247032918,0.9067222352804831,True,0.0,1.0,0.9216076671683343,12,False,0.0,0.0,-0.16,-0.03,0.0,0.0,-0.19,20260816,V2,full,20261725,20261593,72,20,6,72,72,0,72,864,0.0,1.0,0.9244475785445991,0.8307068791598036,0.9080653364009263,0.9995574509620155,37,6,-0.17564503992347383
1.0,47,fresh_bandit_v2,synthetic_identity_bustout|1.74|0.73|0.05|0.34|0.52|0.62|0.86,synthetic_identity_bustout,-0.1883559518514166,0.9913471150074558,True,0.0,1.0,0.9107591560658723,12,False,0.0,0.0,-0.16,-0.03,0.0,0.0,-0.19,20260816,V2,full,20261725,20261593,72,20,6,72,72,0,72,864,0.0,1.0,0.9244475785445991,0.8307068791598036,0.9080653364009263,0.9995574509620155,37,6,-0.17564503992347383
1.0,48,fresh_bandit_v2,deepfake_account_takeover|0.94|1.07|0.16|0.43|0.39|0.98|0.72,deepfake_account_takeover,-0.17255930704036265,0.9082068791598035,True,0.0,1.0,0.9334288425044188,12,False,0.0,0.0,-0.16,-0.03,0.0,0.0,-0.19,20260816,V2,full,20261725,20261593,72,20,6,72,72,0,72,864,0.0,1.0,0.9244475785445991,0.8307068791598036,0.9080653364009263,0.9995574509620155,37,6,-0.17564503992347383
1.0,49,fresh_bandit_v2,ai_app_scam_mule|0.86|0.84|0.29|0.36|0.35|0.47|0.58,ai_app_scam_mule,-0.16963654470017112,0.8928239194745848,True,0.0,1.0,0.931245385629787,12,False,0.0,0.0,-0.16,-0.03,0.0,0.0,-0.19,20260816,V2,full,20261725,20261593,72,20,6,72,72,0,72,864,0.0,1.0,0.9244475785445991,0.8307068791598036,0.9080653364009263,0.9995574509620155,37,6,-0.17564503992347383
1.0,50,fresh_bandit_v2,fake_merchant_collusion|0.45|0.92|0.21|0.37|0.69|0.98|0.83,fake_merchant_collusion,-0.18749926058618133,0.9868382136114806,True,0.0,1.0,0.9000059782168562,12,False,0.0,0.0,-0.16,-0.03,0.0,0.0,-0.19,20260816,V2,full,20261725,20261593,72,20,6,72,72,0,72,864,0.0,1.0,0.9244475785445991,0.8307068791598036,0.9080653364009263,0.9995574509620155,37,6,-0.17564503992347383
1.0,51,fresh_bandit_v2,agentic_intent_hijack|1.41|0.71|0.48|0.07|0.39|0.84|0.51,agentic_intent_hijack,-0.1653000537491386,0.8700002828902031,True,0.0,1.0,0.9269954336452143,12,False,0.0,0.0,-0.16,-0.03,0.0,0.0,-0.19,20260816,V2,full,20261725,20261593,72,20,6,72,72,0,72,864,0.0,1.0,0.9244475785445991,0.8307068791598036,0.9080653364009263,0.9995574509620155,37,6,-0.17564503992347383
1.0,52,fresh_bandit_v2,ai_app_scam_mule|0.7|0.94|0.63|0.86|0.61|0.91|0.59,ai_app_scam_mule,-0.1732944792080106,0.9120762063579506,True,0.0,1.0,0.9430636240370981,12,False,0.0,0.0,-0.16,-0.03,0.0,0.0,-0.19,20260816,V2,full,20261725,20261593,72,20,6,72,72,0,72,864,0.0,1.0,0.9244475785445991,0.8307068791598036,0.9080653364009263,0.9995574509620155,37,6,-0.17564503992347383
1.0,53,fresh_bandit_v2,fake_merchant_collusion|1.63|0.49|0.35|0.32|0.98|0.87|0.69,fake_merchant_collusion,-0.18969391387524692,0.9983890203960364,True,0.0,1.0,0.9123202314820119,12,False,0.0,0.0,-0.16,-0.03,0.0,0.0,-0.19,20260816,V2,full,20261725,20261593,72,20,6,72,72,0,72,864,0.0,1.0,0.9244475785445991,0.8307068791598036,0.9080653364009263,0.9995574509620155,37,6,-0.17564503992347383
1.0,54,fresh_bandit_v2,deepfake_account_takeover|1.13|0.52|0.94|0.63|0.5|0.51|0.67,deepfake_account_takeover,-0.170460169839678,0.8971587886298842,True,0.0,1.0,0.942340363595672,12,False,0.0,0.0,-0.16,-0.03,0.0,0.0,-0.19,20260816,V2,full,20261725,20261593,72,20,6,72,72,0,72,864,0.0,1.0,0.9244475785445991,0.8307068791598036,0.9080653364009263,0.9995574509620155,37,6,-0.17564503992347383
1.0,55,fresh_bandit_v2,ai_app_scam_mule|1.72|1.7|0.3|0.91|0.29|0.75|0.6,ai_app_scam_mule,-0.17083203339127484,0.899115965217236,True,0.0,1.0,0.9414996394808854,12,False,0.0,0.0,-0.16,-0.03,0.0,0.0,-0.19,20260816,V2,full,20261725,20261593,72,20,6,72,72,0,72,864,0.0,1.0,0.9244475785445991,0.8307068791598036,0.9080653364009263,0.9995574509620155,37,6,-0.17564503992347383
1.0,56,fresh_bandit_v2,adaptive_card_testing|1.23|1.25|0.34|0.05|0.81|0.67|0.57,adaptive_card_testing,-0.18836591737439148,0.9913995651283762,True,0.0,1.0,0.8790025499028031,12,False,0.0,0.0,-0.16,-0.03,0.0,0.0,-0.19,20260816,V2,full,20261725,20261593,72,20,6,72,72,0,72,864,0.0,1.0,0.9244475785445991,0.8307068791598036,0.9080653364009263,0.9995574509620155,37,6,-0.17564503992347383
1.0,57,fresh_bandit_v2,ai_app_scam_mule|0.67|0.6|0.12|0.58|0.35|0.74|0.71,ai_app_scam_mule,-0.15991093278625493,0.8416364883487102,True,0.0,1.0,0.9365178267041929,12,False,0.0,0.0,-0.16,-0.03,0.0,0.0,-0.19,20260816,V2,full,20261725,20261593,72,20,6,72,72,0,72,864,0.0,1.0,0.9244475785445991,0.8307068791598036,0.9080653364009263,0.9995574509620155,37,6,-0.17564503992347383
1.0,58,fresh_bandit_v2,agentic_intent_hijack|1.23|0.89|0.13|0.05|0.51|0.32|0.9,agentic_intent_hijack,-0.1703772247032918,0.8967222352804831,True,0.0,1.0,0.9201662958964912,12,False,0.0,0.0,-0.16,-0.03,0.0,0.0,-0.19,20260816,V2,full,20261725,20261593,72,20,6,72,72,0,72,864,0.0,1.0,0.9244475785445991,0.8307068791598036,0.9080653364009263,0.9995574509620155,37,6,-0.17564503992347383
1.0,59,fresh_bandit_v2,deepfake_account_takeover|1.39|0.82|0.51|0.17|0.33|0.91|0.69,deepfake_account_takeover,-0.1668426097261671,0.8781189985587742,True,0.0,1.0,0.9377189821651865,12,False,0.0,0.0,-0.16,-0.03,0.0,0.0,-0.19,20260816,V2,full,20261725,20261593,72,20,6,72,72,0,72,864,0.0,1.0,0.9244475785445991,0.8307068791598036,0.9080653364009263,0.9995574509620155,37,6,-0.17564503992347383
1.0,60,fresh_bandit_v2,synthetic_identity_bustout|0.6|0.93|0.05|0.05|0.89|0.82|0.72,synthetic_identity_bustout,-0.1893426,0.99654,True,0.0,1.0,0.8910019832795218,12,False,0.0,0.0,-0.16,-0.03,0.0,0.0,-0.19,20260816,V2,full,20261725,20261593,72,20,6,72,72,0,72,864,0.0,1.0,0.9244475785445991,0.8307068791598036,0.9080653364009263,0.9995574509620155,37,6,-0.17564503992347383
1.0,61,fresh_bandit_v2,ai_app_scam_mule|0.73|1.48|0.26|0.6|0.29|0.44|0.8,ai_app_scam_mule,-0.1658636970376895,0.8729668265141552,True,0.0,1.0,0.9267154748858583,12,False,0.0,0.0,-0.16,-0.03,0.0,0.0,-0.19,20260816,V2,full,20261725,20261593,72,20,6,72,72,0,72,864,0.0,1.0,0.9244475785445991,0.8307068791598036,0.9080653364009263,0.9995574509620155,37,6,-0.17564503992347383
1.0,62,fresh_bandit_v2,fake_merchant_collusion|0.75|1.08|0.75|0.05|0.89|0.83|0.75,fake_merchant_collusion,-0.18785700291547908,0.9887210679762056,True,0.0,1.0,0.9283568904735043,12,False,0.0,0.0,-0.16,-0.03,0.0,0.0,-0.19,20260816,V2,full,20261725,20261593,72,20,6,72,72,0,72,864,0.0,1.0,0.9244475785445991,0.8307068791598036,0.9080653364009263,0.9995574509620155,37,6,-0.17564503992347383
1.0,63,fresh_bandit_v2,ai_app_scam_mule|0.77|0.49|0.13|0.98|0.25|0.48|0.5,ai_app_scam_mule,-0.16807856,0.884624,True,0.0,1.0,0.9414784042638539,12,False,0.0,0.0,-0.16,-0.03,0.0,0.0,-0.19,20260816,V2,full,20261725,20261593,72,20,6,72,72,0,72,864,0.0,1.0,0.9244475785445991,0.8307068791598036,0.9080653364009263,0.9995574509620155,37,6,-0.17564503992347383
1.0,64,fresh_bandit_v2,deepfake_account_takeover|0.99|1.26|0.75|0.57|0.13|0.94|0.73,deepfake_account_takeover,-0.17264241001879393,0.9086442632568101,True,0.0,1.0,0.9401640272734282,12,False,0.0,0.0,-0.16,-0.03,0.0,0.0,-0.19,20260816,V2,full,20261725,20261593,72,20,6,72,72,0,72,864,0.0,1.0,0.9244475785445991,0.8307068791598036,0.9080653364009263,0.9995574509620155,37,6,-0.17564503992347383
1.0,65,fresh_bandit_v2,deepfake_account_takeover|0.95|0.79|0.6|0.64|0.61|0.82|0.92,deepfake_account_takeover,-0.17377703382187984,0.9146159674835781,True,0.0,1.0,0.9386175248205689,12,False,0.0,0.0,-0.16,-0.03,0.0,0.0,-0.19,20260816,V2,full,20261725,20261593,72,20,6,72,72,0,72,864,0.0,1.0,0.9244475785445991,0.8307068791598036,0.9080653364009263,0.9995574509620155,37,6,-0.17564503992347383
1.0,66,fresh_bandit_v2,adaptive_card_testing|1.31|1.08|0.05|0.05|0.4|0.64|0.85,adaptive_card_testing,-0.18362638908619297,0.9664546794010156,True,0.0,1.0,0.8809384713079678,12,False,0.0,0.0,-0.16,-0.03,0.0,0.0,-0.19,20260816,V2,full,20261725,20261593,72,20,6,72,72,0,72,864,0.0,1.0,0.9244475785445991,0.8307068791598036,0.9080653364009263,0.9995574509620155,37,6,-0.17564503992347383
1.0,67,fresh_bandit_v2,agentic_intent_hijack|1.41|0.71|0.48|0.07|0.39|0.84|0.51,agentic_intent_hijack,-0.1643500537491386,0.8650002828902033,True,0.0,1.0,0.9336140215381782,12,False,0.0,0.0,-0.16,-0.03,0.0,0.0,-0.19,20260816,V2,full,20261725,20261593,72,20,6,72,72,0,72,864,0.0,1.0,0.9244475785445991,0.8307068791598036,0.9080653364009263,0.9995574509620155,37,6,-0.17564503992347383
1.0,68,fresh_bandit_v2,deepfake_account_takeover|1.13|0.52|0.94|0.63|0.5|0.51|0.67,deepfake_account_takeover,-0.17011483016032197,0.8953412113701157,True,0.0,1.0,0.9428967936599549,12,False,0.0,0.0,-0.16,-0.03,0.0,0.0,-0.19,20260816,V2,full,20261725,20261593,72,20,6,72,72,0,72,864,0.0,1.0,0.9244475785445991,0.8307068791598036,0.9080653364009263,0.9995574509620155,37,6,-0.17564503992347383
1.0,69,fresh_bandit_v2,synthetic_identity_bustout|1.74|0.73|0.05|0.34|0.52|0.62|0.86,synthetic_identity_bustout,-0.1802809518514166,0.9488471150074558,True,0.0,1.0,0.9196977301289045,12,False,0.0,0.0,-0.16,-0.03,0.0,0.0,-0.19,20260816,V2,full,20261725,20261593,72,20,6,72,72,0,72,864,0.0,1.0,0.9244475785445991,0.8307068791598036,0.9080653364009263,0.9995574509620155,37,6,-0.17564503992347383
1.0,70,fresh_bandit_v2,ai_app_scam_mule|1.72|1.7|0.3|0.91|0.29|0.75|0.6,ai_app_scam_mule,-0.16893203339127486,0.889115965217236,True,0.0,1.0,0.9305854319770729,12,False,0.0,0.0,-0.16,-0.03,0.0,0.0,-0.19,20260816,V2,full,20261725,20261593,72,20,6,72,72,0,72,864,0.0,1.0,0.9244475785445991,0.8307068791598036,0.9080653364009263,0.9995574509620155,37,6,-0.17564503992347383
1.0,71,fresh_bandit_v2,ai_app_scam_mule|0.77|0.49|0.13|0.98|0.25|0.48|0.5,ai_app_scam_mule,-0.16807856,0.884624,True,0.0,1.0,0.940309361879807,12,False,0.0,0.0,-0.16,-0.03,0.0,0.0,-0.19,20260816,V2,full,20261725,20261593,72,20,6,72,72,0,72,864,0.0,1.0,0.9244475785445991,0.8307068791598036,0.9080653364009263,0.9995574509620155,37,6,-0.17564503992347383
